2026-07-27 00:00:00.005 | DEBUG    | stock_bot.live.runner:_send_cost_report:445 - claude_code 백엔드 — API 비용 리포트 생략
2026-07-27 00:00:00.185 | INFO     | stock_bot.live.runner:_is_trading_day:506 - 거래일 판정 2026-07-27 → 거래일 (출처: exchange_calendars)
2026-07-27 00:00:00.461 | INFO     | stock_bot.news.crawler:fetch_naver_news:165 - news relevance filter: 2 → 0 (제외 2건) [078930]
2026-07-27 00:00:00.462 | INFO     | stock_bot.news.crawler:fetch_naver_news:170 - fetched 0 news items for 078930
2026-07-27 00:00:00.464 | DEBUG    | stock_bot.live.runner:_news_tick:624 - news 078930 new=0/0 (모두 중복)
2026-07-27 00:00:01.420 | INFO     | stock_bot.news.crawler:fetch_naver_news:165 - news relevance filter: 39 → 0 (제외 39건) [010950]
2026-07-27 00:00:01.421 | INFO     | stock_bot.news.crawler:fetch_naver_news:170 - fetched 0 news items for 010950
2026-07-27 00:00:01.422 | DEBUG    | stock_bot.live.runner:_news_tick:624 - news 010950 new=0/0 (모두 중복)
2026-07-27 00:05:00.524 | DEBUG    | stock_bot.live.backup:_export_logs:182 - backup: bot 로그 2026-07-26 추출 17KB
2026-07-27 00:05:05.775 | DEBUG    | stock_bot.live.backup:_export_logs:182 - backup: web 로그 2026-07-26 추출 68KB
2026-07-27 00:05:07.028 | DEBUG    | stock_bot.live.backup:_git_push:265 - backup: origin 정렬됨(behind=0) → reset 생략, 바로 push
2026-07-27 00:05:09.188 | INFO     | stock_bot.live.backup:run_backup:344 - backup 완료: trades=61 reviews=65 news=0 log=85KB → git push
2026-07-27 01:00:00.294 | INFO     | stock_bot.news.crawler:fetch_naver_news:165 - news relevance filter: 2 → 0 (제외 2건) [078930]
2026-07-27 01:00:00.295 | INFO     | stock_bot.news.crawler:fetch_naver_news:170 - fetched 0 news items for 078930
2026-07-27 01:00:00.296 | DEBUG    | stock_bot.live.runner:_news_tick:624 - news 078930 new=0/0 (모두 중복)
2026-07-27 01:00:01.273 | INFO     | stock_bot.news.crawler:fetch_naver_news:165 - news relevance filter: 39 → 0 (제외 39건) [010950]
2026-07-27 01:00:01.274 | INFO     | stock_bot.news.crawler:fetch_naver_news:170 - fetched 0 news items for 010950
2026-07-27 01:00:01.276 | DEBUG    | stock_bot.live.runner:_news_tick:624 - news 010950 new=0/0 (모두 중복)
2026-07-27 02:00:00.294 | INFO     | stock_bot.news.crawler:fetch_naver_news:165 - news relevance filter: 2 → 0 (제외 2건) [078930]
2026-07-27 02:00:00.294 | INFO     | stock_bot.news.crawler:fetch_naver_news:170 - fetched 0 news items for 078930
2026-07-27 02:00:00.296 | DEBUG    | stock_bot.live.runner:_news_tick:624 - news 078930 new=0/0 (모두 중복)
2026-07-27 02:00:01.233 | INFO     | stock_bot.news.crawler:fetch_naver_news:165 - news relevance filter: 39 → 0 (제외 39건) [010950]
2026-07-27 02:00:01.234 | INFO     | stock_bot.news.crawler:fetch_naver_news:170 - fetched 0 news items for 010950
2026-07-27 02:00:01.236 | DEBUG    | stock_bot.live.runner:_news_tick:624 - news 010950 new=0/0 (모두 중복)
2026-07-27 03:00:00.290 | INFO     | stock_bot.news.crawler:fetch_naver_news:165 - news relevance filter: 2 → 0 (제외 2건) [078930]
2026-07-27 03:00:00.292 | INFO     | stock_bot.news.crawler:fetch_naver_news:170 - fetched 0 news items for 078930
2026-07-27 03:00:00.293 | DEBUG    | stock_bot.live.runner:_news_tick:624 - news 078930 new=0/0 (모두 중복)
2026-07-27 03:00:01.274 | INFO     | stock_bot.news.crawler:fetch_naver_news:165 - news relevance filter: 39 → 0 (제외 39건) [010950]
2026-07-27 03:00:01.275 | INFO     | stock_bot.news.crawler:fetch_naver_news:170 - fetched 0 news items for 010950
2026-07-27 03:00:01.276 | DEBUG    | stock_bot.live.runner:_news_tick:624 - news 010950 new=0/0 (모두 중복)
2026-07-27 04:00:00.297 | INFO     | stock_bot.news.crawler:fetch_naver_news:165 - news relevance filter: 2 → 0 (제외 2건) [078930]
2026-07-27 04:00:00.298 | INFO     | stock_bot.news.crawler:fetch_naver_news:170 - fetched 0 news items for 078930
2026-07-27 04:00:00.300 | DEBUG    | stock_bot.live.runner:_news_tick:624 - news 078930 new=0/0 (모두 중복)
2026-07-27 04:00:11.086 | DEBUG    | stock_bot.news.crawler:fetch_naver_news:139 - naver news fetch attempt 1/3 failed for 010950: The read operation timed out
2026-07-27 04:00:20.598 | DEBUG    | stock_bot.news.crawler:fetch_naver_news:139 - naver news fetch attempt 2/3 failed for 010950: [Errno -3] Temporary failure in name resolution
2026-07-27 04:00:26.111 | DEBUG    | stock_bot.news.crawler:fetch_naver_news:139 - naver news fetch attempt 3/3 failed for 010950: [Errno -3] Temporary failure in name resolution
2026-07-27 04:00:26.112 | WARNING  | stock_bot.live.runner:_news_tick:669 - news crawl failed for 010950: [Errno -3] Temporary failure in name resolution
2026-07-27 05:00:00.287 | INFO     | stock_bot.news.crawler:fetch_naver_news:165 - news relevance filter: 2 → 0 (제외 2건) [078930]
2026-07-27 05:00:00.288 | INFO     | stock_bot.news.crawler:fetch_naver_news:170 - fetched 0 news items for 078930
2026-07-27 05:00:00.290 | DEBUG    | stock_bot.live.runner:_news_tick:624 - news 078930 new=0/0 (모두 중복)
2026-07-27 05:00:01.306 | INFO     | stock_bot.news.crawler:fetch_naver_news:165 - news relevance filter: 39 → 0 (제외 39건) [010950]
2026-07-27 05:00:01.307 | INFO     | stock_bot.news.crawler:fetch_naver_news:170 - fetched 0 news items for 010950
2026-07-27 05:00:01.309 | DEBUG    | stock_bot.live.runner:_news_tick:624 - news 010950 new=0/0 (모두 중복)
2026-07-27 06:00:00.285 | INFO     | stock_bot.news.crawler:fetch_naver_news:165 - news relevance filter: 2 → 0 (제외 2건) [078930]
2026-07-27 06:00:00.286 | INFO     | stock_bot.news.crawler:fetch_naver_news:170 - fetched 0 news items for 078930
2026-07-27 06:00:00.288 | DEBUG    | stock_bot.live.runner:_news_tick:624 - news 078930 new=0/0 (모두 중복)
2026-07-27 06:00:01.219 | INFO     | stock_bot.news.crawler:fetch_naver_news:165 - news relevance filter: 40 → 0 (제외 40건) [010950]
2026-07-27 06:00:01.220 | INFO     | stock_bot.news.crawler:fetch_naver_news:170 - fetched 0 news items for 010950
2026-07-27 06:00:01.222 | DEBUG    | stock_bot.live.runner:_news_tick:624 - news 010950 new=0/0 (모두 중복)
2026-07-27 07:00:00.780 | INFO     | stock_bot.news.crawler:fetch_naver_news:165 - news relevance filter: 2 → 0 (제외 2건) [078930]
2026-07-27 07:00:00.781 | INFO     | stock_bot.news.crawler:fetch_naver_news:170 - fetched 0 news items for 078930
2026-07-27 07:00:00.783 | DEBUG    | stock_bot.live.runner:_news_tick:624 - news 078930 new=0/0 (모두 중복)
2026-07-27 07:00:01.838 | INFO     | stock_bot.news.crawler:fetch_naver_news:165 - news relevance filter: 41 → 0 (제외 41건) [010950]
2026-07-27 07:00:01.839 | INFO     | stock_bot.news.crawler:fetch_naver_news:170 - fetched 0 news items for 010950
2026-07-27 07:00:01.841 | DEBUG    | stock_bot.live.runner:_news_tick:624 - news 010950 new=0/0 (모두 중복)
2026-07-27 08:00:00.714 | INFO     | stock_bot.news.crawler:fetch_naver_news:165 - news relevance filter: 2 → 0 (제외 2건) [078930]
2026-07-27 08:00:00.730 | INFO     | stock_bot.news.crawler:fetch_naver_news:170 - fetched 0 news items for 078930
2026-07-27 08:00:00.733 | DEBUG    | stock_bot.live.runner:_news_tick:624 - news 078930 new=0/0 (모두 중복)
2026-07-27 08:00:01.827 | INFO     | stock_bot.news.crawler:fetch_naver_news:165 - news relevance filter: 41 → 0 (제외 41건) [010950]
2026-07-27 08:00:01.828 | INFO     | stock_bot.news.crawler:fetch_naver_news:170 - fetched 0 news items for 010950
2026-07-27 08:00:01.830 | DEBUG    | stock_bot.live.runner:_news_tick:624 - news 010950 new=0/0 (모두 중복)
2026-07-27 08:02:35.303 | INFO     | stock_bot.live.runner:_reload_env_if_changed:430 - .env 변경 감지, 핫리로드[스톡봇]: trade_symbols: 078930,010950 → 078930,096770
2026-07-27 09:00:00.390 | INFO     | stock_bot.news.crawler:fetch_naver_news:165 - news relevance filter: 2 → 0 (제외 2건) [078930]
2026-07-27 09:00:00.392 | INFO     | stock_bot.news.crawler:fetch_naver_news:170 - fetched 0 news items for 078930
2026-07-27 09:00:00.393 | DEBUG    | stock_bot.live.runner:_news_tick:624 - news 078930 new=0/0 (모두 중복)
2026-07-27 09:00:03.673 | INFO     | stock_bot.live.runner:_tick:1256 - 078930 GS [ensemble] HOLD score=+0.00 B0/S0 | 현재가 95,300원 | 손절 -4.00%(ATR)
    VWAP 워밍업 중 (1/8봉)
    VWAP 수집중 (0/5봉)
    ST 하락추세 ─홀드 (+0.000)
    RSI 35.9 (기준 30/74) ─홀드 (+0.000)
    BB 93,918~101,022원 현재 95,300원 ─홀드 (+0.000)  ← 하단근접 [─●────────] 19%
    DC  ─홀드  ← 미보유 또는 청산 조건 미해당 (+0.000)
2026-07-27 09:00:03.749 | INFO     | stock_bot.news.crawler:fetch_naver_news:165 - news relevance filter: 38 → 14 (제외 24건) [096770]
2026-07-27 09:00:03.750 | INFO     | stock_bot.news.crawler:fetch_naver_news:170 - fetched 14 news items for 096770
2026-07-27 09:00:05.393 | INFO     | stock_bot.live.runner:_tick:1256 - 096770 SK이노베이션 [ensemble] HOLD score=+0.00 B0/S0 | 현재가 130,100원 | 손절 -4.00%(ATR)
    VWAP 워밍업 중 (1/8봉)
    VWAP 수집중 (0/5봉)
    ST 하락추세 ─홀드 (+0.000)
    RSI 45.9 (기준 30/74) ─홀드 (+0.000)
    BB 128,079~133,511원 현재 130,100원 ─홀드 (+0.000)  ← 중간 [───●──────] 37%
    DC  ─홀드  ← 미보유 또는 청산 조건 미해당 (+0.000)
2026-07-27 09:00:16.112 | INFO     | stock_bot.live.runner:_news_tick:663 - news 096770 new=8/14 critical=0 llm_batch=1
2026-07-27 09:05:00.335 | INFO     | stock_bot.news.crawler:fetch_naver_news:165 - news relevance filter: 2 → 0 (제외 2건) [078930]
2026-07-27 09:05:00.336 | INFO     | stock_bot.news.crawler:fetch_naver_news:170 - fetched 0 news items for 078930
2026-07-27 09:05:00.337 | DEBUG    | stock_bot.live.runner:_news_tick:624 - news 078930 new=0/0 (모두 중복)
2026-07-27 09:05:00.644 | INFO     | stock_bot.news.crawler:fetch_naver_news:170 - fetched 3 news items for 096770
2026-07-27 09:05:00.664 | DEBUG    | stock_bot.live.runner:_news_tick:624 - news 096770 new=0/3 (모두 중복)
2026-07-27 09:05:01.505 | INFO     | stock_bot.live.runner:_tick:1256 - 078930 GS [ensemble] HOLD score=+0.00 B0/S0 | 현재가 94,500원 | 손절 -4.00%(ATR)
    VWAP 워밍업 중 (2/8봉)
    VWAP 수집중 (0/5봉)
    ST 하락추세 ─홀드 (+0.000)
    RSI 33.3 (기준 30/74) ─홀드 (+0.000)
    BB 93,349~101,041원 현재 94,500원 ─홀드 (+0.000)  ← 하단근접 [─●────────] 15%
    DC  ─홀드  ← 미보유 또는 청산 조건 미해당 (+0.000)
    거래량  15주  MA25대비 0.02x  [거래 저조 (≤0.7x)]  ← 필터 활성 중 (봉 부족 135/26)
2026-07-27 09:05:02.570 | INFO     | stock_bot.live.runner:_tick:1256 - 096770 SK이노베이션 [ensemble] HOLD score=+0.26 B1/S0 | 현재가 123,100원 | 손절 -4.00%(ATR)
    VWAP 워밍업 중 (2/8봉)
    VWAP 수집중 (0/5봉)
    ST 하락추세 ─홀드 (+0.000)
    RSI 24.5 (기준 30/74) ▲매수 (+0.235)
    BB 124,612~135,338원 현재 123,100원 ─홀드 (+0.000)  ← 하단근접 [●──────────] -14%
    DC  ─홀드  ← 미보유 또는 청산 조건 미해당 (+0.000)
    거래량  360주  MA25대비 0.12x  [거래 저조 (≤0.7x)]  ← 필터 활성 중 (봉 부족 135/26)
    뉴스  bias=+0.020 (8건)
2026-07-27 09:10:00.298 | INFO     | stock_bot.news.crawler:fetch_naver_news:165 - news relevance filter: 2 → 0 (제외 2건) [078930]
2026-07-27 09:10:00.300 | INFO     | stock_bot.news.crawler:fetch_naver_news:170 - fetched 0 news items for 078930
2026-07-27 09:10:00.301 | DEBUG    | stock_bot.live.runner:_news_tick:624 - news 078930 new=0/0 (모두 중복)
2026-07-27 09:10:00.589 | INFO     | stock_bot.news.crawler:fetch_naver_news:170 - fetched 4 news items for 096770
2026-07-27 09:10:00.626 | DEBUG    | stock_bot.live.runner:_news_tick:624 - news 096770 new=0/4 (모두 중복)
2026-07-27 09:10:01.708 | INFO     | stock_bot.live.runner:_tick:1256 - 078930 GS [ensemble] HOLD score=+0.24 B1/S0 | 현재가 92,900원 | 손절 -4.00%(ATR)
    VWAP 워밍업 중 (3/8봉)
    VWAP 수집중 (0/5봉)
    ST 하락추세 ─홀드 (+0.000)
    RSI 26.6 (기준 30/74) ▲매수 (+0.235)
    BB 92,416~101,224원 현재 92,900원 ─홀드 (+0.000)  ← 하단근접 [●─────────] 5%
    DC  ─홀드  ← 미보유 또는 청산 조건 미해당 (+0.000)
    거래량  MA1(봉부족,설정25)대비 1.00x  〰(neutral) (+0.0000)  ← 임계 미달 (기준 ≥1.2/≤0.7x) → 중립
2026-07-27 09:10:02.575 | INFO     | stock_bot.live.runner:_tick:1256 - 096770 SK이노베이션 [ensemble] HOLD score=+0.26 B1/S0 | 현재가 123,600원 | 손절 -4.00%(ATR)
    VWAP 워밍업 중 (3/8봉)
    VWAP 수집중 (0/5봉)
    ST 하락추세 ─홀드 (+0.000)
    RSI 27.0 (기준 30/74) ▲매수 (+0.235)
    BB 123,738~135,372원 현재 123,600원 ─홀드 (+0.000)  ← 하단근접 [●─────────] -1%
    DC  ─홀드  ← 미보유 또는 청산 조건 미해당 (+0.000)
    거래량  MA1(봉부족,설정25)대비 1.00x  〰(neutral) (+0.0000)  ← 임계 미달 (기준 ≥1.2/≤0.7x) → 중립
    뉴스  bias=+0.020 (8건)
2026-07-27 09:15:00.355 | INFO     | stock_bot.news.crawler:fetch_naver_news:165 - news relevance filter: 2 → 0 (제외 2건) [078930]
2026-07-27 09:15:00.356 | INFO     | stock_bot.news.crawler:fetch_naver_news:170 - fetched 0 news items for 078930
2026-07-27 09:15:00.357 | DEBUG    | stock_bot.live.runner:_news_tick:624 - news 078930 new=0/0 (모두 중복)
2026-07-27 09:15:00.674 | INFO     | stock_bot.news.crawler:fetch_naver_news:170 - fetched 4 news items for 096770
2026-07-27 09:15:00.712 | DEBUG    | stock_bot.live.runner:_news_tick:624 - news 096770 new=0/4 (모두 중복)
2026-07-27 09:15:01.474 | INFO     | stock_bot.live.runner:_tick:1256 - 078930 GS [ensemble] HOLD score=+0.00 B0/S0 | 현재가 93,500원 | 손절 -4.00%(ATR)
    VWAP 워밍업 중 (4/8봉)
    VWAP 수집중 (0/5봉)
    ST 하락추세 ─홀드 (+0.000)
    RSI 30.5 (기준 30/74) ─홀드 (+0.000)
    BB 92,142~101,028원 현재 93,500원 ─홀드 (+0.000)  ← 하단근접 [─●────────] 15%
    DC  ─홀드  ← 미보유 또는 청산 조건 미해당 (+0.000)
    거래량  MA2(봉부족,설정25)대비 0.41x  〰(neutral) (+0.0000)  ← 임계 미달 (기준 ≥1.2/≤0.7x) → 중립
2026-07-27 09:15:02.489 | INFO     | stock_bot.live.runner:_tick:1256 - 096770 SK이노베이션 [ensemble] HOLD score=+0.02 B0/S0 | 현재가 124,500원 | 손절 -4.00%(ATR)
    VWAP 워밍업 중 (4/8봉)
    VWAP 수집중 (0/5봉)
    ST 하락추세 ─홀드 (+0.000)
    RSI 31.9 (기준 30/74) ─홀드 (+0.000)
    BB 123,368~135,022원 현재 124,500원 ─홀드 (+0.000)  ← 하단근접 [●─────────] 10%
    DC  ─홀드  ← 미보유 또는 청산 조건 미해당 (+0.000)
    거래량  MA2(봉부족,설정25)대비 0.83x  〰(neutral) (+0.0000)  ← 임계 미달 (기준 ≥1.2/≤0.7x) → 중립
    뉴스  bias=+0.020 (8건)
2026-07-27 09:20:00.292 | INFO     | stock_bot.news.crawler:fetch_naver_news:165 - news relevance filter: 2 → 0 (제외 2건) [078930]
2026-07-27 09:20:00.293 | INFO     | stock_bot.news.crawler:fetch_naver_news:170 - fetched 0 news items for 078930
2026-07-27 09:20:00.294 | DEBUG    | stock_bot.live.runner:_news_tick:624 - news 078930 new=0/0 (모두 중복)
2026-07-27 09:20:00.552 | INFO     | stock_bot.news.crawler:fetch_naver_news:170 - fetched 4 news items for 096770
2026-07-27 09:20:00.590 | DEBUG    | stock_bot.live.runner:_news_tick:624 - news 096770 new=0/4 (모두 중복)
2026-07-27 09:20:01.463 | INFO     | stock_bot.live.runner:_tick:1256 - 078930 GS [ensemble] HOLD score=+0.00 B0/S0 | 현재가 95,900원 | 손절 -4.00%(ATR)
    VWAP 워밍업 중 (5/8봉)
    VWAP 수집중 (0/5봉)
    ST 하락추세 ─홀드 (+0.000)
    RSI 46.0 (기준 30/74) ─홀드 (+0.000)
    BB 92,487~100,603원 현재 95,900원 ─홀드 (+0.000)  ← 중간 [────●─────] 42%
    DC  ─홀드  ← 미보유 또는 청산 조건 미해당 (+0.000)
    거래량  MA3(봉부족,설정25)대비 1.00x  〰(neutral) (+0.0000)  ← 임계 미달 (기준 ≥1.2/≤0.7x) → 중립
2026-07-27 09:20:02.747 | INFO     | stock_bot.live.runner:_tick:1256 - 096770 SK이노베이션 [ensemble] HOLD score=+0.02 B0/S0 | 현재가 123,900원 | 손절 -4.00%(ATR)
    VWAP 워밍업 중 (5/8봉)
    VWAP 수집중 (0/5봉)
    ST 하락추세 ─홀드 (+0.000)
    RSI 30.9 (기준 30/74) ─홀드 (+0.000)
    BB 122,540~134,940원 현재 123,900원 ─홀드 (+0.000)  ← 하단근접 [─●────────] 11%
    DC  ─홀드  ← 미보유 또는 청산 조건 미해당 (+0.000)
    거래량  MA3(봉부족,설정25)대비 0.70x  〰(neutral) (+0.0000)  ← 임계 미달 (기준 ≥1.2/≤0.7x) → 중립
    뉴스  bias=+0.020 (8건)
2026-07-27 09:25:00.322 | INFO     | stock_bot.news.crawler:fetch_naver_news:165 - news relevance filter: 2 → 0 (제외 2건) [078930]
2026-07-27 09:25:00.323 | INFO     | stock_bot.news.crawler:fetch_naver_news:170 - fetched 0 news items for 078930
2026-07-27 09:25:00.325 | DEBUG    | stock_bot.live.runner:_news_tick:624 - news 078930 new=0/0 (모두 중복)
2026-07-27 09:25:00.672 | INFO     | stock_bot.news.crawler:fetch_naver_news:170 - fetched 4 news items for 096770
2026-07-27 09:25:00.710 | DEBUG    | stock_bot.live.runner:_news_tick:624 - news 096770 new=0/4 (모두 중복)
2026-07-27 09:25:01.474 | INFO     | stock_bot.live.runner:_tick:1256 - 078930 GS [ensemble] HOLD score=+0.00 B0/S0 | 현재가 95,400원 | 손절 -4.00%(ATR)
    VWAP 워밍업 중 (6/8봉)
    VWAP 수집중 (0/5봉)
    ST 하락추세 ─홀드 (+0.000)
    RSI 43.9 (기준 30/74) ─홀드 (+0.000)
    BB 92,481~100,149원 현재 95,400원 ─홀드 (+0.000)  ← 중간 [───●──────] 38%
    DC  ─홀드  ← 미보유 또는 청산 조건 미해당 (+0.000)
    거래량  MA4(봉부족,설정25)대비 0.78x  〰(neutral) (+0.0000)  ← 임계 미달 (기준 ≥1.2/≤0.7x) → 중립
2026-07-27 09:25:02.501 | INFO     | stock_bot.live.runner:_tick:1256 - 096770 SK이노베이션 [ensemble] HOLD score=+0.02 B0/S0 | 현재가 124,000원 | 손절 -4.00%(ATR)
    VWAP 워밍업 중 (6/8봉)
    VWAP 수집중 (0/5봉)
    ST 하락추세 ─홀드 (+0.000)
    RSI 32.2 (기준 30/74) ─홀드 (+0.000)
    BB 122,112~134,558원 현재 124,000원 ─홀드 (+0.000)  ← 하단근접 [─●────────] 15%
    DC  ─홀드  ← 미보유 또는 청산 조건 미해당 (+0.000)
    거래량  MA4(봉부족,설정25)대비 1.06x  〰(neutral) (+0.0000)  ← 임계 미달 (기준 ≥1.2/≤0.7x) → 중립
    뉴스  bias=+0.020 (8건)
2026-07-27 09:30:00.317 | INFO     | stock_bot.news.crawler:fetch_naver_news:165 - news relevance filter: 2 → 0 (제외 2건) [078930]
2026-07-27 09:30:00.320 | INFO     | stock_bot.news.crawler:fetch_naver_news:170 - fetched 0 news items for 078930
2026-07-27 09:30:00.322 | DEBUG    | stock_bot.live.runner:_news_tick:624 - news 078930 new=0/0 (모두 중복)
2026-07-27 09:30:00.652 | INFO     | stock_bot.news.crawler:fetch_naver_news:170 - fetched 5 news items for 096770
2026-07-27 09:30:00.715 | DEBUG    | stock_bot.live.runner:_news_tick:624 - news 096770 new=0/5 (모두 중복)
2026-07-27 09:30:02.663 | INFO     | stock_bot.live.runner:_tick:1256 - 078930 GS [ensemble] HOLD score=+0.00 B0/S0 | 현재가 95,400원 | 손절 -4.00%(ATR)
    VWAP 워밍업 중 (7/8봉)
    VWAP 수집중 (0/5봉)
    ST 하락추세 ─홀드 (+0.000)
    RSI 44.0 (기준 30/74) ─홀드 (+0.000)
    BB 92,537~99,703원 현재 95,400원 ─홀드 (+0.000)  ← 중간 [───●──────] 40%
    DC  ─홀드  ← 미보유 또는 청산 조건 미해당 (+0.000)
    거래량  MA5(봉부족,설정25)대비 0.66x  〰(neutral) (+0.0000)  ← 임계 미달 (기준 ≥1.2/≤0.7x) → 중립
2026-07-27 09:30:04.650 | INFO     | stock_bot.live.runner:_tick:1256 - 096770 SK이노베이션 [ensemble] HOLD score=+0.23 B1/S0 | 현재가 124,900원 | 손절 -4.00%(ATR)
    VWAP 워밍업 중 (7/8봉)
    VWAP 수집중 (0/5봉)
    ST 하락추세 ─홀드 (+0.000)
    RSI 35.5 (기준 30/74) ─홀드 (+0.000)
    BB 121,979~134,021원 현재 124,900원 ▲매수 (+0.212)
    DC  ─홀드  ← 미보유 또는 청산 조건 미해당 (+0.000)
    거래량  MA5(봉부족,설정25)대비 0.74x  〰(neutral) (+0.0000)  ← 임계 미달 (기준 ≥1.2/≤0.7x) → 중립
    뉴스  bias=+0.020 (8건)
2026-07-27 09:35:00.311 | INFO     | stock_bot.news.crawler:fetch_naver_news:165 - news relevance filter: 2 → 0 (제외 2건) [078930]
2026-07-27 09:35:00.312 | INFO     | stock_bot.news.crawler:fetch_naver_news:170 - fetched 0 news items for 078930
2026-07-27 09:35:00.313 | DEBUG    | stock_bot.live.runner:_news_tick:624 - news 078930 new=0/0 (모두 중복)
2026-07-27 09:35:00.573 | INFO     | stock_bot.news.crawler:fetch_naver_news:170 - fetched 8 news items for 096770
2026-07-27 09:35:00.655 | DEBUG    | stock_bot.live.runner:_news_tick:624 - news 096770 new=0/8 (모두 중복)
2026-07-27 09:35:02.668 | INFO     | stock_bot.live.runner:_tick:1256 - 078930 GS [ensemble] HOLD score=+0.00 B0/S0 | 현재가 94,300원 | 손절 -4.00%(ATR)
    VWAP 수집중 (0/5봉)
    ST 하락추세 ─홀드 (+0.000)
    RSI 39.7 (기준 30/74) ─홀드 (+0.000)
    BB 92,363~99,297원 현재 94,300원 ─홀드 (+0.000)  ← 중간 [──●───────] 28%
    DC  ─홀드  ← 미보유 또는 청산 조건 미해당 (+0.000)
    거래량  MA6(봉부족,설정25)대비 1.04x  〰(neutral) (+0.0000)  ← 임계 미달 (기준 ≥1.2/≤0.7x) → 중립
2026-07-27 09:35:04.572 | INFO     | stock_bot.live.runner:_tick:1256 - 096770 SK이노베이션 [ensemble] HOLD score=+0.02 B0/S0 | 현재가 124,000원 | 손절 -4.00%(ATR)
    VWAP 수집중 (0/5봉)
    ST 하락추세 ─홀드 (+0.000)
    RSI 32.9 (기준 30/74) ─홀드 (+0.000)
    BB 121,481~133,639원 현재 124,000원 ─홀드 (+0.000)  ← 하단근접 [──●───────] 21%
    DC  ─홀드  ← 미보유 또는 청산 조건 미해당 (+0.000)
    거래량  MA6(봉부족,설정25)대비 0.56x  〰(neutral) (+0.0000)  ← 임계 미달 (기준 ≥1.2/≤0.7x) → 중립
    뉴스  bias=+0.020 (8건)
2026-07-27 09:40:00.313 | INFO     | stock_bot.news.crawler:fetch_naver_news:165 - news relevance filter: 2 → 0 (제외 2건) [078930]
2026-07-27 09:40:00.314 | INFO     | stock_bot.news.crawler:fetch_naver_news:170 - fetched 0 news items for 078930
2026-07-27 09:40:00.316 | DEBUG    | stock_bot.live.runner:_news_tick:624 - news 078930 new=0/0 (모두 중복)
2026-07-27 09:40:00.651 | INFO     | stock_bot.news.crawler:fetch_naver_news:170 - fetched 8 news items for 096770
2026-07-27 09:40:00.754 | DEBUG    | stock_bot.live.runner:_news_tick:624 - news 096770 new=0/8 (모두 중복)
2026-07-27 09:40:02.603 | INFO     | stock_bot.live.runner:_tick:1256 - 078930 GS [ensemble] HOLD score=+0.00 B0/S0 | 현재가 94,700원 | 손절 -4.00%(ATR)
    VWAP 수집중 (1/5봉)
    ST 하락추세 ─홀드 (+0.000)
    RSI 41.9 (기준 30/74) ─홀드 (+0.000)
    BB 92,445~98,845원 현재 94,700원 ─홀드 (+0.000)  ← 중간 [───●──────] 35%
    DC  ─홀드  ← 미보유 또는 청산 조건 미해당 (+0.000)
    거래량  MA7(봉부족,설정25)대비 0.21x  〰(neutral) (+0.0000)  ← 임계 미달 (기준 ≥1.2/≤0.7x) → 중립
2026-07-27 09:40:04.635 | INFO     | stock_bot.live.runner:_tick:1256 - 096770 SK이노베이션 [ensemble] HOLD score=+0.02 B0/S0 | 현재가 123,500원 | 손절 -4.00%(ATR)
    VWAP 수집중 (1/5봉)
    ST 하락추세 ─홀드 (+0.000)
    RSI 31.8 (기준 30/74) ─홀드 (+0.000)
    BB 121,008~133,292원 현재 123,500원 ─홀드 (+0.000)  ← 하단근접 [──●───────] 20%
    DC  ─홀드  ← 미보유 또는 청산 조건 미해당 (+0.000)
    거래량  MA7(봉부족,설정25)대비 0.39x  〰(neutral) (+0.0000)  ← 임계 미달 (기준 ≥1.2/≤0.7x) → 중립
    뉴스  bias=+0.020 (8건)
2026-07-27 09:45:00.291 | INFO     | stock_bot.news.crawler:fetch_naver_news:165 - news relevance filter: 2 → 0 (제외 2건) [078930]
2026-07-27 09:45:00.292 | INFO     | stock_bot.news.crawler:fetch_naver_news:170 - fetched 0 news items for 078930
2026-07-27 09:45:00.293 | DEBUG    | stock_bot.live.runner:_news_tick:624 - news 078930 new=0/0 (모두 중복)
2026-07-27 09:45:00.593 | INFO     | stock_bot.news.crawler:fetch_naver_news:165 - news relevance filter: 11 → 10 (제외 1건) [096770]
2026-07-27 09:45:00.594 | INFO     | stock_bot.news.crawler:fetch_naver_news:170 - fetched 10 news items for 096770
2026-07-27 09:45:03.614 | INFO     | stock_bot.live.runner:_tick:1256 - 078930 GS [ensemble] HOLD score=+0.00 B0/S0 | 현재가 94,900원 | 손절 -4.00%(ATR)
    VWAP 수집중 (2/5봉)
    ST 하락추세 ─홀드 (+0.000)
    RSI 43.0 (기준 30/74) ─홀드 (+0.000)
    BB 92,595~98,325원 현재 94,900원 ─홀드 (+0.000)  ← 중간 [────●─────] 40%
    DC  ─홀드  ← 미보유 또는 청산 조건 미해당 (+0.000)
    거래량  MA8(봉부족,설정25)대비 0.38x  〰(neutral) (+0.0000)  ← 임계 미달 (기준 ≥1.2/≤0.7x) → 중립
2026-07-27 09:45:05.750 | INFO     | stock_bot.live.runner:_tick:1256 - 096770 SK이노베이션 [ensemble] HOLD score=+0.02 B0/S0 | 현재가 123,400원 | 손절 -4.00%(ATR)
    VWAP 수집중 (2/5봉)
    ST 하락추세 ─홀드 (+0.000)
    RSI 31.5 (기준 30/74) ─홀드 (+0.000)
    BB 120,639~132,931원 현재 123,400원 ─홀드 (+0.000)  ← 하단근접 [──●───────] 22%
    DC  ─홀드  ← 미보유 또는 청산 조건 미해당 (+0.000)
    거래량  MA8(봉부족,설정25)대비 0.82x  〰(neutral) (+0.0000)  ← 임계 미달 (기준 ≥1.2/≤0.7x) → 중립
    뉴스  bias=+0.020 (8건)
2026-07-27 09:45:16.798 | INFO     | stock_bot.live.runner:_news_tick:663 - news 096770 new=1/10 critical=0 llm_batch=1
2026-07-27 09:50:00.353 | INFO     | stock_bot.news.crawler:fetch_naver_news:165 - news relevance filter: 2 → 0 (제외 2건) [078930]
2026-07-27 09:50:00.365 | INFO     | stock_bot.news.crawler:fetch_naver_news:170 - fetched 0 news items for 078930
2026-07-27 09:50:00.367 | DEBUG    | stock_bot.live.runner:_news_tick:624 - news 078930 new=0/0 (모두 중복)
2026-07-27 09:50:00.696 | INFO     | stock_bot.news.crawler:fetch_naver_news:170 - fetched 5 news items for 096770
2026-07-27 09:50:00.782 | DEBUG    | stock_bot.live.runner:_news_tick:624 - news 096770 new=0/5 (모두 중복)
2026-07-27 09:50:02.869 | INFO     | stock_bot.live.runner:_tick:1256 - 078930 GS [ensemble] HOLD score=+0.00 B0/S0 | 현재가 94,800원 | 손절 -4.00%(ATR)
    VWAP 수집중 (3/5봉)
    ST 하락추세 ─홀드 (+0.000)
    RSI 42.5 (기준 30/74) ─홀드 (+0.000)
    BB 92,910~97,590원 현재 94,800원 ─홀드 (+0.000)  ← 중간 [────●─────] 40%
    DC  ─홀드  ← 미보유 또는 청산 조건 미해당 (+0.000)
    거래량  MA9(봉부족,설정25)대비 0.53x  〰(neutral) (+0.0000)  ← 임계 미달 (기준 ≥1.2/≤0.7x) → 중립
2026-07-27 09:50:04.926 | INFO     | stock_bot.live.runner:_tick:1256 - 096770 SK이노베이션 [ensemble] HOLD score=+0.25 B1/S0 | 현재가 122,400원 | 손절 -4.00%(ATR)
    VWAP 수집중 (3/5봉)
    ST 하락추세 ─홀드 (+0.000)
    RSI 29.3 (기준 30/74) ▲매수 (+0.235)
    BB 120,080~132,530원 현재 122,400원 ─홀드 (+0.000)  ← 하단근접 [─●────────] 19%
    DC  ─홀드  ← 미보유 또는 청산 조건 미해당 (+0.000)
    거래량  MA9(봉부족,설정25)대비 0.88x  〰(neutral) (+0.0000)  ← 임계 미달 (기준 ≥1.2/≤0.7x) → 중립
    뉴스  bias=+0.018 (9건)
2026-07-27 09:55:00.321 | INFO     | stock_bot.news.crawler:fetch_naver_news:165 - news relevance filter: 2 → 0 (제외 2건) [078930]
2026-07-27 09:55:00.322 | INFO     | stock_bot.news.crawler:fetch_naver_news:170 - fetched 0 news items for 078930
2026-07-27 09:55:00.324 | DEBUG    | stock_bot.live.runner:_news_tick:624 - news 078930 new=0/0 (모두 중복)
2026-07-27 09:55:00.652 | INFO     | stock_bot.news.crawler:fetch_naver_news:170 - fetched 9 news items for 096770
2026-07-27 09:55:00.745 | DEBUG    | stock_bot.live.runner:_news_tick:624 - news 096770 new=0/9 (모두 중복)
2026-07-27 09:55:02.735 | INFO     | stock_bot.live.runner:_tick:1256 - 078930 GS [ensemble] HOLD score=+0.00 B0/S0 | 현재가 95,400원 | 손절 -4.00%(ATR)
    VWAP 수집중 (4/5봉)
    ST 하락추세 ─홀드 (+0.000)
    RSI 46.0 (기준 30/74) ─홀드 (+0.000)
    BB 93,344~96,886원 현재 95,400원 ─홀드 (+0.000)  ← 중간 [─────●────] 58%
    DC  ─홀드  ← 미보유 또는 청산 조건 미해당 (+0.000)
    거래량  MA10(봉부족,설정25)대비 0.43x  〰(neutral) (+0.0000)  ← 임계 미달 (기준 ≥1.2/≤0.7x) → 중립
2026-07-27 09:55:04.604 | INFO     | stock_bot.live.runner:_tick:1256 - 096770 SK이노베이션 [ensemble] HOLD score=+0.35 B1/S0 | 현재가 121,900원 | 손절 -4.00%(ATR)
    VWAP 수집중 (4/5봉)
    ST 하락추세 ─홀드 (+0.000)
    RSI 28.6 (기준 30/74) ▲매수 (+0.235)
    BB 119,556~132,154원 현재 121,900원 ─홀드 (+0.000)  ← 하단근접 [─●────────] 19%
    DC  ─홀드  ← 미보유 또는 청산 조건 미해당 (+0.000)
    거래량  MA10(봉부족,설정25)대비 1.42x  ▲(boost) (+0.1000)  ← 점수 조정 +0.1000
    뉴스  bias=+0.018 (9건)
2026-07-27 10:00:00.296 | INFO     | stock_bot.news.crawler:fetch_naver_news:165 - news relevance filter: 2 → 0 (제외 2건) [078930]
2026-07-27 10:00:00.297 | INFO     | stock_bot.news.crawler:fetch_naver_news:170 - fetched 0 news items for 078930
2026-07-27 10:00:00.299 | DEBUG    | stock_bot.live.runner:_news_tick:624 - news 078930 new=0/0 (모두 중복)
2026-07-27 10:00:00.623 | INFO     | stock_bot.news.crawler:fetch_naver_news:170 - fetched 8 news items for 096770
2026-07-27 10:00:00.733 | DEBUG    | stock_bot.live.runner:_news_tick:624 - news 096770 new=0/8 (모두 중복)
2026-07-27 10:00:02.660 | INFO     | stock_bot.live.runner:_tick:1256 - 078930 GS [ensemble] HOLD score=+0.00 B0/S0 | 현재가 95,100원 | 손절 -4.00%(ATR)
    VWAP 94,991원 +0.11% ─홀드 (+0.000)
    ST 하락추세 ─홀드 (+0.000)
    RSI 44.4 (기준 30/74) ─홀드 (+0.000)
    BB 93,460~96,560원 현재 95,100원 ─홀드 (+0.000)  ← 중간 [─────●────] 53%
    DC  ─홀드  ← 미보유 또는 청산 조건 미해당 (+0.000)
    거래량  MA11(봉부족,설정25)대비 0.73x  〰(neutral) (+0.0000)  ← 임계 미달 (기준 ≥1.2/≤0.7x) → 중립
2026-07-27 10:00:05.100 | INFO     | stock_bot.broker.naver_index:regime_blocks:138 - naver_index: KOSPI 일봉 베어(20MA아래 & 10일모멘텀−) → 신규매수 차단
2026-07-27 10:00:05.153 | INFO     | stock_bot.live.runner:_tick:1084 - 096770 [레짐-차단] KOSPI 일봉 20MA아래 & 10일모멘텀− → 신규 매수 차단
2026-07-27 10:00:05.154 | INFO     | stock_bot.live.runner:_tick:1261 - 096770 [ensemble]: hold (bear-regime-block)
2026-07-27 10:05:00.300 | INFO     | stock_bot.news.crawler:fetch_naver_news:165 - news relevance filter: 2 → 0 (제외 2건) [078930]
2026-07-27 10:05:00.301 | INFO     | stock_bot.news.crawler:fetch_naver_news:170 - fetched 0 news items for 078930
2026-07-27 10:05:00.303 | DEBUG    | stock_bot.live.runner:_news_tick:624 - news 078930 new=0/0 (모두 중복)
2026-07-27 10:05:00.638 | INFO     | stock_bot.news.crawler:fetch_naver_news:170 - fetched 9 news items for 096770
2026-07-27 10:05:00.735 | DEBUG    | stock_bot.live.runner:_news_tick:624 - news 096770 new=0/9 (모두 중복)
2026-07-27 10:05:02.646 | INFO     | stock_bot.live.runner:_tick:1256 - 078930 GS [ensemble] HOLD score=+0.00 B0/S0 | 현재가 95,200원 | 손절 -4.00%(ATR)
    VWAP 95,035원 +0.17% ─홀드 (+0.000)
    ST 하락추세 ─홀드 (+0.000)
    RSI 45.1 (기준 30/74) ─홀드 (+0.000)
    BB 93,513~96,427원 현재 95,200원 ─홀드 (+0.000)  ← 중간 [─────●────] 58%
    DC  ─홀드  ← 미보유 또는 청산 조건 미해당 (+0.000)
    거래량  MA12(봉부족,설정25)대비 0.34x  〰(neutral) (+0.0000)  ← 임계 미달 (기준 ≥1.2/≤0.7x) → 중립
2026-07-27 10:05:04.668 | INFO     | stock_bot.live.runner:_tick:1084 - 096770 [레짐-차단] KOSPI 일봉 20MA아래 & 10일모멘텀− → 신규 매수 차단
2026-07-27 10:05:04.669 | INFO     | stock_bot.live.runner:_tick:1261 - 096770 [ensemble]: hold (bear-regime-block)
2026-07-27 10:10:00.295 | INFO     | stock_bot.news.crawler:fetch_naver_news:165 - news relevance filter: 2 → 0 (제외 2건) [078930]
2026-07-27 10:10:00.296 | INFO     | stock_bot.news.crawler:fetch_naver_news:170 - fetched 0 news items for 078930
2026-07-27 10:10:00.297 | DEBUG    | stock_bot.live.runner:_news_tick:624 - news 078930 new=0/0 (모두 중복)
2026-07-27 10:10:00.632 | INFO     | stock_bot.news.crawler:fetch_naver_news:170 - fetched 16 news items for 096770
2026-07-27 10:10:02.781 | INFO     | stock_bot.live.runner:_tick:1256 - 078930 GS [ensemble] HOLD score=+0.29 B1/S0 | 현재가 94,100원 | 손절 -4.00%(ATR)
    VWAP 94,917원 -0.86% ▲매수 (+0.294)
    ST 하락추세 ─홀드 (+0.000)
    RSI 40.0 (기준 30/74) ─홀드 (+0.000)
    BB 93,347~96,333원 현재 94,100원 ─홀드 (+0.000)  ← 중간 [──●───────] 25%
    DC  ─홀드  ← 미보유 또는 청산 조건 미해당 (+0.000)
    거래량  MA13(봉부족,설정25)대비 0.74x  〰(neutral) (+0.0000)  ← 임계 미달 (기준 ≥1.2/≤0.7x) → 중립
2026-07-27 10:10:04.581 | INFO     | stock_bot.live.runner:_tick:1084 - 096770 [레짐-차단] KOSPI 일봉 20MA아래 & 10일모멘텀− → 신규 매수 차단
2026-07-27 10:10:04.583 | INFO     | stock_bot.live.runner:_tick:1261 - 096770 [ensemble]: hold (bear-regime-block)
2026-07-27 10:10:18.044 | INFO     | stock_bot.live.runner:_news_tick:663 - news 096770 new=1/16 critical=0 llm_batch=1
2026-07-27 10:15:00.355 | INFO     | stock_bot.news.crawler:fetch_naver_news:165 - news relevance filter: 2 → 0 (제외 2건) [078930]
2026-07-27 10:15:00.356 | INFO     | stock_bot.news.crawler:fetch_naver_news:170 - fetched 0 news items for 078930
2026-07-27 10:15:00.358 | DEBUG    | stock_bot.live.runner:_news_tick:624 - news 078930 new=0/0 (모두 중복)
2026-07-27 10:15:00.634 | INFO     | stock_bot.news.crawler:fetch_naver_news:170 - fetched 0 news items for 096770
2026-07-27 10:15:00.636 | DEBUG    | stock_bot.live.runner:_news_tick:624 - news 096770 new=0/0 (모두 중복)
2026-07-27 10:15:06.459 | INFO     | stock_bot.live.runner:_tick:1256 - 078930 GS [ensemble] HOLD score=+0.24 B1/S0 | 현재가 93,700원 | 손절 -4.00%(ATR)
    VWAP 94,744원 -1.10% ▲매수 (+0.294)
    ST 하락추세 ─홀드 (+0.000)
    RSI 38.4 (기준 30/74) ─홀드 (+0.000)
    BB 93,165~96,265원 현재 93,700원 ─홀드 (+0.000)  ← 하단근접 [─●────────] 17%
    DC  ─홀드  ← 미보유 또는 청산 조건 미해당 (+0.000)
    거래량  MA14(봉부족,설정25)대비 0.55x  ▼(penalty) (-0.0500)  ← 점수 조정 -0.0500
2026-07-27 10:15:10.878 | INFO     | stock_bot.live.runner:_tick:1084 - 096770 [레짐-차단] KOSPI 일봉 20MA아래 & 10일모멘텀− → 신규 매수 차단
2026-07-27 10:15:10.880 | INFO     | stock_bot.live.runner:_tick:1261 - 096770 [ensemble]: hold (bear-regime-block)
2026-07-27 10:20:00.307 | INFO     | stock_bot.news.crawler:fetch_naver_news:165 - news relevance filter: 2 → 0 (제외 2건) [078930]
2026-07-27 10:20:00.308 | INFO     | stock_bot.news.crawler:fetch_naver_news:170 - fetched 0 news items for 078930
2026-07-27 10:20:00.309 | DEBUG    | stock_bot.live.runner:_news_tick:624 - news 078930 new=0/0 (모두 중복)
2026-07-27 10:20:00.679 | INFO     | stock_bot.news.crawler:fetch_naver_news:170 - fetched 0 news items for 096770
2026-07-27 10:20:00.681 | DEBUG    | stock_bot.live.runner:_news_tick:624 - news 096770 new=0/0 (모두 중복)
2026-07-27 10:20:02.963 | INFO     | stock_bot.live.runner:_tick:1256 - 078930 GS [ensemble] HOLD score=+0.29 B1/S0 | 현재가 93,500원 | 손절 -4.00%(ATR)
    VWAP 94,590원 -1.15% ▲매수 (+0.294)
    ST 하락추세 ─홀드 (+0.000)
    RSI 37.5 (기준 30/74) ─홀드 (+0.000)
    BB 92,992~96,208원 현재 93,500원 ─홀드 (+0.000)  ← 하단근접 [─●────────] 16%
    DC  ─홀드  ← 미보유 또는 청산 조건 미해당 (+0.000)
    거래량  MA15(봉부족,설정25)대비 0.74x  〰(neutral) (+0.0000)  ← 임계 미달 (기준 ≥1.2/≤0.7x) → 중립
2026-07-27 10:20:04.947 | INFO     | stock_bot.live.runner:_tick:1256 - 096770 SK이노베이션 [ensemble] HOLD score=+0.55 B2/S0 | 현재가 118,600원 | 손절 -4.00%(ATR)
    VWAP 120,828원 -1.84% ▲매수 (+0.294)
    ST 하락추세 ─홀드 (+0.000)
    RSI 23.0 (기준 30/74) ▲매수 (+0.235)
    BB 116,365~130,265원 현재 118,600원 ─홀드 (+0.000)  ← 하단근접 [─●────────] 16%
    DC  ─홀드  ← 미보유 또는 청산 조건 미해당 (+0.000)
    거래량  MA15(봉부족,설정25)대비 1.01x  〰(neutral) (+0.0000)  ← 임계 미달 (기준 ≥1.2/≤0.7x) → 중립
    뉴스  bias=+0.020 (6건)
2026-07-27 10:25:00.247 | INFO     | stock_bot.news.crawler:fetch_naver_news:165 - news relevance filter: 2 → 0 (제외 2건) [078930]
2026-07-27 10:25:00.248 | INFO     | stock_bot.news.crawler:fetch_naver_news:170 - fetched 0 news items for 078930
2026-07-27 10:25:00.249 | DEBUG    | stock_bot.live.runner:_news_tick:624 - news 078930 new=0/0 (모두 중복)
2026-07-27 10:25:00.539 | INFO     | stock_bot.news.crawler:fetch_naver_news:170 - fetched 0 news items for 096770
2026-07-27 10:25:00.541 | DEBUG    | stock_bot.live.runner:_news_tick:624 - news 096770 new=0/0 (모두 중복)
2026-07-27 10:25:06.885 | INFO     | stock_bot.live.runner:_tick:1256 - 078930 GS [ensemble] HOLD score=+0.24 B1/S0 | 현재가 93,700원 | 손절 -4.00%(ATR)
    VWAP 94,498원 -0.84% ▲매수 (+0.294)
    ST 하락추세 ─홀드 (+0.000)
    RSI 38.9 (기준 30/74) ─홀드 (+0.000)
    BB 92,925~96,165원 현재 93,700원 ─홀드 (+0.000)  ← 하단근접 [──●───────] 24%
    DC  ─홀드  ← 미보유 또는 청산 조건 미해당 (+0.000)
    거래량  MA16(봉부족,설정25)대비 0.67x  ▼(penalty) (-0.0500)  ← 점수 조정 -0.0500
2026-07-27 10:25:12.810 | INFO     | stock_bot.live.runner:_tick:1256 - 096770 SK이노베이션 [ensemble] HOLD score=+0.55 B2/S0 | 현재가 118,500원 | 손절 -4.00%(ATR)
    VWAP 120,654원 -1.79% ▲매수 (+0.294)
    ST 하락추세 ─홀드 (+0.000)
    RSI 22.4 (기준 30/74) ▲매수 (+0.235)
    BB 116,140~129,370원 현재 118,500원 ─홀드 (+0.000)  ← 하단근접 [─●────────] 18%
    DC  ─홀드  ← 미보유 또는 청산 조건 미해당 (+0.000)
    거래량  MA16(봉부족,설정25)대비 0.75x  〰(neutral) (+0.0000)  ← 임계 미달 (기준 ≥1.2/≤0.7x) → 중립
    뉴스  bias=+0.020 (6건)
2026-07-27 10:30:00.294 | INFO     | stock_bot.news.crawler:fetch_naver_news:165 - news relevance filter: 2 → 0 (제외 2건) [078930]
2026-07-27 10:30:00.295 | INFO     | stock_bot.news.crawler:fetch_naver_news:170 - fetched 0 news items for 078930
2026-07-27 10:30:00.296 | DEBUG    | stock_bot.live.runner:_news_tick:624 - news 078930 new=0/0 (모두 중복)
2026-07-27 10:30:00.686 | INFO     | stock_bot.news.crawler:fetch_naver_news:165 - news relevance filter: 1 → 0 (제외 1건) [096770]
2026-07-27 10:30:00.687 | INFO     | stock_bot.news.crawler:fetch_naver_news:170 - fetched 0 news items for 096770
2026-07-27 10:30:00.689 | DEBUG    | stock_bot.live.runner:_news_tick:624 - news 096770 new=0/0 (모두 중복)
2026-07-27 10:30:04.177 | INFO     | stock_bot.live.runner:_tick:1256 - 078930 GS [ensemble] HOLD score=+0.51 B2/S0 | 현재가 93,000원 | 손절 -4.00%(ATR)
    VWAP 94,255원 -1.33% ▲매수 (+0.294)
    ST 하락추세 ─홀드 (+0.000)
    RSI 37.0 (기준 30/74) ─홀드 (+0.000)
    BB 92,508~96,292원 현재 93,000원 ▲매수 (+0.212)
    DC  ─홀드  ← 미보유 또는 청산 조건 미해당 (+0.000)
    거래량  MA17(봉부족,설정25)대비 1.20x  〰(neutral) (+0.0000)  ← 임계 미달 (기준 ≥1.2/≤0.7x) → 중립
2026-07-27 10:30:05.752 | INFO     | stock_bot.live.runner:_tick:1256 - 096770 SK이노베이션 [ensemble] HOLD score=+0.55 B2/S0 | 현재가 118,400원 | 손절 -4.00%(ATR)
    VWAP 120,421원 -1.68% ▲매수 (+0.294)
    ST 하락추세 ─홀드 (+0.000)
    RSI 22.6 (기준 30/74) ▲매수 (+0.235)
    BB 116,253~128,107원 현재 118,400원 ─홀드 (+0.000)  ← 하단근접 [─●────────] 18%
    DC  ─홀드  ← 미보유 또는 청산 조건 미해당 (+0.000)
    거래량  MA17(봉부족,설정25)대비 0.98x  〰(neutral) (+0.0000)  ← 임계 미달 (기준 ≥1.2/≤0.7x) → 중립
    뉴스  bias=+0.020 (6건)
2026-07-27 10:35:00.293 | INFO     | stock_bot.news.crawler:fetch_naver_news:165 - news relevance filter: 2 → 0 (제외 2건) [078930]
2026-07-27 10:35:00.294 | INFO     | stock_bot.news.crawler:fetch_naver_news:170 - fetched 0 news items for 078930
2026-07-27 10:35:00.295 | DEBUG    | stock_bot.live.runner:_news_tick:624 - news 078930 new=0/0 (모두 중복)
2026-07-27 10:35:00.581 | INFO     | stock_bot.news.crawler:fetch_naver_news:165 - news relevance filter: 1 → 0 (제외 1건) [096770]
2026-07-27 10:35:00.582 | INFO     | stock_bot.news.crawler:fetch_naver_news:170 - fetched 0 news items for 096770
2026-07-27 10:35:00.584 | DEBUG    | stock_bot.live.runner:_news_tick:624 - news 096770 new=0/0 (모두 중복)
2026-07-27 10:35:02.813 | INFO     | stock_bot.live.runner:_tick:1256 - 078930 GS [ensemble] HOLD score=+0.00 B0/S0 | 현재가 94,400원 | 손절 -4.00%(ATR)
    VWAP 94,156원 +0.26% ─홀드 (+0.000)
    ST 하락추세 ─홀드 (+0.000)
    RSI 45.0 (기준 30/74) ─홀드 (+0.000)
    BB 92,682~96,148원 현재 94,400원 ─홀드 (+0.000)  ← 중간 [────●─────] 50%
    DC  ─홀드  ← 미보유 또는 청산 조건 미해당 (+0.000)
    거래량  MA18(봉부족,설정25)대비 2.02x  〰(neutral) (+0.0000)  ← 임계 미달 (기준 ≥1.2/≤0.7x) → 중립
2026-07-27 10:35:04.626 | INFO     | stock_bot.live.runner:_tick:1256 - 096770 SK이노베이션 [ensemble] HOLD score=+0.55 B2/S0 | 현재가 119,000원 | 손절 -4.00%(ATR)
    VWAP 120,318원 -1.10% ▲매수 (+0.294)
    ST 하락추세 ─홀드 (+0.000)
    RSI 25.5 (기준 30/74) ▲매수 (+0.235)
    BB 116,929~126,361원 현재 119,000원 ─홀드 (+0.000)  ← 하단근접 [──●───────] 22%
    DC  ─홀드  ← 미보유 또는 청산 조건 미해당 (+0.000)
    거래량  MA18(봉부족,설정25)대비 0.84x  〰(neutral) (+0.0000)  ← 임계 미달 (기준 ≥1.2/≤0.7x) → 중립
    뉴스  bias=+0.020 (6건)
2026-07-27 10:40:00.316 | INFO     | stock_bot.news.crawler:fetch_naver_news:165 - news relevance filter: 2 → 0 (제외 2건) [078930]
2026-07-27 10:40:00.317 | INFO     | stock_bot.news.crawler:fetch_naver_news:170 - fetched 0 news items for 078930
2026-07-27 10:40:00.319 | DEBUG    | stock_bot.live.runner:_news_tick:624 - news 078930 new=0/0 (모두 중복)
2026-07-27 10:40:00.714 | INFO     | stock_bot.news.crawler:fetch_naver_news:165 - news relevance filter: 1 → 0 (제외 1건) [096770]
2026-07-27 10:40:00.714 | INFO     | stock_bot.news.crawler:fetch_naver_news:170 - fetched 0 news items for 096770
2026-07-27 10:40:00.716 | DEBUG    | stock_bot.live.runner:_news_tick:624 - news 096770 new=0/0 (모두 중복)
2026-07-27 10:40:08.171 | INFO     | stock_bot.live.runner:_tick:1256 - 078930 GS [ensemble] HOLD score=+0.00 B0/S0 | 현재가 94,200원 | 손절 -4.00%(ATR)
    VWAP 94,214원 -0.02% ─홀드 (+0.000)
    ST 하락추세 ─홀드 (+0.000)
    RSI 44.1 (기준 30/74) ─홀드 (+0.000)
    BB 92,675~96,145원 현재 94,200원 ─홀드 (+0.000)  ← 중간 [────●─────] 44%
    DC  ─홀드  ← 미보유 또는 청산 조건 미해당 (+0.000)
    거래량  MA19(봉부족,설정25)대비 2.56x  〰(neutral) (+0.0000)  ← 임계 미달 (기준 ≥1.2/≤0.7x) → 중립
2026-07-27 10:40:15.223 | INFO     | stock_bot.live.runner:_tick:1256 - 096770 SK이노베이션 [ensemble] HOLD score=+0.50 B2/S0 | 현재가 118,700원 | 손절 -4.00%(ATR)
    VWAP 120,252원 -1.29% ▲매수 (+0.294)
    ST 하락추세 ─홀드 (+0.000)
    RSI 25.3 (기준 30/74) ▲매수 (+0.235)
    BB 116,601~126,259원 현재 118,700원 ─홀드 (+0.000)  ← 하단근접 [──●───────] 22%
    DC  ─홀드  ← 미보유 또는 청산 조건 미해당 (+0.000)
    거래량  MA19(봉부족,설정25)대비 0.56x  ▼(penalty) (-0.0500)  ← 점수 조정 -0.0500
    뉴스  bias=+0.020 (6건)
2026-07-27 10:45:00.301 | INFO     | stock_bot.news.crawler:fetch_naver_news:165 - news relevance filter: 2 → 0 (제외 2건) [078930]
2026-07-27 10:45:00.302 | INFO     | stock_bot.news.crawler:fetch_naver_news:170 - fetched 0 news items for 078930
2026-07-27 10:45:00.303 | DEBUG    | stock_bot.live.runner:_news_tick:624 - news 078930 new=0/0 (모두 중복)
2026-07-27 10:45:00.586 | INFO     | stock_bot.news.crawler:fetch_naver_news:170 - fetched 3 news items for 096770
2026-07-27 10:45:00.616 | DEBUG    | stock_bot.live.runner:_news_tick:624 - news 096770 new=0/3 (모두 중복)
2026-07-27 10:45:06.304 | INFO     | stock_bot.live.runner:_tick:1256 - 078930 GS [ensemble] HOLD score=+0.29 B1/S0 | 현재가 93,000원 | 손절 -4.00%(ATR)
    VWAP 94,145원 -1.22% ▲매수 (+0.294)
    ST 하락추세 ─홀드 (+0.000)
    RSI 39.4 (기준 30/74) ─홀드 (+0.000)
    BB 92,485~96,205원 현재 93,000원 ─홀드 (+0.000)  ← 하단근접 [─●────────] 14%
    DC  ─홀드  ← 미보유 또는 청산 조건 미해당 (+0.000)
    거래량  MA20(봉부족,설정25)대비 0.92x  〰(neutral) (+0.0000)  ← 임계 미달 (기준 ≥1.2/≤0.7x) → 중립
2026-07-27 10:45:13.956 | INFO     | stock_bot.live.runner:_tick:1256 - 096770 SK이노베이션 [ensemble] HOLD score=+0.55 B2/S0 | 현재가 118,300원 | 손절 -4.00%(ATR)
    VWAP 120,142원 -1.53% ▲매수 (+0.294)
    ST 하락추세 ─홀드 (+0.000)
    RSI 24.9 (기준 30/74) ▲매수 (+0.235)
    BB 116,174~126,106원 현재 118,300원 ─홀드 (+0.000)  ← 하단근접 [──●───────] 21%
    DC  ─홀드  ← 미보유 또는 청산 조건 미해당 (+0.000)
    거래량  MA20(봉부족,설정25)대비 0.81x  〰(neutral) (+0.0000)  ← 임계 미달 (기준 ≥1.2/≤0.7x) → 중립
    뉴스  bias=+0.020 (6건)
2026-07-27 10:50:00.329 | INFO     | stock_bot.news.crawler:fetch_naver_news:165 - news relevance filter: 2 → 0 (제외 2건) [078930]
2026-07-27 10:50:00.330 | INFO     | stock_bot.news.crawler:fetch_naver_news:170 - fetched 0 news items for 078930
2026-07-27 10:50:00.332 | DEBUG    | stock_bot.live.runner:_news_tick:624 - news 078930 new=0/0 (모두 중복)
2026-07-27 10:50:00.668 | INFO     | stock_bot.news.crawler:fetch_naver_news:170 - fetched 3 news items for 096770
2026-07-27 10:50:00.700 | DEBUG    | stock_bot.live.runner:_news_tick:624 - news 096770 new=0/3 (모두 중복)
2026-07-27 10:50:02.631 | INFO     | stock_bot.live.runner:_tick:1256 - 078930 GS [ensemble] HOLD score=+0.29 B1/S0 | 현재가 93,100원 | 손절 -4.00%(ATR)
    VWAP 94,067원 -1.03% ▲매수 (+0.294)
    ST 하락추세 ─홀드 (+0.000)
    RSI 40.2 (기준 30/74) ─홀드 (+0.000)
    BB 92,456~96,214원 현재 93,100원 ─홀드 (+0.000)  ← 하단근접 [─●────────] 17%
    DC  ─홀드  ← 미보유 또는 청산 조건 미해당 (+0.000)
    거래량  MA21(봉부족,설정25)대비 0.92x  〰(neutral) (+0.0000)  ← 임계 미달 (기준 ≥1.2/≤0.7x) → 중립
2026-07-27 10:50:04.602 | INFO     | stock_bot.live.runner:_tick:1256 - 096770 SK이노베이션 [ensemble] HOLD score=+0.55 B2/S0 | 현재가 118,300원 | 손절 -4.00%(ATR)
    VWAP 120,030원 -1.44% ▲매수 (+0.294)
    ST 하락추세 ─홀드 (+0.000)
    RSI 24.9 (기준 30/74) ▲매수 (+0.235)
    BB 115,981~125,649원 현재 118,300원 ─홀드 (+0.000)  ← 하단근접 [──●───────] 24%
    DC  ─홀드  ← 미보유 또는 청산 조건 미해당 (+0.000)
    거래량  MA21(봉부족,설정25)대비 0.80x  〰(neutral) (+0.0000)  ← 임계 미달 (기준 ≥1.2/≤0.7x) → 중립
    뉴스  bias=+0.020 (6건)
2026-07-27 10:55:00.277 | INFO     | stock_bot.news.crawler:fetch_naver_news:165 - news relevance filter: 2 → 0 (제외 2건) [078930]
2026-07-27 10:55:00.278 | INFO     | stock_bot.news.crawler:fetch_naver_news:170 - fetched 0 news items for 078930
2026-07-27 10:55:00.279 | DEBUG    | stock_bot.live.runner:_news_tick:624 - news 078930 new=0/0 (모두 중복)
2026-07-27 10:55:00.566 | INFO     | stock_bot.news.crawler:fetch_naver_news:170 - fetched 3 news items for 096770
2026-07-27 10:55:00.595 | DEBUG    | stock_bot.live.runner:_news_tick:624 - news 096770 new=0/3 (모두 중복)
2026-07-27 10:55:02.626 | INFO     | stock_bot.live.runner:_tick:1256 - 078930 GS [ensemble] HOLD score=+0.24 B1/S0 | 현재가 93,200원 | 손절 -4.00%(ATR)
    VWAP 93,981원 -0.83% ▲매수 (+0.294)
    ST 하락추세 ─홀드 (+0.000)
    RSI 41.7 (기준 30/74) ─홀드 (+0.000)
    BB 92,322~96,018원 현재 93,200원 ─홀드 (+0.000)  ← 하단근접 [──●───────] 24%
    DC  ─홀드  ← 미보유 또는 청산 조건 미해당 (+0.000)
    거래량  MA22(봉부족,설정25)대비 0.62x  ▼(penalty) (-0.0500)  ← 점수 조정 -0.0500
2026-07-27 10:55:04.763 | INFO     | stock_bot.live.runner:_tick:1084 - 096770 [레짐-차단] KOSPI 일봉 20MA아래 & 10일모멘텀− → 신규 매수 차단
2026-07-27 10:55:04.764 | INFO     | stock_bot.live.runner:_tick:1261 - 096770 [ensemble]: hold (bear-regime-block)
2026-07-27 11:00:00.299 | INFO     | stock_bot.news.crawler:fetch_naver_news:165 - news relevance filter: 2 → 0 (제외 2건) [078930]
2026-07-27 11:00:00.302 | INFO     | stock_bot.news.crawler:fetch_naver_news:170 - fetched 0 news items for 078930
2026-07-27 11:00:00.304 | DEBUG    | stock_bot.live.runner:_news_tick:624 - news 078930 new=0/0 (모두 중복)
2026-07-27 11:00:00.656 | INFO     | stock_bot.news.crawler:fetch_naver_news:170 - fetched 3 news items for 096770
2026-07-27 11:00:00.690 | DEBUG    | stock_bot.live.runner:_news_tick:624 - news 096770 new=0/3 (모두 중복)
2026-07-27 11:00:03.866 | INFO     | stock_bot.live.runner:_tick:1256 - 078930 GS [ensemble] HOLD score=+0.00 B0/S0 | 현재가 93,700원 | 손절 -4.00%(ATR)
    VWAP 93,961원 -0.28% ─홀드 (+0.000)
    ST 하락추세 ─홀드 (+0.000)
    RSI 43.4 (기준 30/74) ─홀드 (+0.000)
    BB 92,507~95,773원 현재 93,700원 ─홀드 (+0.000)  ← 중간 [───●──────] 37%
    DC  ─홀드  ← 미보유 또는 청산 조건 미해당 (+0.000)
    거래량  MA23(봉부족,설정25)대비 1.19x  〰(neutral) (+0.0000)  ← 임계 미달 (기준 ≥1.2/≤0.7x) → 중립
2026-07-27 11:00:06.279 | INFO     | stock_bot.live.runner:_tick:1256 - 096770 SK이노베이션 [ensemble] HOLD score=+0.55 B2/S0 | 현재가 118,100원 | 손절 -4.00%(ATR)
    VWAP 119,746원 -1.37% ▲매수 (+0.294)
    ST 하락추세 ─홀드 (+0.000)
    RSI 26.3 (기준 30/74) ▲매수 (+0.235)
    BB 115,610~124,780원 현재 118,100원 ─홀드 (+0.000)  ← 중간 [──●───────] 27%
    DC  ─홀드  ← 미보유 또는 청산 조건 미해당 (+0.000)
    거래량  MA23(봉부족,설정25)대비 0.87x  〰(neutral) (+0.0000)  ← 임계 미달 (기준 ≥1.2/≤0.7x) → 중립
    뉴스  bias=+0.020 (6건)
2026-07-27 11:05:00.297 | INFO     | stock_bot.news.crawler:fetch_naver_news:165 - news relevance filter: 2 → 0 (제외 2건) [078930]
2026-07-27 11:05:00.297 | INFO     | stock_bot.news.crawler:fetch_naver_news:170 - fetched 0 news items for 078930
2026-07-27 11:05:00.298 | DEBUG    | stock_bot.live.runner:_news_tick:624 - news 078930 new=0/0 (모두 중복)
2026-07-27 11:05:00.647 | INFO     | stock_bot.news.crawler:fetch_naver_news:165 - news relevance filter: 4 → 2 (제외 2건) [096770]
2026-07-27 11:05:00.647 | INFO     | stock_bot.news.crawler:fetch_naver_news:170 - fetched 2 news items for 096770
2026-07-27 11:05:00.672 | DEBUG    | stock_bot.live.runner:_news_tick:624 - news 096770 new=0/2 (모두 중복)
2026-07-27 11:05:06.123 | INFO     | stock_bot.live.runner:_tick:1256 - 078930 GS [ensemble] HOLD score=+0.24 B1/S0 | 현재가 93,200원 | 손절 -4.00%(ATR)
    VWAP 93,938원 -0.79% ▲매수 (+0.294)
    ST 하락추세 ─홀드 (+0.000)
    RSI 41.4 (기준 30/74) ─홀드 (+0.000)
    BB 92,426~95,584원 현재 93,200원 ─홀드 (+0.000)  ← 하단근접 [──●───────] 25%
    DC  ─홀드  ← 미보유 또는 청산 조건 미해당 (+0.000)
    거래량  MA24(봉부족,설정25)대비 0.67x  ▼(penalty) (-0.0500)  ← 점수 조정 -0.0500
2026-07-27 11:05:11.539 | INFO     | stock_bot.live.runner:_tick:1084 - 096770 [레짐-차단] KOSPI 일봉 20MA아래 & 10일모멘텀− → 신규 매수 차단
2026-07-27 11:05:11.540 | INFO     | stock_bot.live.runner:_tick:1261 - 096770 [ensemble]: hold (bear-regime-block)
2026-07-27 11:10:00.410 | INFO     | stock_bot.news.crawler:fetch_naver_news:165 - news relevance filter: 2 → 0 (제외 2건) [078930]
2026-07-27 11:10:00.411 | INFO     | stock_bot.news.crawler:fetch_naver_news:170 - fetched 0 news items for 078930
2026-07-27 11:10:00.413 | DEBUG    | stock_bot.live.runner:_news_tick:624 - news 078930 new=0/0 (모두 중복)
2026-07-27 11:10:00.786 | INFO     | stock_bot.news.crawler:fetch_naver_news:170 - fetched 3 news items for 096770
2026-07-27 11:10:00.827 | DEBUG    | stock_bot.live.runner:_news_tick:624 - news 096770 new=0/3 (모두 중복)
2026-07-27 11:10:13.752 | INFO     | stock_bot.live.runner:_tick:1256 - 078930 GS [ensemble] HOLD score=+0.00 B0/S0 | 현재가 93,500원 | 손절 -4.00%(ATR)
    VWAP 93,923원 -0.45% ─홀드 (+0.000)
    ST 하락추세 ─홀드 (+0.000)
    RSI 42.9 (기준 30/74) ─홀드 (+0.000)
    BB 92,391~95,549원 현재 93,500원 ─홀드 (+0.000)  ← 중간 [───●──────] 35%
    DC  ─홀드  ← 미보유 또는 청산 조건 미해당 (+0.000)
    거래량  MA25대비 0.30x  〰(neutral) (+0.0000)  ← 임계 미달 (기준 ≥1.2/≤0.7x) → 중립
2026-07-27 11:10:22.651 | INFO     | stock_bot.live.runner:_tick:1256 - 096770 SK이노베이션 [ensemble] HOLD score=+0.55 B2/S0 | 현재가 117,200원 | 손절 -4.00%(ATR)
    VWAP 119,419원 -1.86% ▲매수 (+0.294)
    ST 하락추세 ─홀드 (+0.000)
    RSI 24.7 (기준 30/74) ▲매수 (+0.235)
    BB 115,417~123,443원 현재 117,200원 ─홀드 (+0.000)  ← 하단근접 [──●───────] 22%
    DC  ─홀드  ← 미보유 또는 청산 조건 미해당 (+0.000)
    거래량  MA25대비 0.76x  〰(neutral) (+0.0000)  ← 임계 미달 (기준 ≥1.2/≤0.7x) → 중립
    뉴스  bias=+0.020 (6건)
2026-07-27 11:15:00.286 | INFO     | stock_bot.news.crawler:fetch_naver_news:165 - news relevance filter: 2 → 0 (제외 2건) [078930]
2026-07-27 11:15:00.288 | INFO     | stock_bot.news.crawler:fetch_naver_news:170 - fetched 0 news items for 078930
2026-07-27 11:15:00.289 | DEBUG    | stock_bot.live.runner:_news_tick:624 - news 078930 new=0/0 (모두 중복)
2026-07-27 11:15:00.639 | INFO     | stock_bot.news.crawler:fetch_naver_news:170 - fetched 2 news items for 096770
2026-07-27 11:15:00.664 | DEBUG    | stock_bot.live.runner:_news_tick:624 - news 096770 new=0/2 (모두 중복)
2026-07-27 11:15:02.598 | INFO     | stock_bot.live.runner:_tick:1256 - 078930 GS [ensemble] HOLD score=+0.00 B0/S0 | 현재가 93,500원 | 손절 -4.00%(ATR)
    VWAP 93,917원 -0.44% ─홀드 (+0.000)
    ST 하락추세 ─홀드 (+0.000)
    RSI 43.1 (기준 30/74) ─홀드 (+0.000)
    BB 92,362~95,478원 현재 93,500원 ─홀드 (+0.000)  ← 중간 [───●──────] 37%
    DC  ─홀드  ← 미보유 또는 청산 조건 미해당 (+0.000)
    거래량  MA25대비 0.38x  〰(neutral) (+0.0000)  ← 임계 미달 (기준 ≥1.2/≤0.7x) → 중립
2026-07-27 11:15:04.791 | INFO     | stock_bot.live.runner:_tick:1256 - 096770 SK이노베이션 [ensemble] HOLD score=+0.50 B2/S0 | 현재가 117,700원 | 손절 -4.00%(ATR)
    VWAP 119,374원 -1.40% ▲매수 (+0.294)
    ST 하락추세 ─홀드 (+0.000)
    RSI 28.0 (기준 30/74) ▲매수 (+0.235)
    BB 115,610~122,710원 현재 117,700원 ─홀드 (+0.000)  ← 중간 [──●───────] 29%
    DC  ─홀드  ← 미보유 또는 청산 조건 미해당 (+0.000)
    거래량  MA25대비 0.48x  ▼(penalty) (-0.0500)  ← 점수 조정 -0.0500
    뉴스  bias=+0.020 (6건)
2026-07-27 11:20:00.263 | INFO     | stock_bot.news.crawler:fetch_naver_news:165 - news relevance filter: 2 → 0 (제외 2건) [078930]
2026-07-27 11:20:00.264 | INFO     | stock_bot.news.crawler:fetch_naver_news:170 - fetched 0 news items for 078930
2026-07-27 11:20:00.266 | DEBUG    | stock_bot.live.runner:_news_tick:624 - news 078930 new=0/0 (모두 중복)
2026-07-27 11:20:00.612 | INFO     | stock_bot.news.crawler:fetch_naver_news:170 - fetched 3 news items for 096770
2026-07-27 11:20:00.652 | DEBUG    | stock_bot.live.runner:_news_tick:624 - news 096770 new=0/3 (모두 중복)
2026-07-27 11:20:03.778 | INFO     | stock_bot.live.runner:_tick:1256 - 078930 GS [ensemble] HOLD score=+0.00 B0/S0 | 현재가 93,500원 | 손절 -4.00%(ATR)
    VWAP 93,906원 -0.43% ─홀드 (+0.000)
    ST 하락추세 ─홀드 (+0.000)
    RSI 43.1 (기준 30/74) ─홀드 (+0.000)
    BB 92,362~95,348원 현재 93,500원 ─홀드 (+0.000)  ← 중간 [───●──────] 38%
    DC  ─홀드  ← 미보유 또는 청산 조건 미해당 (+0.000)
    거래량  MA25대비 0.57x  〰(neutral) (+0.0000)  ← 임계 미달 (기준 ≥1.2/≤0.7x) → 중립
2026-07-27 11:20:09.829 | INFO     | stock_bot.live.runner:_tick:1256 - 096770 SK이노베이션 [ensemble] HOLD score=+0.26 B1/S0 | 현재가 118,300원 | 손절 -4.00%(ATR)
    VWAP 119,339원 -0.87% ▲매수 (+0.294)
    ST 하락추세 ─홀드 (+0.000)
    RSI 31.9 (기준 30/74) ─홀드 (+0.000)
    BB 116,026~121,844원 현재 118,300원 ─홀드 (+0.000)  ← 중간 [───●──────] 39%
    DC  ─홀드  ← 미보유 또는 청산 조건 미해당 (+0.000)
    거래량  MA25대비 0.53x  ▼(penalty) (-0.0500)  ← 점수 조정 -0.0500
    뉴스  bias=+0.020 (6건)
2026-07-27 11:25:00.345 | INFO     | stock_bot.news.crawler:fetch_naver_news:165 - news relevance filter: 2 → 0 (제외 2건) [078930]
2026-07-27 11:25:00.346 | INFO     | stock_bot.news.crawler:fetch_naver_news:170 - fetched 0 news items for 078930
2026-07-27 11:25:00.347 | DEBUG    | stock_bot.live.runner:_news_tick:624 - news 078930 new=0/0 (모두 중복)
2026-07-27 11:25:00.668 | INFO     | stock_bot.news.crawler:fetch_naver_news:170 - fetched 4 news items for 096770
2026-07-27 11:25:00.715 | DEBUG    | stock_bot.live.runner:_news_tick:624 - news 096770 new=0/4 (모두 중복)
2026-07-27 11:25:02.633 | INFO     | stock_bot.live.runner:_tick:1256 - 078930 GS [ensemble] HOLD score=+0.29 B1/S0 | 현재가 93,200원 | 손절 -4.00%(ATR)
    VWAP 93,882원 -0.73% ▲매수 (+0.294)
    ST 하락추세 ─홀드 (+0.000)
    RSI 41.6 (기준 30/74) ─홀드 (+0.000)
    BB 92,291~95,229원 현재 93,200원 ─홀드 (+0.000)  ← 중간 [───●──────] 31%
    DC  ─홀드  ← 미보유 또는 청산 조건 미해당 (+0.000)
    거래량  MA25대비 0.70x  〰(neutral) (+0.0000)  ← 임계 미달 (기준 ≥1.2/≤0.7x) → 중립
2026-07-27 11:25:04.624 | INFO     | stock_bot.live.runner:_tick:1256 - 096770 SK이노베이션 [ensemble] HOLD score=+0.26 B1/S0 | 현재가 118,000원 | 손절 -4.00%(ATR)
    VWAP 119,301원 -1.09% ▲매수 (+0.294)
    ST 하락추세 ─홀드 (+0.000)
    RSI 32.0 (기준 30/74) ─홀드 (+0.000)
    BB 116,216~121,154원 현재 118,000원 ─홀드 (+0.000)  ← 중간 [───●──────] 36%
    DC  ─홀드  ← 미보유 또는 청산 조건 미해당 (+0.000)
    거래량  MA25대비 0.45x  ▼(penalty) (-0.0500)  ← 점수 조정 -0.0500
    뉴스  bias=+0.020 (6건)
2026-07-27 11:30:00.272 | INFO     | stock_bot.news.crawler:fetch_naver_news:165 - news relevance filter: 2 → 0 (제외 2건) [078930]
2026-07-27 11:30:00.273 | INFO     | stock_bot.news.crawler:fetch_naver_news:170 - fetched 0 news items for 078930
2026-07-27 11:30:00.275 | DEBUG    | stock_bot.live.runner:_news_tick:624 - news 078930 new=0/0 (모두 중복)
2026-07-27 11:30:00.677 | INFO     | stock_bot.news.crawler:fetch_naver_news:170 - fetched 4 news items for 096770
2026-07-27 11:30:00.737 | DEBUG    | stock_bot.live.runner:_news_tick:624 - news 096770 new=0/4 (모두 중복)
2026-07-27 11:30:17.179 | INFO     | stock_bot.live.runner:_tick:1256 - 078930 GS [ensemble] HOLD score=+0.24 B1/S0 | 현재가 93,100원 | 손절 -4.00%(ATR)
    VWAP 93,860원 -0.81% ▲매수 (+0.294)
    ST 하락추세 ─홀드 (+0.000)
    RSI 41.1 (기준 30/74) ─홀드 (+0.000)
    BB 92,326~94,984원 현재 93,100원 ─홀드 (+0.000)  ← 중간 [──●───────] 29%
    DC  ─홀드  ← 미보유 또는 청산 조건 미해당 (+0.000)
    거래량  MA25대비 0.60x  ▼(penalty) (-0.0500)  ← 점수 조정 -0.0500
2026-07-27 11:30:26.359 | INFO     | stock_bot.live.runner:_tick:1256 - 096770 SK이노베이션 [ensemble] HOLD score=+0.50 B2/S0 | 현재가 117,400원 | 손절 -4.00%(ATR)
    VWAP 119,275원 -1.57% ▲매수 (+0.294)
    ST 하락추세 ─홀드 (+0.000)
    RSI 29.2 (기준 30/74) ▲매수 (+0.235)
    BB 116,441~120,509원 현재 117,400원 ─홀드 (+0.000)  ← 하단근접 [──●───────] 24%
    DC  ─홀드  ← 미보유 또는 청산 조건 미해당 (+0.000)
    거래량  MA25대비 0.37x  ▼(penalty) (-0.0500)  ← 점수 조정 -0.0500
    뉴스  bias=+0.020 (6건)
2026-07-27 11:35:00.292 | INFO     | stock_bot.news.crawler:fetch_naver_news:165 - news relevance filter: 2 → 0 (제외 2건) [078930]
2026-07-27 11:35:00.293 | INFO     | stock_bot.news.crawler:fetch_naver_news:170 - fetched 0 news items for 078930
2026-07-27 11:35:00.294 | DEBUG    | stock_bot.live.runner:_news_tick:624 - news 078930 new=0/0 (모두 중복)
2026-07-27 11:35:00.627 | INFO     | stock_bot.news.crawler:fetch_naver_news:170 - fetched 5 news items for 096770
2026-07-27 11:35:00.686 | DEBUG    | stock_bot.live.runner:_news_tick:624 - news 096770 new=0/5 (모두 중복)
2026-07-27 11:35:07.643 | INFO     | stock_bot.live.runner:_tick:1256 - 078930 GS [ensemble] HOLD score=+0.24 B1/S0 | 현재가 92,800원 | 손절 -4.00%(ATR)
    VWAP 93,842원 -1.11% ▲매수 (+0.294)
    ST 하락추세 ─홀드 (+0.000)
    RSI 39.7 (기준 30/74) ─홀드 (+0.000)
    BB 92,301~94,749원 현재 92,800원 ─홀드 (+0.000)  ← 하단근접 [──●───────] 20%
    DC  ─홀드  ← 미보유 또는 청산 조건 미해당 (+0.000)
    거래량  MA25대비 0.55x  ▼(penalty) (-0.0500)  ← 점수 조정 -0.0500
2026-07-27 11:35:12.206 | INFO     | stock_bot.live.runner:_tick:1256 - 096770 SK이노베이션 [ensemble] HOLD score=+0.26 B1/S0 | 현재가 118,200원 | 손절 -4.00%(ATR)
    VWAP 119,248원 -0.88% ▲매수 (+0.294)
    ST 하락추세 ─홀드 (+0.000)
    RSI 32.9 (기준 30/74) ─홀드 (+0.000)
    BB 116,852~119,838원 현재 118,200원 ─홀드 (+0.000)  ← 중간 [────●─────] 45%
    DC  ─홀드  ← 미보유 또는 청산 조건 미해당 (+0.000)
    거래량  MA25대비 0.52x  ▼(penalty) (-0.0500)  ← 점수 조정 -0.0500
    뉴스  bias=+0.020 (6건)
2026-07-27 11:40:00.280 | INFO     | stock_bot.news.crawler:fetch_naver_news:165 - news relevance filter: 2 → 0 (제외 2건) [078930]
2026-07-27 11:40:00.281 | INFO     | stock_bot.news.crawler:fetch_naver_news:170 - fetched 0 news items for 078930
2026-07-27 11:40:00.283 | DEBUG    | stock_bot.live.runner:_news_tick:624 - news 078930 new=0/0 (모두 중복)
2026-07-27 11:40:00.716 | INFO     | stock_bot.news.crawler:fetch_naver_news:170 - fetched 5 news items for 096770
2026-07-27 11:40:00.781 | DEBUG    | stock_bot.live.runner:_news_tick:624 - news 096770 new=0/5 (모두 중복)
2026-07-27 11:40:13.142 | INFO     | stock_bot.live.runner:_tick:1256 - 078930 GS [ensemble] HOLD score=+0.00 B0/S0 | 현재가 93,500원 | 손절 -4.00%(ATR)
    VWAP 93,813원 -0.33% ─홀드 (+0.000)
    ST 하락추세 ─홀드 (+0.000)
    RSI 44.6 (기준 30/74) ─홀드 (+0.000)
    BB 92,538~94,362원 현재 93,500원 ─홀드 (+0.000)  ← 중간 [─────●────] 53%
    DC  ─홀드  ← 미보유 또는 청산 조건 미해당 (+0.000)
    거래량  MA25대비 0.64x  〰(neutral) (+0.0000)  ← 임계 미달 (기준 ≥1.2/≤0.7x) → 중립
2026-07-27 11:40:21.301 | INFO     | stock_bot.live.runner:_tick:1256 - 096770 SK이노베이션 [ensemble] HOLD score=+0.26 B1/S0 | 현재가 117,900원 | 손절 -4.00%(ATR)
    VWAP 119,229원 -1.11% ▲매수 (+0.294)
    ST 하락추세 ─홀드 (+0.000)
    RSI 31.1 (기준 30/74) ─홀드 (+0.000)
    BB 116,878~119,582원 현재 117,900원 ─홀드 (+0.000)  ← 중간 [───●──────] 38%
    DC  ─홀드  ← 미보유 또는 청산 조건 미해당 (+0.000)
    거래량  MA25대비 0.33x  ▼(penalty) (-0.0500)  ← 점수 조정 -0.0500
    뉴스  bias=+0.020 (6건)
2026-07-27 11:45:00.317 | INFO     | stock_bot.news.crawler:fetch_naver_news:165 - news relevance filter: 2 → 0 (제외 2건) [078930]
2026-07-27 11:45:00.317 | INFO     | stock_bot.news.crawler:fetch_naver_news:170 - fetched 0 news items for 078930
2026-07-27 11:45:00.319 | DEBUG    | stock_bot.live.runner:_news_tick:624 - news 078930 new=0/0 (모두 중복)
2026-07-27 11:45:00.642 | INFO     | stock_bot.news.crawler:fetch_naver_news:170 - fetched 5 news items for 096770
2026-07-27 11:45:00.699 | DEBUG    | stock_bot.live.runner:_news_tick:624 - news 096770 new=0/5 (모두 중복)
2026-07-27 11:45:10.186 | INFO     | stock_bot.live.runner:_tick:1256 - 078930 GS [ensemble] HOLD score=+0.29 B1/S0 | 현재가 92,900원 | 손절 -4.00%(ATR)
    VWAP 93,789원 -0.95% ▲매수 (+0.294)
    ST 하락추세 ─홀드 (+0.000)
    RSI 40.7 (기준 30/74) ─홀드 (+0.000)
    BB 92,459~94,251원 현재 92,900원 ─홀드 (+0.000)  ← 하단근접 [──●───────] 25%
    DC  ─홀드  ← 미보유 또는 청산 조건 미해당 (+0.000)
    거래량  MA25대비 0.81x  〰(neutral) (+0.0000)  ← 임계 미달 (기준 ≥1.2/≤0.7x) → 중립
2026-07-27 11:45:16.818 | INFO     | stock_bot.live.runner:_tick:1256 - 096770 SK이노베이션 [ensemble] HOLD score=+0.50 B2/S0 | 현재가 117,300원 | 손절 -4.00%(ATR)
    VWAP 119,204원 -1.60% ▲매수 (+0.294)
    ST 하락추세 ─홀드 (+0.000)
    RSI 28.9 (기준 30/74) ▲매수 (+0.235)
    BB 116,873~119,277원 현재 117,300원 ─홀드 (+0.000)  ← 하단근접 [─●────────] 18%
    DC  ─홀드  ← 미보유 또는 청산 조건 미해당 (+0.000)
    거래량  MA25대비 0.38x  ▼(penalty) (-0.0500)  ← 점수 조정 -0.0500
    뉴스  bias=+0.020 (6건)
2026-07-27 11:50:00.281 | INFO     | stock_bot.news.crawler:fetch_naver_news:165 - news relevance filter: 2 → 0 (제외 2건) [078930]
2026-07-27 11:50:00.282 | INFO     | stock_bot.news.crawler:fetch_naver_news:170 - fetched 0 news items for 078930
2026-07-27 11:50:00.283 | DEBUG    | stock_bot.live.runner:_news_tick:624 - news 078930 new=0/0 (모두 중복)
2026-07-27 11:50:00.665 | INFO     | stock_bot.news.crawler:fetch_naver_news:170 - fetched 5 news items for 096770
2026-07-27 11:50:00.729 | DEBUG    | stock_bot.live.runner:_news_tick:624 - news 096770 new=0/5 (모두 중복)
2026-07-27 11:50:09.720 | INFO     | stock_bot.live.runner:_tick:1256 - 078930 GS [ensemble] HOLD score=+0.24 B1/S0 | 현재가 92,700원 | 손절 -4.00%(ATR)
    VWAP 93,763원 -1.13% ▲매수 (+0.294)
    ST 하락추세 ─홀드 (+0.000)
    RSI 40.2 (기준 30/74) ─홀드 (+0.000)
    BB 92,307~94,263원 현재 92,700원 ─홀드 (+0.000)  ← 하단근접 [──●───────] 20%
    DC  ─홀드  ← 미보유 또는 청산 조건 미해당 (+0.000)
    거래량  MA25대비 0.49x  ▼(penalty) (-0.0500)  ← 점수 조정 -0.0500
2026-07-27 11:50:11.320 | INFO     | stock_bot.live.runner:_tick:1256 - 096770 SK이노베이션 [ensemble] HOLD score=+0.50 B2/S0 | 현재가 116,900원 | 손절 -4.00%(ATR)
    VWAP 119,163원 -1.90% ▲매수 (+0.294)
    ST 하락추세 ─홀드 (+0.000)
    RSI 27.6 (기준 30/74) ▲매수 (+0.235)
    BB 116,693~119,187원 현재 116,900원 ─홀드 (+0.000)  ← 하단근접 [●─────────] 8%
    DC  ─홀드  ← 미보유 또는 청산 조건 미해당 (+0.000)
    거래량  MA25대비 0.52x  ▼(penalty) (-0.0500)  ← 점수 조정 -0.0500
    뉴스  bias=+0.020 (6건)
2026-07-27 11:55:00.297 | INFO     | stock_bot.news.crawler:fetch_naver_news:165 - news relevance filter: 2 → 0 (제외 2건) [078930]
2026-07-27 11:55:00.298 | INFO     | stock_bot.news.crawler:fetch_naver_news:170 - fetched 0 news items for 078930
2026-07-27 11:55:00.300 | DEBUG    | stock_bot.live.runner:_news_tick:624 - news 078930 new=0/0 (모두 중복)
2026-07-27 11:55:00.663 | INFO     | stock_bot.news.crawler:fetch_naver_news:170 - fetched 6 news items for 096770
2026-07-27 11:55:00.733 | DEBUG    | stock_bot.live.runner:_news_tick:624 - news 096770 new=0/6 (모두 중복)
2026-07-27 11:55:09.609 | INFO     | stock_bot.live.runner:_tick:1256 - 078930 GS [ensemble] HOLD score=+0.24 B1/S0 | 현재가 92,800원 | 손절 -4.00%(ATR)
    VWAP 93,746원 -1.01% ▲매수 (+0.294)
    ST 하락추세 ─홀드 (+0.000)
    RSI 41.3 (기준 30/74) ─홀드 (+0.000)
    BB 92,284~94,236원 현재 92,800원 ─홀드 (+0.000)  ← 중간 [──●───────] 26%
    DC  ─홀드  ← 미보유 또는 청산 조건 미해당 (+0.000)
    거래량  MA25대비 0.49x  ▼(penalty) (-0.0500)  ← 점수 조정 -0.0500
2026-07-27 11:55:17.008 | INFO     | stock_bot.live.runner:_tick:1084 - 096770 [레짐-차단] KOSPI 일봉 20MA아래 & 10일모멘텀− → 신규 매수 차단
2026-07-27 11:55:17.009 | INFO     | stock_bot.live.runner:_tick:1261 - 096770 [ensemble]: hold (bear-regime-block)
2026-07-27 12:00:00.275 | INFO     | stock_bot.news.crawler:fetch_naver_news:165 - news relevance filter: 2 → 0 (제외 2건) [078930]
2026-07-27 12:00:00.276 | INFO     | stock_bot.news.crawler:fetch_naver_news:170 - fetched 0 news items for 078930
2026-07-27 12:00:00.277 | DEBUG    | stock_bot.live.runner:_news_tick:624 - news 078930 new=0/0 (모두 중복)
2026-07-27 12:00:00.650 | INFO     | stock_bot.news.crawler:fetch_naver_news:170 - fetched 5 news items for 096770
2026-07-27 12:00:00.715 | DEBUG    | stock_bot.live.runner:_news_tick:624 - news 096770 new=0/5 (모두 중복)
2026-07-27 12:00:18.202 | INFO     | stock_bot.live.runner:_tick:1256 - 078930 GS [ensemble] HOLD score=+0.24 B1/S0 | 현재가 93,000원 | 손절 -4.00%(ATR)
    VWAP 93,732원 -0.78% ▲매수 (+0.294)
    ST 하락추세 ─홀드 (+0.000)
    RSI 42.4 (기준 30/74) ─홀드 (+0.000)
    BB 92,278~94,182원 현재 93,000원 ─홀드 (+0.000)  ← 중간 [───●──────] 38%
    DC  ─홀드  ← 미보유 또는 청산 조건 미해당 (+0.000)
    거래량  MA25대비 0.34x  ▼(penalty) (-0.0500)  ← 점수 조정 -0.0500
2026-07-27 12:00:30.464 | INFO     | stock_bot.live.runner:_tick:1256 - 096770 SK이노베이션 [ensemble] HOLD score=+0.50 B2/S0 | 현재가 117,000원 | 손절 -4.00%(ATR)
    VWAP 119,081원 -1.75% ▲매수 (+0.294)
    ST 하락추세 ─홀드 (+0.000)
    RSI 30.0 (기준 30/74) ▲매수 (+0.235)
    BB 116,385~119,145원 현재 117,000원 ─홀드 (+0.000)  ← 하단근접 [──●───────] 22%
    DC  ─홀드  ← 미보유 또는 청산 조건 미해당 (+0.000)
    거래량  MA25대비 0.48x  ▼(penalty) (-0.0500)  ← 점수 조정 -0.0500
    뉴스  bias=+0.020 (6건)
2026-07-27 12:05:00.342 | INFO     | stock_bot.news.crawler:fetch_naver_news:165 - news relevance filter: 2 → 0 (제외 2건) [078930]
2026-07-27 12:05:00.343 | INFO     | stock_bot.news.crawler:fetch_naver_news:170 - fetched 0 news items for 078930
2026-07-27 12:05:00.345 | DEBUG    | stock_bot.live.runner:_news_tick:624 - news 078930 new=0/0 (모두 중복)
2026-07-27 12:05:00.665 | INFO     | stock_bot.news.crawler:fetch_naver_news:170 - fetched 8 news items for 096770
2026-07-27 12:05:00.764 | DEBUG    | stock_bot.live.runner:_news_tick:624 - news 096770 new=0/8 (모두 중복)
2026-07-27 12:05:02.590 | INFO     | stock_bot.live.runner:_tick:1256 - 078930 GS [ensemble] HOLD score=+0.24 B1/S0 | 현재가 92,700원 | 손절 -4.00%(ATR)
    VWAP 93,719원 -1.09% ▲매수 (+0.294)
    ST 하락추세 ─홀드 (+0.000)
    RSI 40.5 (기준 30/74) ─홀드 (+0.000)
    BB 92,239~94,191원 현재 92,700원 ─홀드 (+0.000)  ← 하단근접 [──●───────] 24%
    DC  ─홀드  ← 미보유 또는 청산 조건 미해당 (+0.000)
    거래량  MA25대비 0.49x  ▼(penalty) (-0.0500)  ← 점수 조정 -0.0500
2026-07-27 12:05:04.657 | INFO     | stock_bot.live.runner:_tick:1256 - 096770 SK이노베이션 [ensemble] HOLD score=+0.50 B2/S0 | 현재가 116,600원 | 손절 -4.00%(ATR)
    VWAP 119,050원 -2.06% ▲매수 (+0.294)
    ST 하락추세 ─홀드 (+0.000)
    RSI 27.7 (기준 30/74) ▲매수 (+0.235)
    BB 116,180~119,110원 현재 116,600원 ─홀드 (+0.000)  ← 하단근접 [─●────────] 14%
    DC  ─홀드  ← 미보유 또는 청산 조건 미해당 (+0.000)
    거래량  MA25대비 0.46x  ▼(penalty) (-0.0500)  ← 점수 조정 -0.0500
    뉴스  bias=+0.020 (6건)
2026-07-27 12:10:00.285 | INFO     | stock_bot.news.crawler:fetch_naver_news:165 - news relevance filter: 2 → 0 (제외 2건) [078930]
2026-07-27 12:10:00.285 | INFO     | stock_bot.news.crawler:fetch_naver_news:170 - fetched 0 news items for 078930
2026-07-27 12:10:00.287 | DEBUG    | stock_bot.live.runner:_news_tick:624 - news 078930 new=0/0 (모두 중복)
2026-07-27 12:10:00.724 | INFO     | stock_bot.news.crawler:fetch_naver_news:170 - fetched 8 news items for 096770
2026-07-27 12:10:00.833 | DEBUG    | stock_bot.live.runner:_news_tick:624 - news 096770 new=0/8 (모두 중복)
2026-07-27 12:10:09.562 | INFO     | stock_bot.live.runner:_tick:1256 - 078930 GS [ensemble] HOLD score=+0.24 B1/S0 | 현재가 92,700원 | 손절 -4.00%(ATR)
    VWAP 93,699원 -1.07% ▲매수 (+0.294)
    ST 하락추세 ─홀드 (+0.000)
    RSI 41.4 (기준 30/74) ─홀드 (+0.000)
    BB 92,246~93,984원 현재 92,700원 ─홀드 (+0.000)  ← 중간 [──●───────] 26%
    DC  ─홀드  ← 미보유 또는 청산 조건 미해당 (+0.000)
    거래량  MA25대비 0.42x  ▼(penalty) (-0.0500)  ← 점수 조정 -0.0500
2026-07-27 12:10:11.358 | INFO     | stock_bot.live.runner:_tick:1256 - 096770 SK이노베이션 [ensemble] HOLD score=+0.55 B2/S0 | 현재가 116,200원 | 손절 -4.00%(ATR)
    VWAP 118,980원 -2.34% ▲매수 (+0.294)
    ST 하락추세 ─홀드 (+0.000)
    RSI 27.0 (기준 30/74) ▲매수 (+0.235)
    BB 115,917~119,063원 현재 116,200원 ─홀드 (+0.000)  ← 하단근접 [●─────────] 9%
    DC  ─홀드  ← 미보유 또는 청산 조건 미해당 (+0.000)
    거래량  MA25대비 0.84x  〰(neutral) (+0.0000)  ← 임계 미달 (기준 ≥1.2/≤0.7x) → 중립
    뉴스  bias=+0.020 (6건)
2026-07-27 12:15:00.305 | INFO     | stock_bot.news.crawler:fetch_naver_news:165 - news relevance filter: 2 → 0 (제외 2건) [078930]
2026-07-27 12:15:00.307 | INFO     | stock_bot.news.crawler:fetch_naver_news:170 - fetched 0 news items for 078930
2026-07-27 12:15:00.308 | DEBUG    | stock_bot.live.runner:_news_tick:624 - news 078930 new=0/0 (모두 중복)
2026-07-27 12:15:00.633 | INFO     | stock_bot.news.crawler:fetch_naver_news:170 - fetched 8 news items for 096770
2026-07-27 12:15:00.735 | DEBUG    | stock_bot.live.runner:_news_tick:624 - news 096770 new=0/8 (모두 중복)
2026-07-27 12:15:07.731 | INFO     | stock_bot.live.runner:_tick:1256 - 078930 GS [ensemble] HOLD score=+0.24 B1/S0 | 현재가 92,900원 | 손절 -4.00%(ATR)
    VWAP 93,685원 -0.84% ▲매수 (+0.294)
    ST 하락추세 ─홀드 (+0.000)
    RSI 43.0 (기준 30/74) ─홀드 (+0.000)
    BB 92,369~93,751원 현재 92,900원 ─홀드 (+0.000)  ← 중간 [───●──────] 38%
    DC  ─홀드  ← 미보유 또는 청산 조건 미해당 (+0.000)
    거래량  MA25대비 0.59x  ▼(penalty) (-0.0500)  ← 점수 조정 -0.0500
2026-07-27 12:15:13.965 | INFO     | stock_bot.live.runner:_tick:1256 - 096770 SK이노베이션 [ensemble] HOLD score=+0.26 B1/S0 | 현재가 117,100원 | 손절 -4.00%(ATR)
    VWAP 118,953원 -1.56% ▲매수 (+0.294)
    ST 하락추세 ─홀드 (+0.000)
    RSI 34.1 (기준 30/74) ─홀드 (+0.000)
    BB 116,168~118,712원 현재 117,100원 ─홀드 (+0.000)  ← 중간 [───●──────] 37%
    DC  ─홀드  ← 미보유 또는 청산 조건 미해당 (+0.000)
    거래량  MA25대비 0.43x  ▼(penalty) (-0.0500)  ← 점수 조정 -0.0500
    뉴스  bias=+0.020 (6건)
2026-07-27 12:20:00.345 | INFO     | stock_bot.news.crawler:fetch_naver_news:165 - news relevance filter: 2 → 0 (제외 2건) [078930]
2026-07-27 12:20:00.346 | INFO     | stock_bot.news.crawler:fetch_naver_news:170 - fetched 0 news items for 078930
2026-07-27 12:20:00.348 | DEBUG    | stock_bot.live.runner:_news_tick:624 - news 078930 new=0/0 (모두 중복)
2026-07-27 12:20:00.730 | INFO     | stock_bot.news.crawler:fetch_naver_news:170 - fetched 8 news items for 096770
2026-07-27 12:20:00.845 | DEBUG    | stock_bot.live.runner:_news_tick:624 - news 096770 new=0/8 (모두 중복)
2026-07-27 12:20:12.597 | INFO     | stock_bot.live.runner:_tick:1256 - 078930 GS [ensemble] HOLD score=+0.00 B0/S0 | 현재가 93,100원 | 손절 -4.00%(ATR)
    VWAP 93,671원 -0.61% ─홀드 (+0.000)
    ST 하락추세 ─홀드 (+0.000)
    RSI 44.7 (기준 30/74) ─홀드 (+0.000)
    BB 92,374~93,756원 현재 93,100원 ─홀드 (+0.000)  ← 중간 [─────●────] 53%
    DC  ─홀드  ← 미보유 또는 청산 조건 미해당 (+0.000)
    거래량  MA25대비 0.49x  〰(neutral) (+0.0000)  ← 임계 미달 (기준 ≥1.2/≤0.7x) → 중립
2026-07-27 12:20:23.653 | INFO     | stock_bot.live.runner:_tick:1256 - 096770 SK이노베이션 [ensemble] HOLD score=+0.26 B1/S0 | 현재가 117,000원 | 손절 -4.00%(ATR)
    VWAP 118,920원 -1.61% ▲매수 (+0.294)
    ST 하락추세 ─홀드 (+0.000)
    RSI 33.9 (기준 30/74) ─홀드 (+0.000)
    BB 116,136~118,614원 현재 117,000원 ─홀드 (+0.000)  ← 중간 [───●──────] 35%
    DC  ─홀드  ← 미보유 또는 청산 조건 미해당 (+0.000)
    거래량  MA25대비 0.65x  ▼(penalty) (-0.0500)  ← 점수 조정 -0.0500
    뉴스  bias=+0.020 (6건)
2026-07-27 12:25:00.307 | INFO     | stock_bot.news.crawler:fetch_naver_news:165 - news relevance filter: 2 → 0 (제외 2건) [078930]
2026-07-27 12:25:00.308 | INFO     | stock_bot.news.crawler:fetch_naver_news:170 - fetched 0 news items for 078930
2026-07-27 12:25:00.310 | DEBUG    | stock_bot.live.runner:_news_tick:624 - news 078930 new=0/0 (모두 중복)
2026-07-27 12:25:00.691 | INFO     | stock_bot.news.crawler:fetch_naver_news:170 - fetched 8 news items for 096770
2026-07-27 12:25:00.793 | DEBUG    | stock_bot.live.runner:_news_tick:624 - news 096770 new=0/8 (모두 중복)
2026-07-27 12:25:11.942 | INFO     | stock_bot.live.runner:_tick:1256 - 078930 GS [ensemble] HOLD score=+0.24 B1/S0 | 현재가 92,700원 | 손절 -4.00%(ATR)
    VWAP 93,661원 -1.03% ▲매수 (+0.294)
    ST 하락추세 ─홀드 (+0.000)
    RSI 41.7 (기준 30/74) ─홀드 (+0.000)
    BB 92,312~93,738원 현재 92,700원 ─홀드 (+0.000)  ← 중간 [──●───────] 27%
    DC  ─홀드  ← 미보유 또는 청산 조건 미해당 (+0.000)
    거래량  MA25대비 0.55x  ▼(penalty) (-0.0500)  ← 점수 조정 -0.0500
2026-07-27 12:25:19.617 | INFO     | stock_bot.live.runner:_tick:1256 - 096770 SK이노베이션 [ensemble] HOLD score=+0.26 B1/S0 | 현재가 116,900원 | 손절 -4.00%(ATR)
    VWAP 118,895원 -1.68% ▲매수 (+0.294)
    ST 하락추세 ─홀드 (+0.000)
    RSI 33.8 (기준 30/74) ─홀드 (+0.000)
    BB 116,093~118,507원 현재 116,900원 ─홀드 (+0.000)  ← 중간 [───●──────] 33%
    DC  ─홀드  ← 미보유 또는 청산 조건 미해당 (+0.000)
    거래량  MA25대비 0.47x  ▼(penalty) (-0.0500)  ← 점수 조정 -0.0500
    뉴스  bias=+0.020 (6건)
2026-07-27 12:30:00.300 | INFO     | stock_bot.news.crawler:fetch_naver_news:165 - news relevance filter: 2 → 0 (제외 2건) [078930]
2026-07-27 12:30:00.301 | INFO     | stock_bot.news.crawler:fetch_naver_news:170 - fetched 0 news items for 078930
2026-07-27 12:30:00.304 | DEBUG    | stock_bot.live.runner:_news_tick:624 - news 078930 new=0/0 (모두 중복)
2026-07-27 12:30:00.669 | INFO     | stock_bot.news.crawler:fetch_naver_news:170 - fetched 8 news items for 096770
2026-07-27 12:30:00.770 | DEBUG    | stock_bot.live.runner:_news_tick:624 - news 096770 new=0/8 (모두 중복)
2026-07-27 12:30:03.603 | INFO     | stock_bot.live.runner:_tick:1256 - 078930 GS [ensemble] HOLD score=+0.24 B1/S0 | 현재가 92,300원 | 손절 -4.00%(ATR)
    VWAP 93,646원 -1.44% ▲매수 (+0.294)
    ST 하락추세 ─홀드 (+0.000)
    RSI 39.3 (기준 30/74) ─홀드 (+0.000)
    BB 92,133~93,787원 현재 92,300원 ─홀드 (+0.000)  ← 하단근접 [─●────────] 10%
    DC  ─홀드  ← 미보유 또는 청산 조건 미해당 (+0.000)
    거래량  MA25대비 0.40x  ▼(penalty) (-0.0500)  ← 점수 조정 -0.0500
2026-07-27 12:30:06.810 | INFO     | stock_bot.live.runner:_tick:1256 - 096770 SK이노베이션 [ensemble] HOLD score=+0.26 B1/S0 | 현재가 116,500원 | 손절 -4.00%(ATR)
    VWAP 118,862원 -1.99% ▲매수 (+0.294)
    ST 하락추세 ─홀드 (+0.000)
    RSI 32.0 (기준 30/74) ─홀드 (+0.000)
    BB 115,943~118,497원 현재 116,500원 ─홀드 (+0.000)  ← 하단근접 [──●───────] 22%
    DC  ─홀드  ← 미보유 또는 청산 조건 미해당 (+0.000)
    거래량  MA25대비 0.64x  ▼(penalty) (-0.0500)  ← 점수 조정 -0.0500
    뉴스  bias=+0.020 (6건)
2026-07-27 12:35:00.338 | INFO     | stock_bot.news.crawler:fetch_naver_news:165 - news relevance filter: 2 → 0 (제외 2건) [078930]
2026-07-27 12:35:00.339 | INFO     | stock_bot.news.crawler:fetch_naver_news:170 - fetched 0 news items for 078930
2026-07-27 12:35:00.341 | DEBUG    | stock_bot.live.runner:_news_tick:624 - news 078930 new=0/0 (모두 중복)
2026-07-27 12:35:00.676 | INFO     | stock_bot.news.crawler:fetch_naver_news:170 - fetched 6 news items for 096770
2026-07-27 12:35:00.751 | DEBUG    | stock_bot.live.runner:_news_tick:624 - news 096770 new=0/6 (모두 중복)
2026-07-27 12:35:03.326 | INFO     | stock_bot.live.runner:_tick:1256 - 078930 GS [ensemble] HOLD score=+0.24 B1/S0 | 현재가 92,000원 | 손절 -4.00%(ATR)
    VWAP 93,618원 -1.73% ▲매수 (+0.294)
    ST 하락추세 ─홀드 (+0.000)
    RSI 37.6 (기준 30/74) ─홀드 (+0.000)
    BB 91,977~93,753원 현재 92,000원 ─홀드 (+0.000)  ← 하단근접 [●─────────] 1%
    DC  ─홀드  ← 미보유 또는 청산 조건 미해당 (+0.000)
    거래량  MA25대비 0.57x  ▼(penalty) (-0.0500)  ← 점수 조정 -0.0500
2026-07-27 12:35:05.187 | INFO     | stock_bot.live.runner:_tick:1256 - 096770 SK이노베이션 [ensemble] HOLD score=+0.26 B1/S0 | 현재가 116,500원 | 손절 -4.00%(ATR)
    VWAP 118,833원 -1.96% ▲매수 (+0.294)
    ST 하락추세 ─홀드 (+0.000)
    RSI 32.0 (기준 30/74) ─홀드 (+0.000)
    BB 115,907~118,363원 현재 116,500원 ─홀드 (+0.000)  ← 하단근접 [──●───────] 24%
    DC  ─홀드  ← 미보유 또는 청산 조건 미해당 (+0.000)
    거래량  MA25대비 0.52x  ▼(penalty) (-0.0500)  ← 점수 조정 -0.0500
    뉴스  bias=+0.020 (6건)
2026-07-27 12:40:00.295 | INFO     | stock_bot.news.crawler:fetch_naver_news:165 - news relevance filter: 2 → 0 (제외 2건) [078930]
2026-07-27 12:40:00.296 | INFO     | stock_bot.news.crawler:fetch_naver_news:170 - fetched 0 news items for 078930
2026-07-27 12:40:00.297 | DEBUG    | stock_bot.live.runner:_news_tick:624 - news 078930 new=0/0 (모두 중복)
2026-07-27 12:40:00.734 | INFO     | stock_bot.news.crawler:fetch_naver_news:170 - fetched 6 news items for 096770
2026-07-27 12:40:00.828 | DEBUG    | stock_bot.live.runner:_news_tick:624 - news 096770 new=0/6 (모두 중복)
2026-07-27 12:40:03.187 | INFO     | stock_bot.live.runner:_tick:1256 - 078930 GS [ensemble] HOLD score=+0.46 B2/S0 | 현재가 91,900원 | 손절 -4.00%(ATR)
    VWAP 93,590원 -1.81% ▲매수 (+0.294)
    ST 하락추세 ─홀드 (+0.000)
    RSI 37.0 (기준 30/74) ─홀드 (+0.000)
    BB 91,790~93,780원 현재 91,900원 ▲매수 (+0.212)
    DC  ─홀드  ← 미보유 또는 청산 조건 미해당 (+0.000)
    거래량  MA25대비 0.66x  ▼(penalty) (-0.0500)  ← 점수 조정 -0.0500
2026-07-27 12:40:04.969 | INFO     | stock_bot.live.runner:_tick:1256 - 096770 SK이노베이션 [ensemble] HOLD score=+0.26 B1/S0 | 현재가 116,200원 | 손절 -4.00%(ATR)
    VWAP 118,805원 -2.19% ▲매수 (+0.294)
    ST 하락추세 ─홀드 (+0.000)
    RSI 30.8 (기준 30/74) ─홀드 (+0.000)
    BB 115,760~118,400원 현재 116,200원 ─홀드 (+0.000)  ← 하단근접 [─●────────] 17%
    DC  ─홀드  ← 미보유 또는 청산 조건 미해당 (+0.000)
    거래량  MA25대비 0.52x  ▼(penalty) (-0.0500)  ← 점수 조정 -0.0500
    뉴스  bias=+0.020 (6건)
2026-07-27 12:45:00.312 | INFO     | stock_bot.news.crawler:fetch_naver_news:165 - news relevance filter: 2 → 0 (제외 2건) [078930]
2026-07-27 12:45:00.313 | INFO     | stock_bot.news.crawler:fetch_naver_news:170 - fetched 0 news items for 078930
2026-07-27 12:45:00.315 | DEBUG    | stock_bot.live.runner:_news_tick:624 - news 078930 new=0/0 (모두 중복)
2026-07-27 12:45:00.633 | INFO     | stock_bot.news.crawler:fetch_naver_news:170 - fetched 6 news items for 096770
2026-07-27 12:45:00.704 | DEBUG    | stock_bot.live.runner:_news_tick:624 - news 096770 new=0/6 (모두 중복)
2026-07-27 12:45:03.560 | INFO     | stock_bot.live.runner:_tick:1256 - 078930 GS [ensemble] HOLD score=+0.39 B1/S0 | 현재가 92,200원 | 손절 -4.00%(ATR)
    VWAP 93,535원 -1.43% ▲매수 (+0.294)
    ST 하락추세 ─홀드 (+0.000)
    RSI 40.1 (기준 30/74) ─홀드 (+0.000)
    BB 91,809~93,691원 현재 92,200원 ─홀드 (+0.000)  ← 하단근접 [──●───────] 21%
    DC  ─홀드  ← 미보유 또는 청산 조건 미해당 (+0.000)
    거래량  MA25대비 1.72x  ▲(boost) (+0.1000)  ← 점수 조정 +0.1000
2026-07-27 12:45:05.495 | INFO     | stock_bot.live.runner:_tick:1256 - 096770 SK이노베이션 [ensemble] HOLD score=+0.26 B1/S0 | 현재가 116,700원 | 손절 -4.00%(ATR)
    VWAP 118,774원 -1.75% ▲매수 (+0.294)
    ST 하락추세 ─홀드 (+0.000)
    RSI 34.5 (기준 30/74) ─홀드 (+0.000)
    BB 115,801~118,359원 현재 116,700원 ─홀드 (+0.000)  ← 중간 [───●──────] 35%
    DC  ─홀드  ← 미보유 또는 청산 조건 미해당 (+0.000)
    거래량  MA25대비 0.69x  ▼(penalty) (-0.0500)  ← 점수 조정 -0.0500
    뉴스  bias=+0.020 (6건)
2026-07-27 12:50:00.295 | INFO     | stock_bot.news.crawler:fetch_naver_news:165 - news relevance filter: 2 → 0 (제외 2건) [078930]
2026-07-27 12:50:00.296 | INFO     | stock_bot.news.crawler:fetch_naver_news:170 - fetched 0 news items for 078930
2026-07-27 12:50:00.299 | DEBUG    | stock_bot.live.runner:_news_tick:624 - news 078930 new=0/0 (모두 중복)
2026-07-27 12:50:00.773 | INFO     | stock_bot.news.crawler:fetch_naver_news:170 - fetched 6 news items for 096770
2026-07-27 12:50:00.866 | DEBUG    | stock_bot.live.runner:_news_tick:624 - news 096770 new=0/6 (모두 중복)
2026-07-27 12:50:02.748 | INFO     | stock_bot.live.runner:_tick:1256 - 078930 GS [ensemble] HOLD score=+0.39 B1/S0 | 현재가 91,800원 | 손절 -4.00%(ATR)
    VWAP 93,491원 -1.81% ▲매수 (+0.294)
    ST 하락추세 ─홀드 (+0.000)
    RSI 38.2 (기준 30/74) ─홀드 (+0.000)
    BB 91,617~93,653원 현재 91,800원 ─홀드 (+0.000)  ← 하단근접 [●─────────] 9%
    DC  ─홀드  ← 미보유 또는 청산 조건 미해당 (+0.000)
    거래량  MA25대비 1.23x  ▲(boost) (+0.1000)  ← 점수 조정 +0.1000
2026-07-27 12:50:04.782 | INFO     | stock_bot.live.runner:_tick:1256 - 096770 SK이노베이션 [ensemble] HOLD score=+0.31 B1/S0 | 현재가 116,500원 | 손절 -3.90%(ATR)
    VWAP 118,742원 -1.89% ▲매수 (+0.294)
    ST 하락추세 ─홀드 (+0.000)
    RSI 33.7 (기준 30/74) ─홀드 (+0.000)
    BB 115,722~118,308원 현재 116,500원 ─홀드 (+0.000)  ← 중간 [───●──────] 30%
    DC  ─홀드  ← 미보유 또는 청산 조건 미해당 (+0.000)
    거래량  MA25대비 0.71x  〰(neutral) (+0.0000)  ← 임계 미달 (기준 ≥1.2/≤0.7x) → 중립
    뉴스  bias=+0.020 (6건)
2026-07-27 12:55:00.304 | INFO     | stock_bot.news.crawler:fetch_naver_news:165 - news relevance filter: 2 → 0 (제외 2건) [078930]
2026-07-27 12:55:00.305 | INFO     | stock_bot.news.crawler:fetch_naver_news:170 - fetched 0 news items for 078930
2026-07-27 12:55:00.307 | DEBUG    | stock_bot.live.runner:_news_tick:624 - news 078930 new=0/0 (모두 중복)
2026-07-27 12:55:00.631 | INFO     | stock_bot.news.crawler:fetch_naver_news:170 - fetched 6 news items for 096770
2026-07-27 12:55:00.706 | DEBUG    | stock_bot.live.runner:_news_tick:624 - news 096770 new=0/6 (모두 중복)
2026-07-27 12:55:05.540 | INFO     | stock_bot.live.runner:_tick:1256 - 078930 GS [ensemble] HOLD score=+0.39 B1/S0 | 현재가 92,000원 | 손절 -3.98%(ATR)
    VWAP 93,439원 -1.54% ▲매수 (+0.294)
    ST 하락추세 ─홀드 (+0.000)
    RSI 40.0 (기준 30/74) ─홀드 (+0.000)
    BB 91,647~93,483원 현재 92,000원 ─홀드 (+0.000)  ← 하단근접 [─●────────] 19%
    DC  ─홀드  ← 미보유 또는 청산 조건 미해당 (+0.000)
    거래량  MA25대비 1.58x  ▲(boost) (+0.1000)  ← 점수 조정 +0.1000
2026-07-27 12:55:08.043 | INFO     | stock_bot.live.runner:_tick:1256 - 096770 SK이노베이션 [ensemble] HOLD score=+0.26 B1/S0 | 현재가 116,600원 | 손절 -3.79%(ATR)
    VWAP 118,720원 -1.79% ▲매수 (+0.294)
    ST 하락추세 ─홀드 (+0.000)
    RSI 34.9 (기준 30/74) ─홀드 (+0.000)
    BB 115,799~118,081원 현재 116,600원 ─홀드 (+0.000)  ← 중간 [───●──────] 35%
    DC  ─홀드  ← 미보유 또는 청산 조건 미해당 (+0.000)
    거래량  MA25대비 0.54x  ▼(penalty) (-0.0500)  ← 점수 조정 -0.0500
    뉴스  bias=+0.020 (6건)
2026-07-27 13:00:00.310 | INFO     | stock_bot.news.crawler:fetch_naver_news:165 - news relevance filter: 2 → 0 (제외 2건) [078930]
2026-07-27 13:00:00.311 | INFO     | stock_bot.news.crawler:fetch_naver_news:170 - fetched 0 news items for 078930
2026-07-27 13:00:00.313 | DEBUG    | stock_bot.live.runner:_news_tick:624 - news 078930 new=0/0 (모두 중복)
2026-07-27 13:00:00.714 | INFO     | stock_bot.news.crawler:fetch_naver_news:170 - fetched 6 news items for 096770
2026-07-27 13:00:00.794 | DEBUG    | stock_bot.live.runner:_news_tick:624 - news 096770 new=0/6 (모두 중복)
2026-07-27 13:00:02.849 | INFO     | stock_bot.live.runner:_tick:1256 - 078930 GS [ensemble] HOLD score=+0.29 B1/S0 | 현재가 92,200원 | 손절 -3.83%(ATR)
    VWAP 93,415원 -1.30% ▲매수 (+0.294)
    ST 하락추세 ─홀드 (+0.000)
    RSI 41.7 (기준 30/74) ─홀드 (+0.000)
    BB 91,664~93,386원 현재 92,200원 ─홀드 (+0.000)  ← 중간 [───●──────] 31%
    DC  ─홀드  ← 미보유 또는 청산 조건 미해당 (+0.000)
    거래량  MA25대비 0.91x  〰(neutral) (+0.0000)  ← 임계 미달 (기준 ≥1.2/≤0.7x) → 중립
2026-07-27 13:00:04.871 | INFO     | stock_bot.live.runner:_tick:1256 - 096770 SK이노베이션 [ensemble] HOLD score=+0.26 B1/S0 | 현재가 116,400원 | 손절 -3.70%(ATR)
    VWAP 118,698원 -1.94% ▲매수 (+0.294)
    ST 하락추세 ─홀드 (+0.000)
    RSI 34.0 (기준 30/74) ─홀드 (+0.000)
    BB 115,800~117,910원 현재 116,400원 ─홀드 (+0.000)  ← 중간 [──●───────] 28%
    DC  ─홀드  ← 미보유 또는 청산 조건 미해당 (+0.000)
    거래량  MA25대비 0.58x  ▼(penalty) (-0.0500)  ← 점수 조정 -0.0500
    뉴스  bias=+0.020 (6건)
2026-07-27 13:05:00.301 | INFO     | stock_bot.news.crawler:fetch_naver_news:165 - news relevance filter: 2 → 0 (제외 2건) [078930]
2026-07-27 13:05:00.302 | INFO     | stock_bot.news.crawler:fetch_naver_news:170 - fetched 0 news items for 078930
2026-07-27 13:05:00.304 | DEBUG    | stock_bot.live.runner:_news_tick:624 - news 078930 new=0/0 (모두 중복)
2026-07-27 13:05:00.694 | INFO     | stock_bot.news.crawler:fetch_naver_news:170 - fetched 7 news items for 096770
2026-07-27 13:05:00.778 | DEBUG    | stock_bot.live.runner:_news_tick:624 - news 096770 new=0/7 (모두 중복)
2026-07-27 13:05:02.626 | INFO     | stock_bot.live.runner:_tick:1256 - 078930 GS [ensemble] HOLD score=+0.24 B1/S0 | 현재가 92,300원 | 손절 -4.00%(ATR)
    VWAP 93,397원 -1.18% ▲매수 (+0.294)
    ST 하락추세 ─홀드 (+0.000)
    RSI 43.0 (기준 30/74) ─홀드 (+0.000)
    BB 91,662~93,288원 현재 92,300원 ─홀드 (+0.000)  ← 중간 [───●──────] 39%
    DC  ─홀드  ← 미보유 또는 청산 조건 미해당 (+0.000)
    거래량  MA25대비 0.70x  ▼(penalty) (-0.0500)  ← 점수 조정 -0.0500
2026-07-27 13:05:04.647 | INFO     | stock_bot.live.runner:_tick:1256 - 096770 SK이노베이션 [ensemble] HOLD score=+0.31 B1/S0 | 현재가 116,500원 | 손절 -3.52%(ATR)
    VWAP 118,669원 -1.83% ▲매수 (+0.294)
    ST 하락추세 ─홀드 (+0.000)
    RSI 34.4 (기준 30/74) ─홀드 (+0.000)
    BB 115,854~117,726원 현재 116,500원 ─홀드 (+0.000)  ← 중간 [───●──────] 35%
    DC  ─홀드  ← 미보유 또는 청산 조건 미해당 (+0.000)
    거래량  MA25대비 0.76x  〰(neutral) (+0.0000)  ← 임계 미달 (기준 ≥1.2/≤0.7x) → 중립
    뉴스  bias=+0.020 (6건)
2026-07-27 13:10:00.305 | INFO     | stock_bot.news.crawler:fetch_naver_news:165 - news relevance filter: 2 → 0 (제외 2건) [078930]
2026-07-27 13:10:00.306 | INFO     | stock_bot.news.crawler:fetch_naver_news:170 - fetched 0 news items for 078930
2026-07-27 13:10:00.308 | DEBUG    | stock_bot.live.runner:_news_tick:624 - news 078930 new=0/0 (모두 중복)
2026-07-27 13:10:00.646 | INFO     | stock_bot.news.crawler:fetch_naver_news:170 - fetched 4 news items for 096770
2026-07-27 13:10:00.685 | DEBUG    | stock_bot.live.runner:_news_tick:624 - news 096770 new=0/4 (모두 중복)
2026-07-27 13:10:11.886 | INFO     | stock_bot.live.runner:_tick:1256 - 078930 GS [ensemble] HOLD score=+0.29 B1/S0 | 현재가 92,500원 | 손절 -4.00%(ATR)
    VWAP 93,383원 -0.95% ▲매수 (+0.294)
    ST 하락추세 ─홀드 (+0.000)
    RSI 44.4 (기준 30/74) ─홀드 (+0.000)
    BB 91,700~93,260원 현재 92,500원 ─홀드 (+0.000)  ← 중간 [─────●────] 51%
    DC  ─홀드  ← 미보유 또는 청산 조건 미해당 (+0.000)
    거래량  MA25대비 0.85x  〰(neutral) (+0.0000)  ← 임계 미달 (기준 ≥1.2/≤0.7x) → 중립
2026-07-27 13:10:20.212 | INFO     | stock_bot.live.runner:_tick:1256 - 096770 SK이노베이션 [ensemble] HOLD score=+0.31 B1/S0 | 현재가 116,500원 | 손절 -3.38%(ATR)
    VWAP 118,636원 -1.80% ▲매수 (+0.294)
    ST 하락추세 ─홀드 (+0.000)
    RSI 35.0 (기준 30/74) ─홀드 (+0.000)
    BB 115,925~117,505원 현재 116,500원 ─홀드 (+0.000)  ← 중간 [───●──────] 36%
    DC  ─홀드  ← 미보유 또는 청산 조건 미해당 (+0.000)
    거래량  MA25대비 1.11x  〰(neutral) (+0.0000)  ← 임계 미달 (기준 ≥1.2/≤0.7x) → 중립
    뉴스  bias=+0.020 (6건)
2026-07-27 13:15:00.312 | INFO     | stock_bot.news.crawler:fetch_naver_news:165 - news relevance filter: 2 → 0 (제외 2건) [078930]
2026-07-27 13:15:00.312 | INFO     | stock_bot.news.crawler:fetch_naver_news:170 - fetched 0 news items for 078930
2026-07-27 13:15:00.315 | DEBUG    | stock_bot.live.runner:_news_tick:624 - news 078930 new=0/0 (모두 중복)
2026-07-27 13:15:00.649 | INFO     | stock_bot.news.crawler:fetch_naver_news:170 - fetched 4 news items for 096770
2026-07-27 13:15:00.688 | DEBUG    | stock_bot.live.runner:_news_tick:624 - news 096770 new=0/4 (모두 중복)
2026-07-27 13:15:02.854 | INFO     | stock_bot.live.runner:_tick:1256 - 078930 GS [ensemble] HOLD score=+0.29 B1/S0 | 현재가 92,700원 | 손절 -3.91%(ATR)
    VWAP 93,374원 -0.72% ▲매수 (+0.294)
    ST 하락추세 ─홀드 (+0.000)
    RSI 46.1 (기준 30/74) ─홀드 (+0.000)
    BB 91,719~93,221원 현재 92,700원 ─홀드 (+0.000)  ← 중간 [──────●───] 65%
    DC  ─홀드  ← 미보유 또는 청산 조건 미해당 (+0.000)
    거래량  MA25대비 0.91x  〰(neutral) (+0.0000)  ← 임계 미달 (기준 ≥1.2/≤0.7x) → 중립
2026-07-27 13:15:04.659 | INFO     | stock_bot.live.runner:_tick:1256 - 096770 SK이노베이션 [ensemble] HOLD score=+0.31 B1/S0 | 현재가 116,900원 | 손절 -3.33%(ATR)
    VWAP 118,617원 -1.45% ▲매수 (+0.294)
    ST 하락추세 ─홀드 (+0.000)
    RSI 38.7 (기준 30/74) ─홀드 (+0.000)
    BB 116,075~117,295원 현재 116,900원 ─홀드 (+0.000)  ← 중간 [──────●───] 68%
    DC  ─홀드  ← 미보유 또는 청산 조건 미해당 (+0.000)
    거래량  MA25대비 0.74x  〰(neutral) (+0.0000)  ← 임계 미달 (기준 ≥1.2/≤0.7x) → 중립
    뉴스  bias=+0.020 (6건)
2026-07-27 13:20:00.286 | INFO     | stock_bot.news.crawler:fetch_naver_news:165 - news relevance filter: 2 → 0 (제외 2건) [078930]
2026-07-27 13:20:00.287 | INFO     | stock_bot.news.crawler:fetch_naver_news:170 - fetched 0 news items for 078930
2026-07-27 13:20:00.288 | DEBUG    | stock_bot.live.runner:_news_tick:624 - news 078930 new=0/0 (모두 중복)
2026-07-27 13:20:00.670 | INFO     | stock_bot.news.crawler:fetch_naver_news:170 - fetched 4 news items for 096770
2026-07-27 13:20:00.710 | DEBUG    | stock_bot.live.runner:_news_tick:624 - news 096770 new=0/4 (모두 중복)
2026-07-27 13:20:03.011 | INFO     | stock_bot.live.runner:_tick:1256 - 078930 GS [ensemble] HOLD score=+0.00 B0/S0 | 현재가 92,800원 | 손절 -3.85%(ATR)
    VWAP 93,367원 -0.61% ─홀드 (+0.000)
    ST 하락추세 ─홀드 (+0.000)
    RSI 47.2 (기준 30/74) ─홀드 (+0.000)
    BB 91,708~93,252원 현재 92,800원 ─홀드 (+0.000)  ← 중간 [───────●──] 71%
    DC  ─홀드  ← 미보유 또는 청산 조건 미해당 (+0.000)
    거래량  MA25대비 0.87x  〰(neutral) (+0.0000)  ← 임계 미달 (기준 ≥1.2/≤0.7x) → 중립
2026-07-27 13:20:04.868 | INFO     | stock_bot.live.runner:_tick:1256 - 096770 SK이노베이션 [ensemble] HOLD score=+0.31 B1/S0 | 현재가 117,600원 | 손절 -3.48%(ATR)
    VWAP 118,599원 -0.84% ▲매수 (+0.294)
    ST 하락추세 ─홀드 (+0.000)
    RSI 44.3 (기준 30/74) ─홀드 (+0.000)
    BB 115,956~117,504원 현재 117,600원 ─홀드 (+0.000)  ← 상단근접 [─────────●] 106%
    DC  ─홀드  ← 미보유 또는 청산 조건 미해당 (+0.000)
    거래량  MA25대비 1.16x  〰(neutral) (+0.0000)  ← 임계 미달 (기준 ≥1.2/≤0.7x) → 중립
    뉴스  bias=+0.020 (6건)
2026-07-27 13:25:00.305 | INFO     | stock_bot.news.crawler:fetch_naver_news:165 - news relevance filter: 2 → 0 (제외 2건) [078930]
2026-07-27 13:25:00.306 | INFO     | stock_bot.news.crawler:fetch_naver_news:170 - fetched 0 news items for 078930
2026-07-27 13:25:00.308 | DEBUG    | stock_bot.live.runner:_news_tick:624 - news 078930 new=0/0 (모두 중복)
2026-07-27 13:25:00.634 | INFO     | stock_bot.news.crawler:fetch_naver_news:170 - fetched 4 news items for 096770
2026-07-27 13:25:00.673 | DEBUG    | stock_bot.live.runner:_news_tick:624 - news 096770 new=0/4 (모두 중복)
2026-07-27 13:25:02.815 | INFO     | stock_bot.live.runner:_tick:1256 - 078930 GS [ensemble] HOLD score=+0.00 B0/S0 | 현재가 92,800원 | 손절 -3.91%(ATR)
    VWAP 93,359원 -0.60% ─홀드 (+0.000)
    ST 하락추세 ─홀드 (+0.000)
    RSI 47.1 (기준 30/74) ─홀드 (+0.000)
    BB 91,699~93,311원 현재 92,800원 ─홀드 (+0.000)  ← 중간 [──────●───] 68%
    DC  ─홀드  ← 미보유 또는 청산 조건 미해당 (+0.000)
    거래량  MA25대비 0.98x  〰(neutral) (+0.0000)  ← 임계 미달 (기준 ≥1.2/≤0.7x) → 중립
2026-07-27 13:25:04.669 | INFO     | stock_bot.live.runner:_tick:1256 - 096770 SK이노베이션 [ensemble] HOLD score=+0.31 B1/S0 | 현재가 117,000원 | 손절 -3.48%(ATR)
    VWAP 118,584원 -1.34% ▲매수 (+0.294)
    ST 하락추세 ─홀드 (+0.000)
    RSI 40.7 (기준 30/74) ─홀드 (+0.000)
    BB 115,956~117,514원 현재 117,000원 ─홀드 (+0.000)  ← 중간 [──────●───] 67%
    DC  ─홀드  ← 미보유 또는 청산 조건 미해당 (+0.000)
    거래량  MA25대비 0.86x  〰(neutral) (+0.0000)  ← 임계 미달 (기준 ≥1.2/≤0.7x) → 중립
    뉴스  bias=+0.020 (6건)
2026-07-27 13:30:00.316 | INFO     | stock_bot.news.crawler:fetch_naver_news:165 - news relevance filter: 2 → 0 (제외 2건) [078930]
2026-07-27 13:30:00.317 | INFO     | stock_bot.news.crawler:fetch_naver_news:170 - fetched 0 news items for 078930
2026-07-27 13:30:00.319 | DEBUG    | stock_bot.live.runner:_news_tick:624 - news 078930 new=0/0 (모두 중복)
2026-07-27 13:30:00.641 | INFO     | stock_bot.news.crawler:fetch_naver_news:170 - fetched 4 news items for 096770
2026-07-27 13:30:00.682 | DEBUG    | stock_bot.live.runner:_news_tick:624 - news 096770 new=0/4 (모두 중복)
2026-07-27 13:30:15.706 | INFO     | stock_bot.live.runner:_tick:1256 - 078930 GS [ensemble] HOLD score=+0.00 B0/S0 | 현재가 92,800원 | 손절 -3.82%(ATR)
    VWAP 93,347원 -0.59% ─홀드 (+0.000)
    ST 하락추세 ─홀드 (+0.000)
    RSI 47.3 (기준 30/74) ─홀드 (+0.000)
    BB 91,716~93,254원 현재 92,800원 ─홀드 (+0.000)  ← 중간 [───────●──] 70%
    DC  ─홀드  ← 미보유 또는 청산 조건 미해당 (+0.000)
    거래량  MA25대비 0.92x  〰(neutral) (+0.0000)  ← 임계 미달 (기준 ≥1.2/≤0.7x) → 중립
2026-07-27 13:30:26.787 | INFO     | stock_bot.live.runner:_tick:1256 - 096770 SK이노베이션 [ensemble] HOLD score=+0.41 B1/S0 | 현재가 117,100원 | 손절 -3.48%(ATR)
    VWAP 118,550원 -1.22% ▲매수 (+0.294)
    ST 하락추세 ─홀드 (+0.000)
    RSI 41.7 (기준 30/74) ─홀드 (+0.000)
    BB 116,031~117,429원 현재 117,100원 ─홀드 (+0.000)  ← 상단근접 [───────●──] 76%
    DC  ─홀드  ← 미보유 또는 청산 조건 미해당 (+0.000)
    거래량  MA25대비 1.49x  ▲(boost) (+0.1000)  ← 점수 조정 +0.1000
    뉴스  bias=+0.020 (6건)
2026-07-27 13:35:00.296 | INFO     | stock_bot.news.crawler:fetch_naver_news:165 - news relevance filter: 2 → 0 (제외 2건) [078930]
2026-07-27 13:35:00.297 | INFO     | stock_bot.news.crawler:fetch_naver_news:170 - fetched 0 news items for 078930
2026-07-27 13:35:00.299 | DEBUG    | stock_bot.live.runner:_news_tick:624 - news 078930 new=0/0 (모두 중복)
2026-07-27 13:35:00.679 | INFO     | stock_bot.news.crawler:fetch_naver_news:170 - fetched 4 news items for 096770
2026-07-27 13:35:00.719 | DEBUG    | stock_bot.live.runner:_news_tick:624 - news 096770 new=0/4 (모두 중복)
2026-07-27 13:35:03.574 | INFO     | stock_bot.live.runner:_tick:1256 - 078930 GS [ensemble] HOLD score=+0.00 B0/S0 | 현재가 92,800원 | 손절 -3.62%(ATR)
    VWAP 93,341원 -0.58% ─홀드 (+0.000)
    ST 하락추세 ─홀드 (+0.000)
    RSI 47.3 (기준 30/74) ─홀드 (+0.000)
    BB 91,716~93,254원 현재 92,800원 ─홀드 (+0.000)  ← 중간 [───────●──] 70%
    DC  ─홀드  ← 미보유 또는 청산 조건 미해당 (+0.000)
    거래량  MA25대비 0.96x  〰(neutral) (+0.0000)  ← 임계 미달 (기준 ≥1.2/≤0.7x) → 중립
2026-07-27 13:35:05.446 | INFO     | stock_bot.live.runner:_tick:1256 - 096770 SK이노베이션 [ensemble] HOLD score=+0.31 B1/S0 | 현재가 117,500원 | 손절 -3.40%(ATR)
    VWAP 118,534원 -0.87% ▲매수 (+0.294)
    ST 하락추세 ─홀드 (+0.000)
    RSI 44.9 (기준 30/74) ─홀드 (+0.000)
    BB 115,951~117,619원 현재 117,500원 ─홀드 (+0.000)  ← 상단근접 [─────────●] 93%
    DC  ─홀드  ← 미보유 또는 청산 조건 미해당 (+0.000)
    거래량  MA25대비 1.08x  〰(neutral) (+0.0000)  ← 임계 미달 (기준 ≥1.2/≤0.7x) → 중립
    뉴스  bias=+0.020 (6건)
2026-07-27 13:40:00.315 | INFO     | stock_bot.news.crawler:fetch_naver_news:165 - news relevance filter: 2 → 0 (제외 2건) [078930]
2026-07-27 13:40:00.316 | INFO     | stock_bot.news.crawler:fetch_naver_news:170 - fetched 0 news items for 078930
2026-07-27 13:40:00.317 | DEBUG    | stock_bot.live.runner:_news_tick:624 - news 078930 new=0/0 (모두 중복)
2026-07-27 13:40:00.649 | INFO     | stock_bot.news.crawler:fetch_naver_news:170 - fetched 4 news items for 096770
2026-07-27 13:40:00.688 | DEBUG    | stock_bot.live.runner:_news_tick:624 - news 096770 new=0/4 (모두 중복)
2026-07-27 13:40:15.723 | INFO     | stock_bot.live.runner:_tick:1256 - 078930 GS [ensemble] HOLD score=+0.00 B0/S0 | 현재가 93,100원 | 손절 -3.61%(ATR)
    VWAP 93,334원 -0.25% ─홀드 (+0.000)
    ST 하락추세 ─홀드 (+0.000)
    RSI 50.0 (기준 30/74) ─홀드 (+0.000)
    BB 91,689~93,331원 현재 93,100원 ─홀드 (+0.000)  ← 상단근접 [────────●─] 86%
    DC  ─홀드  ← 미보유 또는 청산 조건 미해당 (+0.000)
    거래량  MA25대비 0.78x  〰(neutral) (+0.0000)  ← 임계 미달 (기준 ≥1.2/≤0.7x) → 중립
2026-07-27 13:40:26.138 | INFO     | stock_bot.live.runner:_tick:1256 - 096770 SK이노베이션 [ensemble] HOLD score=+0.31 B1/S0 | 현재가 117,400원 | 손절 -3.33%(ATR)
    VWAP 118,518원 -0.94% ▲매수 (+0.294)
    ST 하락추세 ─홀드 (+0.000)
    RSI 43.5 (기준 30/74) ─홀드 (+0.000)
    BB 115,952~117,698원 현재 117,400원 ─홀드 (+0.000)  ← 상단근접 [────────●─] 83%
    DC  ─홀드  ← 미보유 또는 청산 조건 미해당 (+0.000)
    거래량  MA25대비 1.16x  〰(neutral) (+0.0000)  ← 임계 미달 (기준 ≥1.2/≤0.7x) → 중립
    뉴스  bias=+0.020 (6건)
2026-07-27 13:45:00.295 | INFO     | stock_bot.news.crawler:fetch_naver_news:165 - news relevance filter: 2 → 0 (제외 2건) [078930]
2026-07-27 13:45:00.296 | INFO     | stock_bot.news.crawler:fetch_naver_news:170 - fetched 0 news items for 078930
2026-07-27 13:45:00.297 | DEBUG    | stock_bot.live.runner:_news_tick:624 - news 078930 new=0/0 (모두 중복)
2026-07-27 13:45:00.631 | INFO     | stock_bot.news.crawler:fetch_naver_news:170 - fetched 4 news items for 096770
2026-07-27 13:45:00.671 | DEBUG    | stock_bot.live.runner:_news_tick:624 - news 096770 new=0/4 (모두 중복)
2026-07-27 13:45:03.204 | INFO     | stock_bot.live.runner:_tick:1256 - 078930 GS [ensemble] HOLD score=+0.00 B0/S0 | 현재가 93,300원 | 손절 -3.38%(ATR)
    VWAP 93,331원 -0.03% ─홀드 (+0.000)
    ST 하락추세 ─홀드 (+0.000)
    RSI 51.7 (기준 30/74) ─홀드 (+0.000)
    BB 91,644~93,486원 현재 93,300원 ─홀드 (+0.000)  ← 상단근접 [────────●─] 90%
    DC  ─홀드  ← 미보유 또는 청산 조건 미해당 (+0.000)
    거래량  MA25대비 1.48x  〰(neutral) (+0.0000)  ← 임계 미달 (기준 ≥1.2/≤0.7x) → 중립
2026-07-27 13:45:05.210 | INFO     | stock_bot.live.runner:_tick:1256 - 096770 SK이노베이션 [ensemble] HOLD score=+0.41 B1/S0 | 현재가 117,500원 | 손절 -3.26%(ATR)
    VWAP 118,504원 -0.85% ▲매수 (+0.294)
    ST 하락추세 ─홀드 (+0.000)
    RSI 45.5 (기준 30/74) ─홀드 (+0.000)
    BB 116,024~117,786원 현재 117,500원 ─홀드 (+0.000)  ← 상단근접 [────────●─] 84%
    DC  ─홀드  ← 미보유 또는 청산 조건 미해당 (+0.000)
    거래량  MA25대비 1.25x  ▲(boost) (+0.1000)  ← 점수 조정 +0.1000
    뉴스  bias=+0.020 (6건)
2026-07-27 13:50:00.311 | INFO     | stock_bot.news.crawler:fetch_naver_news:165 - news relevance filter: 2 → 0 (제외 2건) [078930]
2026-07-27 13:50:00.312 | INFO     | stock_bot.news.crawler:fetch_naver_news:170 - fetched 0 news items for 078930
2026-07-27 13:50:00.313 | DEBUG    | stock_bot.live.runner:_news_tick:624 - news 078930 new=0/0 (모두 중복)
2026-07-27 13:50:00.738 | INFO     | stock_bot.news.crawler:fetch_naver_news:165 - news relevance filter: 5 → 4 (제외 1건) [096770]
2026-07-27 13:50:00.740 | INFO     | stock_bot.news.crawler:fetch_naver_news:170 - fetched 4 news items for 096770
2026-07-27 13:50:00.779 | DEBUG    | stock_bot.live.runner:_news_tick:624 - news 096770 new=0/4 (모두 중복)
2026-07-27 13:50:03.432 | INFO     | stock_bot.live.runner:_tick:1256 - 078930 GS [ensemble] HOLD score=+0.00 B0/S0 | 현재가 93,000원 | 손절 -3.44%(ATR)
    VWAP 93,330원 -0.35% ─홀드 (+0.000)
    ST 하락추세 ─홀드 (+0.000)
    RSI 49.4 (기준 30/74) ─홀드 (+0.000)
    BB 91,660~93,460원 현재 93,000원 ─홀드 (+0.000)  ← 중간 [───────●──] 74%
    DC  ─홀드  ← 미보유 또는 청산 조건 미해당 (+0.000)
    거래량  MA25대비 1.65x  〰(neutral) (+0.0000)  ← 임계 미달 (기준 ≥1.2/≤0.7x) → 중립
2026-07-27 13:50:05.313 | INFO     | stock_bot.live.runner:_tick:1256 - 096770 SK이노베이션 [ensemble] HOLD score=+0.41 B1/S0 | 현재가 117,300원 | 손절 -3.21%(ATR)
    VWAP 118,487원 -1.00% ▲매수 (+0.294)
    ST 하락추세 ─홀드 (+0.000)
    RSI 44.1 (기준 30/74) ─홀드 (+0.000)
    BB 116,021~117,799원 현재 117,300원 ─홀드 (+0.000)  ← 중간 [───────●──] 72%
    DC  ─홀드  ← 미보유 또는 청산 조건 미해당 (+0.000)
    거래량  MA25대비 1.23x  ▲(boost) (+0.1000)  ← 점수 조정 +0.1000
    뉴스  bias=+0.020 (6건)
2026-07-27 13:55:00.310 | INFO     | stock_bot.news.crawler:fetch_naver_news:165 - news relevance filter: 2 → 0 (제외 2건) [078930]
2026-07-27 13:55:00.312 | INFO     | stock_bot.news.crawler:fetch_naver_news:170 - fetched 0 news items for 078930
2026-07-27 13:55:00.313 | DEBUG    | stock_bot.live.runner:_news_tick:624 - news 078930 new=0/0 (모두 중복)
2026-07-27 13:55:00.670 | INFO     | stock_bot.news.crawler:fetch_naver_news:165 - news relevance filter: 5 → 4 (제외 1건) [096770]
2026-07-27 13:55:00.671 | INFO     | stock_bot.news.crawler:fetch_naver_news:170 - fetched 4 news items for 096770
2026-07-27 13:55:00.710 | DEBUG    | stock_bot.live.runner:_news_tick:624 - news 096770 new=0/4 (모두 중복)
2026-07-27 13:55:04.539 | INFO     | stock_bot.live.runner:_tick:1256 - 078930 GS [ensemble] HOLD score=+0.00 B0/S0 | 현재가 93,300원 | 손절 -3.36%(ATR)
    VWAP 93,328원 -0.03% ─홀드 (+0.000)
    ST 하락추세 ─홀드 (+0.000)
    RSI 51.6 (기준 30/74) ─홀드 (+0.000)
    BB 91,610~93,580원 현재 93,300원 ─홀드 (+0.000)  ← 상단근접 [────────●─] 86%
    DC  ─홀드  ← 미보유 또는 청산 조건 미해당 (+0.000)
    거래량  MA25대비 1.06x  〰(neutral) (+0.0000)  ← 임계 미달 (기준 ≥1.2/≤0.7x) → 중립
2026-07-27 13:55:07.043 | INFO     | stock_bot.live.runner:_tick:1256 - 096770 SK이노베이션 [ensemble] HOLD score=+0.02 B0/S0 | 현재가 117,700원 | 손절 -3.08%(ATR)
    VWAP 118,475원 -0.65% ─홀드 (+0.000)
    ST 하락추세 ─홀드 (+0.000)
    RSI 46.6 (기준 30/74) ─홀드 (+0.000)
    BB 115,971~117,949원 현재 117,700원 ─홀드 (+0.000)  ← 상단근접 [────────●─] 87%
    DC  ─홀드  ← 미보유 또는 청산 조건 미해당 (+0.000)
    거래량  MA25대비 1.02x  〰(neutral) (+0.0000)  ← 임계 미달 (기준 ≥1.2/≤0.7x) → 중립
    뉴스  bias=+0.020 (6건)
2026-07-27 14:00:00.311 | INFO     | stock_bot.news.crawler:fetch_naver_news:165 - news relevance filter: 2 → 0 (제외 2건) [078930]
2026-07-27 14:00:00.312 | INFO     | stock_bot.news.crawler:fetch_naver_news:170 - fetched 0 news items for 078930
2026-07-27 14:00:00.313 | DEBUG    | stock_bot.live.runner:_news_tick:624 - news 078930 new=0/0 (모두 중복)
2026-07-27 14:00:00.649 | INFO     | stock_bot.news.crawler:fetch_naver_news:165 - news relevance filter: 5 → 4 (제외 1건) [096770]
2026-07-27 14:00:00.649 | INFO     | stock_bot.news.crawler:fetch_naver_news:170 - fetched 4 news items for 096770
2026-07-27 14:00:00.690 | DEBUG    | stock_bot.live.runner:_news_tick:624 - news 096770 new=0/4 (모두 중복)
2026-07-27 14:00:02.963 | INFO     | stock_bot.live.runner:_tick:1256 - 078930 GS [ensemble] HOLD score=+0.00 B0/S0 | 현재가 93,000원 | 손절 -3.32%(ATR)
    VWAP 93,326원 -0.35% ─홀드 (+0.000)
    ST 하락추세 ─홀드 (+0.000)
    RSI 48.9 (기준 30/74) ─홀드 (+0.000)
    BB 91,616~93,584원 현재 93,000원 ─홀드 (+0.000)  ← 중간 [───────●──] 70%
    DC  ─홀드  ← 미보유 또는 청산 조건 미해당 (+0.000)
    거래량  MA25대비 0.76x  〰(neutral) (+0.0000)  ← 임계 미달 (기준 ≥1.2/≤0.7x) → 중립
2026-07-27 14:00:04.850 | INFO     | stock_bot.live.runner:_tick:1256 - 096770 SK이노베이션 [ensemble] HOLD score=+0.28 B1/S0 | 현재가 118,300원 | 손절 -3.16%(ATR)
    VWAP 118,467원 -0.14% ─홀드 (+0.000)
    ST 하락→상승전환 ▲매수 (+0.259)
    RSI 51.3 (기준 30/74) ─홀드 (+0.000)
    BB 115,842~118,268원 현재 118,300원 ─홀드 (+0.000)  ← 상단근접 [─────────●] 101%
    DC  ─홀드  ← 미보유 또는 청산 조건 미해당 (+0.000)
    거래량  MA25대비 1.13x  〰(neutral) (+0.0000)  ← 임계 미달 (기준 ≥1.2/≤0.7x) → 중립
    뉴스  bias=+0.020 (6건)
2026-07-27 14:05:00.299 | INFO     | stock_bot.news.crawler:fetch_naver_news:165 - news relevance filter: 2 → 0 (제외 2건) [078930]
2026-07-27 14:05:00.300 | INFO     | stock_bot.news.crawler:fetch_naver_news:170 - fetched 0 news items for 078930
2026-07-27 14:05:00.301 | DEBUG    | stock_bot.live.runner:_news_tick:624 - news 078930 new=0/0 (모두 중복)
2026-07-27 14:05:00.685 | INFO     | stock_bot.news.crawler:fetch_naver_news:165 - news relevance filter: 5 → 4 (제외 1건) [096770]
2026-07-27 14:05:00.687 | INFO     | stock_bot.news.crawler:fetch_naver_news:170 - fetched 4 news items for 096770
2026-07-27 14:05:00.726 | DEBUG    | stock_bot.live.runner:_news_tick:624 - news 096770 new=0/4 (모두 중복)
2026-07-27 14:05:11.797 | INFO     | stock_bot.live.runner:_tick:1256 - 078930 GS [ensemble] HOLD score=+0.00 B0/S0 | 현재가 93,300원 | 손절 -3.21%(ATR)
    VWAP 93,324원 -0.03% ─홀드 (+0.000)
    ST 하락추세 ─홀드 (+0.000)
    RSI 51.8 (기준 30/74) ─홀드 (+0.000)
    BB 91,614~93,716원 현재 93,300원 ─홀드 (+0.000)  ← 상단근접 [────────●─] 80%
    DC  ─홀드  ← 미보유 또는 청산 조건 미해당 (+0.000)
    거래량  MA25대비 1.90x  〰(neutral) (+0.0000)  ← 임계 미달 (기준 ≥1.2/≤0.7x) → 중립
2026-07-27 14:05:18.692 | INFO     | stock_bot.live.runner:_tick:1256 - 096770 SK이노베이션 [ensemble] HOLD score=+0.02 B0/S0 | 현재가 118,100원 | 손절 -3.11%(ATR)
    VWAP 118,457원 -0.30% ─홀드 (+0.000)
    ST 하락추세 ─홀드 (+0.000)
    RSI 49.8 (기준 30/74) ─홀드 (+0.000)
    BB 115,892~118,358원 현재 118,100원 ─홀드 (+0.000)  ← 상단근접 [────────●─] 90%
    DC  ─홀드  ← 미보유 또는 청산 조건 미해당 (+0.000)
    거래량  MA25대비 1.90x  〰(neutral) (+0.0000)  ← 임계 미달 (기준 ≥1.2/≤0.7x) → 중립
    뉴스  bias=+0.020 (6건)
2026-07-27 14:10:00.303 | INFO     | stock_bot.news.crawler:fetch_naver_news:165 - news relevance filter: 2 → 0 (제외 2건) [078930]
2026-07-27 14:10:00.304 | INFO     | stock_bot.news.crawler:fetch_naver_news:170 - fetched 0 news items for 078930
2026-07-27 14:10:00.305 | DEBUG    | stock_bot.live.runner:_news_tick:624 - news 078930 new=0/0 (모두 중복)
2026-07-27 14:10:00.621 | INFO     | stock_bot.news.crawler:fetch_naver_news:165 - news relevance filter: 6 → 4 (제외 2건) [096770]
2026-07-27 14:10:00.622 | INFO     | stock_bot.news.crawler:fetch_naver_news:170 - fetched 4 news items for 096770
2026-07-27 14:10:00.661 | DEBUG    | stock_bot.live.runner:_news_tick:624 - news 096770 new=0/4 (모두 중복)
2026-07-27 14:10:03.255 | INFO     | stock_bot.live.runner:_tick:1256 - 078930 GS [ensemble] HOLD score=+0.00 B0/S0 | 현재가 93,200원 | 손절 -3.17%(ATR)
    VWAP 93,320원 -0.13% ─홀드 (+0.000)
    ST 하락추세 ─홀드 (+0.000)
    RSI 50.9 (기준 30/74) ─홀드 (+0.000)
    BB 91,703~93,737원 현재 93,200원 ─홀드 (+0.000)  ← 중간 [───────●──] 74%
    DC  ─홀드  ← 미보유 또는 청산 조건 미해당 (+0.000)
    거래량  MA25대비 1.14x  〰(neutral) (+0.0000)  ← 임계 미달 (기준 ≥1.2/≤0.7x) → 중립
2026-07-27 14:10:05.200 | INFO     | stock_bot.live.runner:_tick:1256 - 096770 SK이노베이션 [ensemble] HOLD score=+0.38 B1/S0 | 현재가 118,500원 | 손절 -3.11%(ATR)
    VWAP 118,457원 +0.04% ─홀드 (+0.000)
    ST 하락→상승전환 ▲매수 (+0.259)
    RSI 53.1 (기준 30/74) ─홀드 (+0.000)
    BB 115,826~118,674원 현재 118,500원 ─홀드 (+0.000)  ← 상단근접 [─────────●] 94%
    DC  ─홀드  ← 미보유 또는 청산 조건 미해당 (+0.000)
    거래량  MA25대비 1.50x  ▲(boost) (+0.1000)  ← 점수 조정 +0.1000
    뉴스  bias=+0.020 (6건)
2026-07-27 14:15:00.296 | INFO     | stock_bot.news.crawler:fetch_naver_news:165 - news relevance filter: 2 → 0 (제외 2건) [078930]
2026-07-27 14:15:00.297 | INFO     | stock_bot.news.crawler:fetch_naver_news:170 - fetched 0 news items for 078930
2026-07-27 14:15:00.299 | DEBUG    | stock_bot.live.runner:_news_tick:624 - news 078930 new=0/0 (모두 중복)
2026-07-27 14:15:00.628 | INFO     | stock_bot.news.crawler:fetch_naver_news:165 - news relevance filter: 6 → 4 (제외 2건) [096770]
2026-07-27 14:15:00.629 | INFO     | stock_bot.news.crawler:fetch_naver_news:170 - fetched 4 news items for 096770
2026-07-27 14:15:00.669 | DEBUG    | stock_bot.live.runner:_news_tick:624 - news 096770 new=0/4 (모두 중복)
2026-07-27 14:15:16.417 | INFO     | stock_bot.live.runner:_tick:1256 - 078930 GS [ensemble] HOLD score=+0.00 B0/S0 | 현재가 93,300원 | 손절 -3.15%(ATR)
    VWAP 93,320원 -0.02% ─홀드 (+0.000)
    ST 하락추세 ─홀드 (+0.000)
    RSI 51.8 (기준 30/74) ─홀드 (+0.000)
    BB 91,819~93,761원 현재 93,300원 ─홀드 (+0.000)  ← 상단근접 [───────●──] 76%
    DC  ─홀드  ← 미보유 또는 청산 조건 미해당 (+0.000)
    거래량  MA25대비 1.72x  〰(neutral) (+0.0000)  ← 임계 미달 (기준 ≥1.2/≤0.7x) → 중립
2026-07-27 14:15:28.379 | INFO     | stock_bot.live.runner:_tick:1256 - 096770 SK이노베이션 [ensemble] HOLD score=+0.02 B0/S0 | 현재가 118,200원 | 손절 -3.15%(ATR)
    VWAP 118,452원 -0.21% ─홀드 (+0.000)
    ST 상승추세 ─홀드 (+0.000)
    RSI 50.6 (기준 30/74) ─홀드 (+0.000)
    BB 115,946~118,734원 현재 118,200원 ─홀드 (+0.000)  ← 상단근접 [────────●─] 81%
    DC  ─홀드  ← 미보유 또는 청산 조건 미해당 (+0.000)
    거래량  MA25대비 1.76x  〰(neutral) (+0.0000)  ← 임계 미달 (기준 ≥1.2/≤0.7x) → 중립
    뉴스  bias=+0.020 (6건)
2026-07-27 14:20:00.345 | INFO     | stock_bot.news.crawler:fetch_naver_news:165 - news relevance filter: 2 → 0 (제외 2건) [078930]
2026-07-27 14:20:00.346 | INFO     | stock_bot.news.crawler:fetch_naver_news:170 - fetched 0 news items for 078930
2026-07-27 14:20:00.348 | DEBUG    | stock_bot.live.runner:_news_tick:624 - news 078930 new=0/0 (모두 중복)
2026-07-27 14:20:00.732 | INFO     | stock_bot.news.crawler:fetch_naver_news:165 - news relevance filter: 6 → 4 (제외 2건) [096770]
2026-07-27 14:20:00.733 | INFO     | stock_bot.news.crawler:fetch_naver_news:170 - fetched 4 news items for 096770
2026-07-27 14:20:00.773 | DEBUG    | stock_bot.live.runner:_news_tick:624 - news 096770 new=0/4 (모두 중복)
2026-07-27 14:20:10.386 | INFO     | stock_bot.live.runner:_tick:1256 - 078930 GS [ensemble] HOLD score=+0.00 B0/S0 | 현재가 93,200원 | 손절 -3.15%(ATR)
    VWAP 93,318원 -0.13% ─홀드 (+0.000)
    ST 하락추세 ─홀드 (+0.000)
    RSI 50.9 (기준 30/74) ─홀드 (+0.000)
    BB 91,883~93,767원 현재 93,200원 ─홀드 (+0.000)  ← 중간 [──────●───] 70%
    DC  ─홀드  ← 미보유 또는 청산 조건 미해당 (+0.000)
    거래량  MA25대비 1.21x  〰(neutral) (+0.0000)  ← 임계 미달 (기준 ≥1.2/≤0.7x) → 중립
2026-07-27 14:20:19.670 | INFO     | stock_bot.live.runner:_tick:1256 - 096770 SK이노베이션 [ensemble] HOLD score=+0.02 B0/S0 | 현재가 118,400원 | 손절 -3.04%(ATR)
    VWAP 118,452원 -0.04% ─홀드 (+0.000)
    ST 상승추세 ─홀드 (+0.000)
    RSI 52.5 (기준 30/74) ─홀드 (+0.000)
    BB 115,974~118,896원 현재 118,400원 ─홀드 (+0.000)  ← 상단근접 [────────●─] 83%
    DC  ─홀드  ← 미보유 또는 청산 조건 미해당 (+0.000)
    거래량  MA25대비 1.23x  〰(neutral) (+0.0000)  ← 임계 미달 (기준 ≥1.2/≤0.7x) → 중립
    뉴스  bias=+0.020 (6건)
2026-07-27 14:25:00.292 | INFO     | stock_bot.news.crawler:fetch_naver_news:165 - news relevance filter: 2 → 0 (제외 2건) [078930]
2026-07-27 14:25:00.293 | INFO     | stock_bot.news.crawler:fetch_naver_news:170 - fetched 0 news items for 078930
2026-07-27 14:25:00.295 | DEBUG    | stock_bot.live.runner:_news_tick:624 - news 078930 new=0/0 (모두 중복)
2026-07-27 14:25:00.618 | INFO     | stock_bot.news.crawler:fetch_naver_news:165 - news relevance filter: 6 → 4 (제외 2건) [096770]
2026-07-27 14:25:00.619 | INFO     | stock_bot.news.crawler:fetch_naver_news:170 - fetched 4 news items for 096770
2026-07-27 14:25:00.658 | DEBUG    | stock_bot.live.runner:_news_tick:624 - news 096770 new=0/4 (모두 중복)
2026-07-27 14:25:15.246 | INFO     | stock_bot.live.runner:_tick:1256 - 078930 GS [ensemble] HOLD score=+0.00 B0/S0 | 현재가 93,000원 | 손절 -3.04%(ATR)
    VWAP 93,311원 -0.33% ─홀드 (+0.000)
    ST 하락추세 ─홀드 (+0.000)
    RSI 48.6 (기준 30/74) ─홀드 (+0.000)
    BB 92,111~93,649원 현재 93,000원 ─홀드 (+0.000)  ← 중간 [─────●────] 58%
    DC  ─홀드  ← 미보유 또는 청산 조건 미해당 (+0.000)
    거래량  MA25대비 2.28x  〰(neutral) (+0.0000)  ← 임계 미달 (기준 ≥1.2/≤0.7x) → 중립
2026-07-27 14:25:21.984 | INFO     | stock_bot.live.runner:_tick:1256 - 096770 SK이노베이션 [ensemble] HOLD score=+0.02 B0/S0 | 현재가 118,300원 | 손절 -2.96%(ATR)
    VWAP 118,451원 -0.13% ─홀드 (+0.000)
    ST 상승추세 ─홀드 (+0.000)
    RSI 51.1 (기준 30/74) ─홀드 (+0.000)
    BB 116,092~118,948원 현재 118,300원 ─홀드 (+0.000)  ← 상단근접 [───────●──] 77%
    DC  ─홀드  ← 미보유 또는 청산 조건 미해당 (+0.000)
    거래량  MA25대비 1.54x  〰(neutral) (+0.0000)  ← 임계 미달 (기준 ≥1.2/≤0.7x) → 중립
    뉴스  bias=+0.020 (6건)
2026-07-27 14:30:00.305 | INFO     | stock_bot.news.crawler:fetch_naver_news:165 - news relevance filter: 2 → 0 (제외 2건) [078930]
2026-07-27 14:30:00.306 | INFO     | stock_bot.news.crawler:fetch_naver_news:170 - fetched 0 news items for 078930
2026-07-27 14:30:00.308 | DEBUG    | stock_bot.live.runner:_news_tick:624 - news 078930 new=0/0 (모두 중복)
2026-07-27 14:30:00.638 | INFO     | stock_bot.news.crawler:fetch_naver_news:165 - news relevance filter: 7 → 5 (제외 2건) [096770]
2026-07-27 14:30:00.639 | INFO     | stock_bot.news.crawler:fetch_naver_news:170 - fetched 5 news items for 096770
2026-07-27 14:30:00.689 | DEBUG    | stock_bot.live.runner:_news_tick:624 - news 096770 new=0/5 (모두 중복)
2026-07-27 14:30:02.752 | INFO     | stock_bot.live.runner:_tick:1256 - 078930 GS [ensemble] HOLD score=+0.00 B0/S0 | 현재가 92,700원 | 손절 -3.02%(ATR)
    VWAP 93,304원 -0.65% ─홀드 (+0.000)
    ST 하락추세 ─홀드 (+0.000)
    RSI 45.3 (기준 30/74) ─홀드 (+0.000)
    BB 92,238~93,562원 현재 92,700원 ─홀드 (+0.000)  ← 중간 [───●──────] 35%
    DC  ─홀드  ← 미보유 또는 청산 조건 미해당 (+0.000)
    거래량  MA25대비 0.86x  〰(neutral) (+0.0000)  ← 임계 미달 (기준 ≥1.2/≤0.7x) → 중립
2026-07-27 14:30:04.795 | INFO     | stock_bot.live.runner:_tick:1256 - 096770 SK이노베이션 [ensemble] HOLD score=+0.02 B0/S0 | 현재가 118,000원 | 손절 -3.01%(ATR)
    VWAP 118,448원 -0.38% ─홀드 (+0.000)
    ST 상승추세 ─홀드 (+0.000)
    RSI 48.5 (기준 30/74) ─홀드 (+0.000)
    BB 116,205~118,945원 현재 118,000원 ─홀드 (+0.000)  ← 중간 [──────●───] 66%
    DC  ─홀드  ← 미보유 또는 청산 조건 미해당 (+0.000)
    거래량  MA25대비 1.65x  〰(neutral) (+0.0000)  ← 임계 미달 (기준 ≥1.2/≤0.7x) → 중립
    뉴스  bias=+0.020 (6건)
2026-07-27 14:35:00.300 | INFO     | stock_bot.news.crawler:fetch_naver_news:165 - news relevance filter: 2 → 0 (제외 2건) [078930]
2026-07-27 14:35:00.301 | INFO     | stock_bot.news.crawler:fetch_naver_news:170 - fetched 0 news items for 078930
2026-07-27 14:35:00.302 | DEBUG    | stock_bot.live.runner:_news_tick:624 - news 078930 new=0/0 (모두 중복)
2026-07-27 14:35:00.696 | INFO     | stock_bot.news.crawler:fetch_naver_news:170 - fetched 6 news items for 096770
2026-07-27 14:35:00.765 | DEBUG    | stock_bot.live.runner:_news_tick:624 - news 096770 new=0/6 (모두 중복)
2026-07-27 14:35:02.787 | INFO     | stock_bot.live.runner:_tick:1256 - 078930 GS [ensemble] HOLD score=+0.00 B0/S0 | 현재가 92,700원 | 손절 -2.98%(ATR)
    VWAP 93,295원 -0.64% ─홀드 (+0.000)
    ST 하락추세 ─홀드 (+0.000)
    RSI 45.6 (기준 30/74) ─홀드 (+0.000)
    BB 92,353~93,507원 현재 92,700원 ─홀드 (+0.000)  ← 중간 [───●──────] 30%
    DC  ─홀드  ← 미보유 또는 청산 조건 미해당 (+0.000)
    거래량  MA25대비 0.97x  〰(neutral) (+0.0000)  ← 임계 미달 (기준 ≥1.2/≤0.7x) → 중립
2026-07-27 14:35:04.705 | INFO     | stock_bot.live.runner:_tick:1256 - 096770 SK이노베이션 [ensemble] HOLD score=+0.02 B0/S0 | 현재가 118,000원 | 손절 -2.94%(ATR)
    VWAP 118,439원 -0.37% ─홀드 (+0.000)
    ST 상승추세 ─홀드 (+0.000)
    RSI 48.1 (기준 30/74) ─홀드 (+0.000)
    BB 116,366~118,934원 현재 118,000원 ─홀드 (+0.000)  ← 중간 [──────●───] 64%
    DC  ─홀드  ← 미보유 또는 청산 조건 미해당 (+0.000)
    거래량  MA25대비 1.54x  〰(neutral) (+0.0000)  ← 임계 미달 (기준 ≥1.2/≤0.7x) → 중립
    뉴스  bias=+0.020 (6건)
2026-07-27 14:40:00.300 | INFO     | stock_bot.news.crawler:fetch_naver_news:165 - news relevance filter: 2 → 0 (제외 2건) [078930]
2026-07-27 14:40:00.301 | INFO     | stock_bot.news.crawler:fetch_naver_news:170 - fetched 0 news items for 078930
2026-07-27 14:40:00.302 | DEBUG    | stock_bot.live.runner:_news_tick:624 - news 078930 new=0/0 (모두 중복)
2026-07-27 14:40:00.638 | INFO     | stock_bot.news.crawler:fetch_naver_news:170 - fetched 6 news items for 096770
2026-07-27 14:40:00.706 | DEBUG    | stock_bot.live.runner:_news_tick:624 - news 096770 new=0/6 (모두 중복)
2026-07-27 14:40:03.736 | INFO     | stock_bot.live.runner:_tick:1256 - 078930 GS [ensemble] HOLD score=+0.00 B0/S0 | 현재가 92,900원 | 손절 -2.91%(ATR)
    VWAP 93,285원 -0.41% ─홀드 (+0.000)
    ST 하락추세 ─홀드 (+0.000)
    RSI 48.3 (기준 30/74) ─홀드 (+0.000)
    BB 92,488~93,452원 현재 92,900원 ─홀드 (+0.000)  ← 중간 [────●─────] 43%
    DC  ─홀드  ← 미보유 또는 청산 조건 미해당 (+0.000)
    거래량  MA25대비 1.20x  〰(neutral) (+0.0000)  ← 임계 미달 (기준 ≥1.2/≤0.7x) → 중립
2026-07-27 14:40:05.924 | INFO     | stock_bot.live.runner:_tick:1256 - 096770 SK이노베이션 [ensemble] HOLD score=+0.02 B0/S0 | 현재가 118,400원 | 손절 -2.87%(ATR)
    VWAP 118,436원 -0.03% ─홀드 (+0.000)
    ST 상승추세 ─홀드 (+0.000)
    RSI 52.0 (기준 30/74) ─홀드 (+0.000)
    BB 116,530~119,000원 현재 118,400원 ─홀드 (+0.000)  ← 상단근접 [───────●──] 76%
    DC  ─홀드  ← 미보유 또는 청산 조건 미해당 (+0.000)
    거래량  MA25대비 0.99x  〰(neutral) (+0.0000)  ← 임계 미달 (기준 ≥1.2/≤0.7x) → 중립
    뉴스  bias=+0.020 (6건)
2026-07-27 14:45:00.307 | INFO     | stock_bot.news.crawler:fetch_naver_news:165 - news relevance filter: 2 → 0 (제외 2건) [078930]
2026-07-27 14:45:00.308 | INFO     | stock_bot.news.crawler:fetch_naver_news:170 - fetched 0 news items for 078930
2026-07-27 14:45:00.309 | DEBUG    | stock_bot.live.runner:_news_tick:624 - news 078930 new=0/0 (모두 중복)
2026-07-27 14:45:00.704 | INFO     | stock_bot.news.crawler:fetch_naver_news:170 - fetched 7 news items for 096770
2026-07-27 14:45:00.784 | DEBUG    | stock_bot.live.runner:_news_tick:624 - news 096770 new=0/7 (모두 중복)
2026-07-27 14:45:03.252 | INFO     | stock_bot.live.runner:_tick:1256 - 078930 GS [ensemble] HOLD score=+0.29 B1/S0 | 현재가 92,600원 | 손절 -2.92%(ATR)
    VWAP 93,276원 -0.72% ▲매수 (+0.294)
    ST 하락추세 ─홀드 (+0.000)
    RSI 44.5 (기준 30/74) ─홀드 (+0.000)
    BB 92,468~93,452원 현재 92,600원 ─홀드 (+0.000)  ← 하단근접 [─●────────] 13%
    DC  ─홀드  ← 미보유 또는 청산 조건 미해당 (+0.000)
    거래량  MA25대비 1.03x  〰(neutral) (+0.0000)  ← 임계 미달 (기준 ≥1.2/≤0.7x) → 중립
2026-07-27 14:45:05.094 | INFO     | stock_bot.live.runner:_tick:1256 - 096770 SK이노베이션 [ensemble] HOLD score=+0.02 B0/S0 | 현재가 118,000원 | 손절 -2.87%(ATR)
    VWAP 118,432원 -0.36% ─홀드 (+0.000)
    ST 상승추세 ─홀드 (+0.000)
    RSI 48.6 (기준 30/74) ─홀드 (+0.000)
    BB 116,795~118,845원 현재 118,000원 ─홀드 (+0.000)  ← 중간 [─────●────] 59%
    DC  ─홀드  ← 미보유 또는 청산 조건 미해당 (+0.000)
    거래량  MA25대비 1.00x  〰(neutral) (+0.0000)  ← 임계 미달 (기준 ≥1.2/≤0.7x) → 중립
    뉴스  bias=+0.020 (6건)
2026-07-27 14:50:00.292 | INFO     | stock_bot.news.crawler:fetch_naver_news:165 - news relevance filter: 2 → 0 (제외 2건) [078930]
2026-07-27 14:50:00.293 | INFO     | stock_bot.news.crawler:fetch_naver_news:170 - fetched 0 news items for 078930
2026-07-27 14:50:00.295 | DEBUG    | stock_bot.live.runner:_news_tick:624 - news 078930 new=0/0 (모두 중복)
2026-07-27 14:50:00.666 | INFO     | stock_bot.news.crawler:fetch_naver_news:170 - fetched 7 news items for 096770
2026-07-27 14:50:00.747 | DEBUG    | stock_bot.live.runner:_news_tick:624 - news 096770 new=0/7 (모두 중복)
2026-07-27 14:50:18.297 | INFO     | stock_bot.live.runner:_tick:1256 - 078930 GS [ensemble] HOLD score=+0.29 B1/S0 | 현재가 92,200원 | 손절 -3.07%(ATR)
    VWAP 93,257원 -1.13% ▲매수 (+0.294)
    ST 하락추세 ─홀드 (+0.000)
    RSI 40.5 (기준 30/74) ─홀드 (+0.000)
    BB 92,296~93,554원 현재 92,200원 ─홀드 (+0.000)  ← 하단근접 [●─────────] -8%
    DC  ─홀드  ← 미보유 또는 청산 조건 미해당 (+0.000)
    거래량  MA25대비 1.18x  〰(neutral) (+0.0000)  ← 임계 미달 (기준 ≥1.2/≤0.7x) → 중립
2026-07-27 14:50:19.872 | INFO     | stock_bot.live.runner:_tick:1256 - 096770 SK이노베이션 [ensemble] HOLD score=+0.02 B0/S0 | 현재가 118,000원 | 손절 -2.86%(ATR)
    VWAP 118,427원 -0.36% ─홀드 (+0.000)
    ST 상승추세 ─홀드 (+0.000)
    RSI 48.5 (기준 30/74) ─홀드 (+0.000)
    BB 116,973~118,807원 현재 118,000원 ─홀드 (+0.000)  ← 중간 [─────●────] 56%
    DC  ─홀드  ← 미보유 또는 청산 조건 미해당 (+0.000)
    거래량  MA25대비 1.06x  〰(neutral) (+0.0000)  ← 임계 미달 (기준 ≥1.2/≤0.7x) → 중립
    뉴스  bias=+0.020 (6건)
2026-07-27 14:55:00.299 | INFO     | stock_bot.news.crawler:fetch_naver_news:165 - news relevance filter: 2 → 0 (제외 2건) [078930]
2026-07-27 14:55:00.300 | INFO     | stock_bot.news.crawler:fetch_naver_news:170 - fetched 0 news items for 078930
2026-07-27 14:55:00.301 | DEBUG    | stock_bot.live.runner:_news_tick:624 - news 078930 new=0/0 (모두 중복)
2026-07-27 14:55:00.648 | INFO     | stock_bot.news.crawler:fetch_naver_news:170 - fetched 7 news items for 096770
2026-07-27 14:55:00.727 | DEBUG    | stock_bot.live.runner:_news_tick:624 - news 096770 new=0/7 (모두 중복)
2026-07-27 14:55:04.083 | INFO     | stock_bot.live.runner:_tick:1256 - 078930 GS [ensemble] HOLD score=+0.39 B1/S0 | 현재가 92,100원 | 손절 -2.92%(ATR)
    VWAP 93,235원 -1.22% ▲매수 (+0.294)
    ST 하락추세 ─홀드 (+0.000)
    RSI 39.6 (기준 30/74) ─홀드 (+0.000)
    BB 92,153~93,607원 현재 92,100원 ─홀드 (+0.000)  ← 하단근접 [●─────────] -4%
    DC  ─홀드  ← 미보유 또는 청산 조건 미해당 (+0.000)
    거래량  MA25대비 1.45x  ▲(boost) (+0.1000)  ← 점수 조정 +0.1000
2026-07-27 14:55:06.309 | INFO     | stock_bot.live.runner:_tick:1256 - 096770 SK이노베이션 [ensemble] HOLD score=+0.02 B0/S0 | 현재가 117,900원 | 손절 -2.78%(ATR)
    VWAP 118,420원 -0.44% ─홀드 (+0.000)
    ST 상승추세 ─홀드 (+0.000)
    RSI 47.8 (기준 30/74) ─홀드 (+0.000)
    BB 116,994~118,806원 현재 117,900원 ─홀드 (+0.000)  ← 중간 [─────●────] 50%
    DC  ─홀드  ← 미보유 또는 청산 조건 미해당 (+0.000)
    거래량  MA25대비 1.20x  〰(neutral) (+0.0000)  ← 임계 미달 (기준 ≥1.2/≤0.7x) → 중립
    뉴스  bias=+0.020 (6건)
2026-07-27 15:00:00.309 | INFO     | stock_bot.news.crawler:fetch_naver_news:165 - news relevance filter: 2 → 0 (제외 2건) [078930]
2026-07-27 15:00:00.310 | INFO     | stock_bot.news.crawler:fetch_naver_news:170 - fetched 0 news items for 078930
2026-07-27 15:00:00.312 | DEBUG    | stock_bot.live.runner:_news_tick:624 - news 078930 new=0/0 (모두 중복)
2026-07-27 15:00:00.651 | INFO     | stock_bot.news.crawler:fetch_naver_news:170 - fetched 7 news items for 096770
2026-07-27 15:00:00.731 | DEBUG    | stock_bot.live.runner:_news_tick:624 - news 096770 new=0/7 (모두 중복)
2026-07-27 15:00:12.620 | INFO     | stock_bot.live.runner:_tick:1084 - 078930 [레짐-차단] KOSPI 일봉 20MA아래 & 10일모멘텀− → 신규 매수 차단
2026-07-27 15:00:12.621 | INFO     | stock_bot.live.runner:_tick:1261 - 078930 [ensemble]: hold (bear-regime-block)
2026-07-27 15:00:15.780 | INFO     | stock_bot.live.runner:_tick:1256 - 096770 SK이노베이션 [ensemble] HOLD score=+0.31 B1/S0 | 현재가 117,500원 | 손절 -2.88%(ATR)
    VWAP 118,406원 -0.77% ▲매수 (+0.294)
    ST 상승추세 ─홀드 (+0.000)
    RSI 44.7 (기준 30/74) ─홀드 (+0.000)
    BB 117,042~118,758원 현재 117,500원 ─홀드 (+0.000)  ← 중간 [──●───────] 27%
    DC  ─홀드  ← 미보유 또는 청산 조건 미해당 (+0.000)
    거래량  MA25대비 1.07x  〰(neutral) (+0.0000)  ← 임계 미달 (기준 ≥1.2/≤0.7x) → 중립
    뉴스  bias=+0.020 (6건)
2026-07-27 15:05:00.305 | INFO     | stock_bot.news.crawler:fetch_naver_news:165 - news relevance filter: 2 → 0 (제외 2건) [078930]
2026-07-27 15:05:00.306 | INFO     | stock_bot.news.crawler:fetch_naver_news:170 - fetched 0 news items for 078930
2026-07-27 15:05:00.308 | DEBUG    | stock_bot.live.runner:_news_tick:624 - news 078930 new=0/0 (모두 중복)
2026-07-27 15:05:00.685 | INFO     | stock_bot.news.crawler:fetch_naver_news:170 - fetched 7 news items for 096770
2026-07-27 15:05:00.763 | DEBUG    | stock_bot.live.runner:_news_tick:624 - news 096770 new=0/7 (모두 중복)
2026-07-27 15:05:16.145 | INFO     | stock_bot.live.runner:_tick:1256 - 078930 GS [ensemble] HOLD score=+0.39 B1/S0 | 현재가 91,600원 | 손절 -3.00%(ATR)
    VWAP 93,146원 -1.66% ▲매수 (+0.294)
    ST 하락추세 ─홀드 (+0.000)
    RSI 35.4 (기준 30/74) ─홀드 (+0.000)
    BB 91,629~93,871원 현재 91,600원 ─홀드 (+0.000)  ← 하단근접 [●─────────] -1%
    DC  ─홀드  ← 미보유 또는 청산 조건 미해당 (+0.000)
    거래량  MA25대비 1.94x  ▲(boost) (+0.1000)  ← 점수 조정 +0.1000
2026-07-27 15:05:24.370 | INFO     | stock_bot.live.runner:_tick:1084 - 096770 [레짐-차단] KOSPI 일봉 20MA아래 & 10일모멘텀− → 신규 매수 차단
2026-07-27 15:05:24.371 | INFO     | stock_bot.live.runner:_tick:1261 - 096770 [ensemble]: hold (bear-regime-block)
2026-07-27 15:10:00.293 | INFO     | stock_bot.news.crawler:fetch_naver_news:165 - news relevance filter: 2 → 0 (제외 2건) [078930]
2026-07-27 15:10:00.294 | INFO     | stock_bot.news.crawler:fetch_naver_news:170 - fetched 0 news items for 078930
2026-07-27 15:10:00.296 | DEBUG    | stock_bot.live.runner:_news_tick:624 - news 078930 new=0/0 (모두 중복)
2026-07-27 15:10:00.616 | INFO     | stock_bot.news.crawler:fetch_naver_news:170 - fetched 7 news items for 096770
2026-07-27 15:10:00.695 | DEBUG    | stock_bot.live.runner:_news_tick:624 - news 096770 new=0/7 (모두 중복)
2026-07-27 15:10:02.702 | INFO     | stock_bot.live.runner:_tick:1256 - 078930 GS [ensemble] HOLD score=+0.29 B1/S0 | 현재가 91,700원 | 손절 -2.93%(ATR)
    VWAP 93,118원 -1.52% ▲매수 (+0.294)
    ST 하락추세 ─홀드 (+0.000)
    RSI 37.0 (기준 30/74) ─홀드 (+0.000)
    BB 91,501~93,889원 현재 91,700원 ─홀드 (+0.000)  ← 하단근접 [●─────────] 8%
    DC  ─홀드  ← 미보유 또는 청산 조건 미해당 (+0.000)
    거래량  MA25대비 1.16x  〰(neutral) (+0.0000)  ← 임계 미달 (기준 ≥1.2/≤0.7x) → 중립
2026-07-27 15:10:04.718 | INFO     | stock_bot.live.runner:_tick:1256 - 096770 SK이노베이션 [ensemble] HOLD score=+0.41 B1/S0 | 현재가 117,100원 | 손절 -2.87%(ATR)
    VWAP 118,356원 -1.06% ▲매수 (+0.294)
    ST 상승추세 ─홀드 (+0.000)
    RSI 43.1 (기준 30/74) ─홀드 (+0.000)
    BB 116,766~118,904원 현재 117,100원 ─홀드 (+0.000)  ← 하단근접 [─●────────] 16%
    DC  ─홀드  ← 미보유 또는 청산 조건 미해당 (+0.000)
    거래량  MA25대비 1.27x  ▲(boost) (+0.1000)  ← 점수 조정 +0.1000
    뉴스  bias=+0.020 (6건)
2026-07-27 15:15:00.311 | INFO     | stock_bot.news.crawler:fetch_naver_news:165 - news relevance filter: 2 → 0 (제외 2건) [078930]
2026-07-27 15:15:00.312 | INFO     | stock_bot.news.crawler:fetch_naver_news:170 - fetched 0 news items for 078930
2026-07-27 15:15:00.313 | DEBUG    | stock_bot.live.runner:_news_tick:624 - news 078930 new=0/0 (모두 중복)
2026-07-27 15:15:00.646 | INFO     | stock_bot.news.crawler:fetch_naver_news:170 - fetched 7 news items for 096770
2026-07-27 15:15:00.725 | DEBUG    | stock_bot.live.runner:_news_tick:624 - news 096770 new=0/7 (모두 중복)
2026-07-27 15:15:12.432 | INFO     | stock_bot.live.runner:_tick:1256 - 078930 GS [ensemble] HOLD score=+0.39 B1/S0 | 현재가 91,200원 | 손절 -3.45%(ATR)
    VWAP 93,045원 -1.98% ▲매수 (+0.294)
    ST 하락추세 ─홀드 (+0.000)
    RSI 32.8 (기준 30/74) ─홀드 (+0.000)
    BB 91,247~93,973원 현재 91,200원 ─홀드 (+0.000)  ← 하단근접 [●─────────] -2%
    DC  ─홀드  ← 미보유 또는 청산 조건 미해당 (+0.000)
    거래량  MA25대비 2.38x  ▲(boost) (+0.1000)  ← 점수 조정 +0.1000
2026-07-27 15:15:24.915 | INFO     | stock_bot.live.runner:_tick:1256 - 096770 SK이노베이션 [ensemble] HOLD score=+0.41 B1/S0 | 현재가 117,000원 | 손절 -2.81%(ATR)
    VWAP 118,325원 -1.12% ▲매수 (+0.294)
    ST 상승추세 ─홀드 (+0.000)
    RSI 42.4 (기준 30/74) ─홀드 (+0.000)
    BB 116,686~118,934원 현재 117,000원 ─홀드 (+0.000)  ← 하단근접 [─●────────] 14%
    DC  ─홀드  ← 미보유 또는 청산 조건 미해당 (+0.000)
    거래량  MA25대비 1.67x  ▲(boost) (+0.1000)  ← 점수 조정 +0.1000
    뉴스  bias=+0.020 (6건)
2026-07-27 15:20:00.295 | INFO     | stock_bot.news.crawler:fetch_naver_news:165 - news relevance filter: 2 → 0 (제외 2건) [078930]
2026-07-27 15:20:00.296 | INFO     | stock_bot.news.crawler:fetch_naver_news:170 - fetched 0 news items for 078930
2026-07-27 15:20:00.298 | DEBUG    | stock_bot.live.runner:_news_tick:624 - news 078930 new=0/0 (모두 중복)
2026-07-27 15:20:00.687 | INFO     | stock_bot.news.crawler:fetch_naver_news:170 - fetched 7 news items for 096770
2026-07-27 15:20:00.765 | DEBUG    | stock_bot.live.runner:_news_tick:624 - news 096770 new=0/7 (모두 중복)
2026-07-27 15:20:19.714 | INFO     | stock_bot.live.runner:_tick:1256 - 078930 GS [ensemble] HOLD score=+0.39 B1/S0 | 현재가 91,500원 | 손절 -3.42%(ATR)
    VWAP 92,984원 -1.60% ▲매수 (+0.294)
    ST 하락추세 ─홀드 (+0.000)
    RSI 35.8 (기준 30/74) ─홀드 (+0.000)
    BB 91,239~93,861원 현재 91,500원 ─홀드 (+0.000)  ← 하단근접 [●─────────] 10%
    DC  ─홀드  ← 미보유 또는 청산 조건 미해당 (+0.000)
    거래량  MA25대비 2.59x  ▲(boost) (+0.1000)  ← 점수 조정 +0.1000
2026-07-27 15:20:21.420 | INFO     | stock_bot.live.runner:_tick:1256 - 096770 SK이노베이션 [ensemble] HOLD score=+0.31 B1/S0 | 현재가 117,000원 | 손절 -2.82%(ATR)
    VWAP 118,303원 -1.10% ▲매수 (+0.294)
    ST 상승추세 ─홀드 (+0.000)
    RSI 43.0 (기준 30/74) ─홀드 (+0.000)
    BB 116,561~118,979원 현재 117,000원 ─홀드 (+0.000)  ← 하단근접 [─●────────] 18%
    DC  ─홀드  ← 미보유 또는 청산 조건 미해당 (+0.000)
    거래량  MA25대비 0.95x  〰(neutral) (+0.0000)  ← 임계 미달 (기준 ≥1.2/≤0.7x) → 중립
    뉴스  bias=+0.020 (6건)
2026-07-27 15:25:00.285 | INFO     | stock_bot.news.crawler:fetch_naver_news:165 - news relevance filter: 2 → 0 (제외 2건) [078930]
2026-07-27 15:25:00.286 | INFO     | stock_bot.news.crawler:fetch_naver_news:170 - fetched 0 news items for 078930
2026-07-27 15:25:00.287 | DEBUG    | stock_bot.live.runner:_news_tick:624 - news 078930 new=0/0 (모두 중복)
2026-07-27 15:25:00.908 | INFO     | stock_bot.news.crawler:fetch_naver_news:170 - fetched 7 news items for 096770
2026-07-27 15:25:00.993 | DEBUG    | stock_bot.live.runner:_news_tick:624 - news 096770 new=0/7 (모두 중복)
2026-07-27 15:25:06.488 | INFO     | stock_bot.live.runner:_tick:1256 - 078930 GS [ensemble] HOLD score=+0.39 B1/S0 | 현재가 91,500원 | 손절 -3.19%(ATR)
    VWAP 92,984원 -1.60% ▲매수 (+0.294)
    ST 하락추세 ─홀드 (+0.000)
    RSI 35.4 (기준 30/74) ─홀드 (+0.000)
    BB 91,160~93,810원 현재 91,500원 ─홀드 (+0.000)  ← 하단근접 [─●────────] 13%
    DC  ─홀드  ← 미보유 또는 청산 조건 미해당 (+0.000)
    거래량  MA25대비 2.59x  ▲(boost) (+0.1000)  ← 점수 조정 +0.1000
2026-07-27 15:25:11.030 | INFO     | stock_bot.live.runner:_tick:1256 - 096770 SK이노베이션 [ensemble] HOLD score=+0.31 B1/S0 | 현재가 117,000원 | 손절 -2.63%(ATR)
    VWAP 118,303원 -1.10% ▲매수 (+0.294)
    ST 상승추세 ─홀드 (+0.000)
    RSI 43.0 (기준 30/74) ─홀드 (+0.000)
    BB 116,455~119,015원 현재 117,000원 ─홀드 (+0.000)  ← 하단근접 [──●───────] 21%
    DC  ─홀드  ← 미보유 또는 청산 조건 미해당 (+0.000)
    거래량  MA25대비 0.95x  〰(neutral) (+0.0000)  ← 임계 미달 (기준 ≥1.2/≤0.7x) → 중립
    뉴스  bias=+0.020 (6건)
2026-07-27 15:30:00.294 | INFO     | stock_bot.news.crawler:fetch_naver_news:165 - news relevance filter: 2 → 0 (제외 2건) [078930]
2026-07-27 15:30:00.295 | INFO     | stock_bot.news.crawler:fetch_naver_news:170 - fetched 0 news items for 078930
2026-07-27 15:30:00.297 | DEBUG    | stock_bot.live.runner:_news_tick:624 - news 078930 new=0/0 (모두 중복)
2026-07-27 15:30:00.628 | INFO     | stock_bot.news.crawler:fetch_naver_news:170 - fetched 7 news items for 096770
2026-07-27 15:30:00.712 | DEBUG    | stock_bot.live.runner:_news_tick:624 - news 096770 new=0/7 (모두 중복)
2026-07-27 15:30:03.878 | INFO     | stock_bot.live.runner:_tick:1256 - 078930 GS [ensemble] HOLD score=+0.39 B1/S0 | 현재가 91,500원 | 손절 -2.98%(ATR)
    VWAP 92,984원 -1.60% ▲매수 (+0.294)
    ST 하락추세 ─홀드 (+0.000)
    RSI 35.4 (기준 30/74) ─홀드 (+0.000)
    BB 91,109~93,711원 현재 91,500원 ─홀드 (+0.000)  ← 하단근접 [─●────────] 15%
    DC  ─홀드  ← 미보유 또는 청산 조건 미해당 (+0.000)
    거래량  MA25대비 2.59x  ▲(boost) (+0.1000)  ← 점수 조정 +0.1000
2026-07-27 15:30:06.615 | INFO     | stock_bot.live.runner:_tick:1256 - 096770 SK이노베이션 [ensemble] HOLD score=+0.31 B1/S0 | 현재가 117,000원 | 손절 -2.45%(ATR)
    VWAP 118,303원 -1.10% ▲매수 (+0.294)
    ST 상승추세 ─홀드 (+0.000)
    RSI 43.3 (기준 30/74) ─홀드 (+0.000)
    BB 116,349~119,041원 현재 117,000원 ─홀드 (+0.000)  ← 하단근접 [──●───────] 24%
    DC  ─홀드  ← 미보유 또는 청산 조건 미해당 (+0.000)
    거래량  MA25대비 0.95x  〰(neutral) (+0.0000)  ← 임계 미달 (기준 ≥1.2/≤0.7x) → 중립
    뉴스  bias=+0.020 (6건)
2026-07-27 15:35:00.040 | INFO     | stock_bot.live.review:run_daily_review:537 - daily review 2026-07-27 — 0건
2026-07-27 16:00:00.318 | INFO     | stock_bot.news.crawler:fetch_naver_news:165 - news relevance filter: 2 → 0 (제외 2건) [078930]
2026-07-27 16:00:00.323 | INFO     | stock_bot.news.crawler:fetch_naver_news:170 - fetched 0 news items for 078930
2026-07-27 16:00:00.324 | DEBUG    | stock_bot.live.runner:_news_tick:624 - news 078930 new=0/0 (모두 중복)
2026-07-27 16:00:00.749 | INFO     | stock_bot.news.crawler:fetch_naver_news:170 - fetched 9 news items for 096770
2026-07-27 16:00:00.856 | DEBUG    | stock_bot.live.runner:_news_tick:624 - news 096770 new=0/9 (모두 중복)
2026-07-27 17:00:00.293 | INFO     | stock_bot.news.crawler:fetch_naver_news:165 - news relevance filter: 2 → 0 (제외 2건) [078930]
2026-07-27 17:00:00.294 | INFO     | stock_bot.news.crawler:fetch_naver_news:170 - fetched 0 news items for 078930
2026-07-27 17:00:00.296 | DEBUG    | stock_bot.live.runner:_news_tick:624 - news 078930 new=0/0 (모두 중복)
2026-07-27 17:00:00.677 | INFO     | stock_bot.news.crawler:fetch_naver_news:170 - fetched 5 news items for 096770
2026-07-27 17:00:00.740 | DEBUG    | stock_bot.live.runner:_news_tick:624 - news 096770 new=0/5 (모두 중복)
2026-07-27 18:00:00.332 | INFO     | stock_bot.news.crawler:fetch_naver_news:165 - news relevance filter: 2 → 0 (제외 2건) [078930]
2026-07-27 18:00:00.333 | INFO     | stock_bot.news.crawler:fetch_naver_news:170 - fetched 0 news items for 078930
2026-07-27 18:00:00.334 | DEBUG    | stock_bot.live.runner:_news_tick:624 - news 078930 new=0/0 (모두 중복)
2026-07-27 18:00:00.708 | INFO     | stock_bot.news.crawler:fetch_naver_news:165 - news relevance filter: 9 → 8 (제외 1건) [096770]
2026-07-27 18:00:00.709 | INFO     | stock_bot.news.crawler:fetch_naver_news:170 - fetched 8 news items for 096770
2026-07-27 18:00:00.809 | DEBUG    | stock_bot.live.runner:_news_tick:624 - news 096770 new=0/8 (모두 중복)
2026-07-27 18:26:51.727 | INFO     | stock_bot.notify.metrics:start_metrics_server:30 - metrics server on :9100
2026-07-27 18:26:51.738 | INFO     | stock_bot.live.runner:_start_env_watcher:1542 - env watcher started (1s poll, scope=스톡봇)
2026-07-27 18:26:54.707 | INFO     | stock_bot.live.runner:run_live:1563 - live runner started, mode=모의투자 interval=5min
2026-07-27 18:26:54.713 | INFO     | stock_bot.live.runner:run_live:1629 - news crawl: 5min intraday (critical→instant tick), 60min off-hours (llm=True)
2026-07-27 18:26:54.716 | INFO     | stock_bot.live.runner:run_live:1646 - daily review scheduled: mon-fri 15:35 KST
2026-07-27 18:26:54.718 | INFO     | stock_bot.live.runner:run_live:1656 - cost report scheduled: daily 00:00 KST
2026-07-27 18:26:54.720 | INFO     | stock_bot.live.runner:run_live:1666 - daily backup scheduled: daily 00:05 KST
2026-07-27 18:27:37.578 | INFO     | stock_bot.live.runner:_is_trading_day:506 - 거래일 판정 2026-07-27 → 거래일 (출처: exchange_calendars)
2026-07-27 18:27:38.553 | INFO     | stock_bot.news.crawler:fetch_naver_news:165 - news relevance filter: 23 → 2 (제외 21건) [006360]
2026-07-27 18:27:38.554 | INFO     | stock_bot.news.crawler:fetch_naver_news:170 - fetched 2 news items for 006360
2026-07-27 18:27:57.647 | INFO     | stock_bot.live.runner:_news_tick:663 - news 006360 new=2/2 critical=0 llm_batch=1
2026-07-27 18:27:58.338 | INFO     | stock_bot.news.crawler:fetch_naver_news:165 - news relevance filter: 3 → 1 (제외 2건) [013580]
2026-07-27 18:27:58.339 | INFO     | stock_bot.news.crawler:fetch_naver_news:170 - fetched 1 news items for 013580
2026-07-27 18:27:58.348 | DEBUG    | stock_bot.live.runner:_news_tick:624 - news 013580 new=0/1 (모두 중복)
2026-07-27 19:00:00.348 | INFO     | stock_bot.news.crawler:fetch_naver_news:165 - news relevance filter: 11 → 1 (제외 10건) [006360]
2026-07-27 19:00:00.349 | INFO     | stock_bot.news.crawler:fetch_naver_news:170 - fetched 1 news items for 006360
2026-07-27 19:00:00.354 | DEBUG    | stock_bot.live.runner:_news_tick:624 - news 006360 new=0/1 (모두 중복)
2026-07-27 19:00:00.626 | INFO     | stock_bot.news.crawler:fetch_naver_news:165 - news relevance filter: 3 → 1 (제외 2건) [013580]
2026-07-27 19:00:00.627 | INFO     | stock_bot.news.crawler:fetch_naver_news:170 - fetched 1 news items for 013580
2026-07-27 19:00:00.632 | DEBUG    | stock_bot.live.runner:_news_tick:624 - news 013580 new=0/1 (모두 중복)
2026-07-27 20:00:00.238 | INFO     | stock_bot.news.crawler:fetch_naver_news:165 - news relevance filter: 11 → 1 (제외 10건) [006360]
2026-07-27 20:00:00.240 | INFO     | stock_bot.news.crawler:fetch_naver_news:170 - fetched 1 news items for 006360
2026-07-27 20:00:00.245 | DEBUG    | stock_bot.live.runner:_news_tick:624 - news 006360 new=0/1 (모두 중복)
2026-07-27 20:00:00.469 | INFO     | stock_bot.news.crawler:fetch_naver_news:165 - news relevance filter: 3 → 1 (제외 2건) [013580]
2026-07-27 20:00:00.470 | INFO     | stock_bot.news.crawler:fetch_naver_news:170 - fetched 1 news items for 013580
2026-07-27 20:00:00.475 | DEBUG    | stock_bot.live.runner:_news_tick:624 - news 013580 new=0/1 (모두 중복)
2026-07-27 21:00:00.276 | INFO     | stock_bot.news.crawler:fetch_naver_news:165 - news relevance filter: 11 → 1 (제외 10건) [006360]
2026-07-27 21:00:00.277 | INFO     | stock_bot.news.crawler:fetch_naver_news:170 - fetched 1 news items for 006360
2026-07-27 21:00:00.282 | DEBUG    | stock_bot.live.runner:_news_tick:624 - news 006360 new=0/1 (모두 중복)
2026-07-27 21:00:00.500 | INFO     | stock_bot.news.crawler:fetch_naver_news:165 - news relevance filter: 3 → 1 (제외 2건) [013580]
2026-07-27 21:00:00.501 | INFO     | stock_bot.news.crawler:fetch_naver_news:170 - fetched 1 news items for 013580
2026-07-27 21:00:00.506 | DEBUG    | stock_bot.live.runner:_news_tick:624 - news 013580 new=0/1 (모두 중복)
2026-07-27 22:00:00.302 | INFO     | stock_bot.news.crawler:fetch_naver_news:165 - news relevance filter: 12 → 1 (제외 11건) [006360]
2026-07-27 22:00:00.304 | INFO     | stock_bot.news.crawler:fetch_naver_news:170 - fetched 1 news items for 006360
2026-07-27 22:00:00.309 | DEBUG    | stock_bot.live.runner:_news_tick:624 - news 006360 new=0/1 (모두 중복)
2026-07-27 22:00:00.569 | INFO     | stock_bot.news.crawler:fetch_naver_news:165 - news relevance filter: 3 → 1 (제외 2건) [013580]
2026-07-27 22:00:00.570 | INFO     | stock_bot.news.crawler:fetch_naver_news:170 - fetched 1 news items for 013580
2026-07-27 22:00:00.575 | DEBUG    | stock_bot.live.runner:_news_tick:624 - news 013580 new=0/1 (모두 중복)
2026-07-27 23:00:00.292 | INFO     | stock_bot.news.crawler:fetch_naver_news:165 - news relevance filter: 12 → 1 (제외 11건) [006360]
2026-07-27 23:00:00.294 | INFO     | stock_bot.news.crawler:fetch_naver_news:170 - fetched 1 news items for 006360
2026-07-27 23:00:00.299 | DEBUG    | stock_bot.live.runner:_news_tick:624 - news 006360 new=0/1 (모두 중복)
2026-07-27 23:00:00.670 | INFO     | stock_bot.news.crawler:fetch_naver_news:165 - news relevance filter: 3 → 1 (제외 2건) [013580]
2026-07-27 23:00:00.671 | INFO     | stock_bot.news.crawler:fetch_naver_news:170 - fetched 1 news items for 013580
2026-07-27 23:00:00.676 | DEBUG    | stock_bot.live.runner:_news_tick:624 - news 013580 new=0/1 (모두 중복)
