2026-10-02 00:00:00.004 | DEBUG    | stock_bot.live.runner:_send_cost_report:600 - claude_code 백엔드 — API 비용 리포트 생략
2026-10-02 00:00:00.008 | INFO     | stock_bot.live.runner:_is_trading_day:661 - 거래일 판정 2026-10-02 → 거래일 (출처: exchange_calendars)
2026-10-02 00:00:00.194 | INFO     | stock_bot.news.crawler:fetch_naver_news:212 - fetched 1 news items for 034020
2026-10-02 00:00:00.200 | DEBUG    | stock_bot.live.runner:_news_tick:840 - news 034020 new=0/1 (모두 중복)
2026-10-02 00:00:00.346 | INFO     | stock_bot.news.crawler:fetch_naver_news:207 - news relevance filter: 3 → 1 (제외 2건) [241560]
2026-10-02 00:00:00.347 | INFO     | stock_bot.news.crawler:fetch_naver_news:212 - fetched 1 news items for 241560
2026-10-02 00:00:00.352 | DEBUG    | stock_bot.live.runner:_news_tick:840 - news 241560 new=0/1 (모두 중복)
2026-10-02 00:00:00.495 | INFO     | stock_bot.news.crawler:fetch_naver_news:207 - news relevance filter: 3 → 1 (제외 2건) [123330]
2026-10-02 00:00:00.496 | INFO     | stock_bot.news.crawler:fetch_naver_news:212 - fetched 1 news items for 123330
2026-10-02 00:00:00.501 | DEBUG    | stock_bot.live.runner:_news_tick:840 - news 123330 new=0/1 (모두 중복)
2026-10-02 00:05:01.292 | DEBUG    | stock_bot.live.backup:_export_logs:185 - backup: bot 로그 2026-10-01 추출 242KB
2026-10-02 00:05:06.494 | DEBUG    | stock_bot.live.backup:_export_logs:185 - backup: web 로그 2026-10-01 추출 2732KB
2026-10-02 00:05:06.694 | DEBUG    | stock_bot.live.backup:_export_logs:185 - backup: leader 로그 2026-10-01 추출 35KB
2026-10-02 00:05:06.798 | DEBUG    | stock_bot.live.backup:_export_logs:185 - backup: swing 로그 2026-10-01 추출 69KB
2026-10-02 00:05:10.355 | DEBUG    | stock_bot.live.backup:_export_swing:252 - backup: 스윙 2026-10-01 증분 6개 254KB
2026-10-02 00:05:10.500 | WARNING  | stock_bot.live.backup:_git_push:334 - backup git add data/ 실패: fatal: Unable to create '/app/.git/index.lock': File exists.

Another git process seems to be running in this repository, e.g.
an editor opened by 'git commit'. Please make sure all processes
are term
2026-10-02 00:05:10.503 | WARNING  | stock_bot.live.backup:run_backup:458 - backup CSV 저장 완료, git push 실패 (로컬엔 저장됨)
2026-10-02 01:00:00.119 | INFO     | stock_bot.news.crawler:fetch_naver_news:212 - fetched 1 news items for 034020
2026-10-02 01:00:00.125 | DEBUG    | stock_bot.live.runner:_news_tick:840 - news 034020 new=0/1 (모두 중복)
2026-10-02 01:00:00.265 | INFO     | stock_bot.news.crawler:fetch_naver_news:207 - news relevance filter: 3 → 1 (제외 2건) [241560]
2026-10-02 01:00:00.266 | INFO     | stock_bot.news.crawler:fetch_naver_news:212 - fetched 1 news items for 241560
2026-10-02 01:00:00.271 | DEBUG    | stock_bot.live.runner:_news_tick:840 - news 241560 new=0/1 (모두 중복)
2026-10-02 01:00:00.409 | INFO     | stock_bot.news.crawler:fetch_naver_news:207 - news relevance filter: 3 → 1 (제외 2건) [123330]
2026-10-02 01:00:00.410 | INFO     | stock_bot.news.crawler:fetch_naver_news:212 - fetched 1 news items for 123330
2026-10-02 01:00:00.415 | DEBUG    | stock_bot.live.runner:_news_tick:840 - news 123330 new=0/1 (모두 중복)
2026-10-02 02:00:00.147 | INFO     | stock_bot.news.crawler:fetch_naver_news:212 - fetched 1 news items for 034020
2026-10-02 02:00:00.153 | DEBUG    | stock_bot.live.runner:_news_tick:840 - news 034020 new=0/1 (모두 중복)
2026-10-02 02:00:00.271 | INFO     | stock_bot.news.crawler:fetch_naver_news:207 - news relevance filter: 3 → 1 (제외 2건) [241560]
2026-10-02 02:00:00.272 | INFO     | stock_bot.news.crawler:fetch_naver_news:212 - fetched 1 news items for 241560
2026-10-02 02:00:00.277 | DEBUG    | stock_bot.live.runner:_news_tick:840 - news 241560 new=0/1 (모두 중복)
2026-10-02 02:00:00.407 | INFO     | stock_bot.news.crawler:fetch_naver_news:207 - news relevance filter: 3 → 1 (제외 2건) [123330]
2026-10-02 02:00:00.408 | INFO     | stock_bot.news.crawler:fetch_naver_news:212 - fetched 1 news items for 123330
2026-10-02 02:00:00.413 | DEBUG    | stock_bot.live.runner:_news_tick:840 - news 123330 new=0/1 (모두 중복)
2026-10-02 03:00:00.136 | INFO     | stock_bot.news.crawler:fetch_naver_news:212 - fetched 1 news items for 034020
2026-10-02 03:00:00.143 | DEBUG    | stock_bot.live.runner:_news_tick:840 - news 034020 new=0/1 (모두 중복)
2026-10-02 03:00:00.277 | INFO     | stock_bot.news.crawler:fetch_naver_news:207 - news relevance filter: 3 → 1 (제외 2건) [241560]
2026-10-02 03:00:00.277 | INFO     | stock_bot.news.crawler:fetch_naver_news:212 - fetched 1 news items for 241560
2026-10-02 03:00:00.282 | DEBUG    | stock_bot.live.runner:_news_tick:840 - news 241560 new=0/1 (모두 중복)
2026-10-02 03:00:00.415 | INFO     | stock_bot.news.crawler:fetch_naver_news:207 - news relevance filter: 3 → 1 (제외 2건) [123330]
2026-10-02 03:00:00.416 | INFO     | stock_bot.news.crawler:fetch_naver_news:212 - fetched 1 news items for 123330
2026-10-02 03:00:00.421 | DEBUG    | stock_bot.live.runner:_news_tick:840 - news 123330 new=0/1 (모두 중복)
2026-10-02 04:00:00.124 | INFO     | stock_bot.news.crawler:fetch_naver_news:212 - fetched 1 news items for 034020
2026-10-02 04:00:00.129 | DEBUG    | stock_bot.live.runner:_news_tick:840 - news 034020 new=0/1 (모두 중복)
2026-10-02 04:00:00.252 | INFO     | stock_bot.news.crawler:fetch_naver_news:207 - news relevance filter: 3 → 1 (제외 2건) [241560]
2026-10-02 04:00:00.253 | INFO     | stock_bot.news.crawler:fetch_naver_news:212 - fetched 1 news items for 241560
2026-10-02 04:00:00.258 | DEBUG    | stock_bot.live.runner:_news_tick:840 - news 241560 new=0/1 (모두 중복)
2026-10-02 04:00:00.375 | INFO     | stock_bot.news.crawler:fetch_naver_news:207 - news relevance filter: 3 → 1 (제외 2건) [123330]
2026-10-02 04:00:00.376 | INFO     | stock_bot.news.crawler:fetch_naver_news:212 - fetched 1 news items for 123330
2026-10-02 04:00:00.465 | DEBUG    | stock_bot.live.runner:_news_tick:840 - news 123330 new=0/1 (모두 중복)
2026-10-02 05:00:00.121 | INFO     | stock_bot.news.crawler:fetch_naver_news:212 - fetched 1 news items for 034020
2026-10-02 05:00:00.127 | DEBUG    | stock_bot.live.runner:_news_tick:840 - news 034020 new=0/1 (모두 중복)
2026-10-02 05:00:00.244 | INFO     | stock_bot.news.crawler:fetch_naver_news:207 - news relevance filter: 3 → 1 (제외 2건) [241560]
2026-10-02 05:00:00.245 | INFO     | stock_bot.news.crawler:fetch_naver_news:212 - fetched 1 news items for 241560
2026-10-02 05:00:00.250 | DEBUG    | stock_bot.live.runner:_news_tick:840 - news 241560 new=0/1 (모두 중복)
2026-10-02 05:00:00.364 | INFO     | stock_bot.news.crawler:fetch_naver_news:207 - news relevance filter: 3 → 1 (제외 2건) [123330]
2026-10-02 05:00:00.365 | INFO     | stock_bot.news.crawler:fetch_naver_news:212 - fetched 1 news items for 123330
2026-10-02 05:00:00.370 | DEBUG    | stock_bot.live.runner:_news_tick:840 - news 123330 new=0/1 (모두 중복)
2026-10-02 06:00:00.121 | INFO     | stock_bot.news.crawler:fetch_naver_news:212 - fetched 1 news items for 034020
2026-10-02 06:00:00.126 | DEBUG    | stock_bot.live.runner:_news_tick:840 - news 034020 new=0/1 (모두 중복)
2026-10-02 06:00:00.246 | INFO     | stock_bot.news.crawler:fetch_naver_news:207 - news relevance filter: 3 → 1 (제외 2건) [241560]
2026-10-02 06:00:00.247 | INFO     | stock_bot.news.crawler:fetch_naver_news:212 - fetched 1 news items for 241560
2026-10-02 06:00:00.252 | DEBUG    | stock_bot.live.runner:_news_tick:840 - news 241560 new=0/1 (모두 중복)
2026-10-02 06:00:00.371 | INFO     | stock_bot.news.crawler:fetch_naver_news:207 - news relevance filter: 3 → 1 (제외 2건) [123330]
2026-10-02 06:00:00.372 | INFO     | stock_bot.news.crawler:fetch_naver_news:212 - fetched 1 news items for 123330
2026-10-02 06:00:00.377 | DEBUG    | stock_bot.live.runner:_news_tick:840 - news 123330 new=0/1 (모두 중복)
2026-10-02 07:00:00.133 | INFO     | stock_bot.news.crawler:fetch_naver_news:207 - news relevance filter: 4 → 3 (제외 1건) [034020]
2026-10-02 07:00:00.134 | INFO     | stock_bot.news.crawler:fetch_naver_news:212 - fetched 3 news items for 034020
2026-10-02 07:00:18.899 | INFO     | stock_bot.live.runner:_news_tick:879 - news 034020 new=2/3 critical=0 llm_batch=1
2026-10-02 07:00:19.048 | INFO     | stock_bot.news.crawler:fetch_naver_news:207 - news relevance filter: 3 → 1 (제외 2건) [241560]
2026-10-02 07:00:19.049 | INFO     | stock_bot.news.crawler:fetch_naver_news:212 - fetched 1 news items for 241560
2026-10-02 07:00:19.054 | DEBUG    | stock_bot.live.runner:_news_tick:840 - news 241560 new=0/1 (모두 중복)
2026-10-02 07:00:19.187 | INFO     | stock_bot.news.crawler:fetch_naver_news:207 - news relevance filter: 3 → 1 (제외 2건) [123330]
2026-10-02 07:00:19.188 | INFO     | stock_bot.news.crawler:fetch_naver_news:212 - fetched 1 news items for 123330
2026-10-02 07:00:19.195 | DEBUG    | stock_bot.live.runner:_news_tick:840 - news 123330 new=0/1 (모두 중복)
2026-10-02 07:58:46.996 | INFO     | stock_bot.live.runner:_reload_env_if_changed:585 - .env 변경 감지, 핫리로드[스톡봇]: trade_symbols: 034020,241560,123330 → 417840,098120
2026-10-02 07:59:03.022 | INFO     | stock_bot.live.runner:_reload_env_if_changed:585 - .env 변경 감지, 핫리로드[스톡봇]: trade_symbols: 417840,098120 → 034020,241560,123330
2026-10-02 08:00:00.425 | INFO     | stock_bot.news.crawler:fetch_naver_news:207 - news relevance filter: 3 → 2 (제외 1건) [034020]
2026-10-02 08:00:00.426 | INFO     | stock_bot.news.crawler:fetch_naver_news:212 - fetched 2 news items for 034020
2026-10-02 08:00:00.439 | DEBUG    | stock_bot.live.runner:_news_tick:840 - news 034020 new=0/2 (모두 중복)
2026-10-02 08:00:00.559 | INFO     | stock_bot.news.crawler:fetch_naver_news:207 - news relevance filter: 3 → 1 (제외 2건) [241560]
2026-10-02 08:00:00.559 | INFO     | stock_bot.news.crawler:fetch_naver_news:212 - fetched 1 news items for 241560
2026-10-02 08:00:00.565 | DEBUG    | stock_bot.live.runner:_news_tick:840 - news 241560 new=0/1 (모두 중복)
2026-10-02 08:00:00.698 | INFO     | stock_bot.news.crawler:fetch_naver_news:207 - news relevance filter: 3 → 1 (제외 2건) [123330]
2026-10-02 08:00:00.699 | INFO     | stock_bot.news.crawler:fetch_naver_news:212 - fetched 1 news items for 123330
2026-10-02 08:00:00.704 | DEBUG    | stock_bot.live.runner:_news_tick:840 - news 123330 new=0/1 (모두 중복)
2026-10-02 09:00:00.242 | INFO     | stock_bot.news.crawler:fetch_naver_news:207 - news relevance filter: 3 → 2 (제외 1건) [034020]
2026-10-02 09:00:00.260 | INFO     | stock_bot.news.crawler:fetch_naver_news:212 - fetched 2 news items for 034020
2026-10-02 09:00:00.269 | DEBUG    | stock_bot.live.runner:_news_tick:840 - news 034020 new=0/2 (모두 중복)
2026-10-02 09:00:00.399 | INFO     | stock_bot.news.crawler:fetch_naver_news:207 - news relevance filter: 3 → 1 (제외 2건) [241560]
2026-10-02 09:00:00.400 | INFO     | stock_bot.news.crawler:fetch_naver_news:212 - fetched 1 news items for 241560
2026-10-02 09:00:00.491 | DEBUG    | stock_bot.live.runner:_news_tick:840 - news 241560 new=0/1 (모두 중복)
2026-10-02 09:00:00.607 | INFO     | stock_bot.news.crawler:fetch_naver_news:207 - news relevance filter: 3 → 1 (제외 2건) [123330]
2026-10-02 09:00:00.608 | INFO     | stock_bot.news.crawler:fetch_naver_news:212 - fetched 1 news items for 123330
2026-10-02 09:00:00.614 | DEBUG    | stock_bot.live.runner:_news_tick:840 - news 123330 new=0/1 (모두 중복)
2026-10-02 09:00:03.723 | INFO     | stock_bot.live.runner:_tick:1546 - 034020 두산에너빌리티 [ensemble] HOLD score=+0.37 B1/S0 | 현재가 82,100원 | 손절 -4.00%(ATR)
    VWAP 워밍업 중 (1/8봉)
    VWAP 수집중 (0/5봉)
    ST 하락→상승전환 ▲매수 (+0.259)
    RSI 48.2 (기준 30/74) ─홀드 (+0.000)
    BB 81,997~82,343원 현재 82,100원 ─홀드 (+0.000)  ← 중간 [──●───────] 30%
    DC  ─홀드  ← 미보유 또는 청산 조건 미해당 (+0.000)
    뉴스  bias=+0.107 (9건)
2026-10-02 09:00:05.379 | INFO     | stock_bot.live.runner:_tick:1546 - 241560 두산밥캣 [ensemble] HOLD score=+0.00 B0/S0 | 현재가 54,700원 | 손절 -4.00%(ATR)
    VWAP 워밍업 중 (1/8봉)
    VWAP 수집중 (0/5봉)
    ST 하락추세 ─홀드 (+0.000)
    RSI 49.5 (기준 30/74) ─홀드 (+0.000)
    BB 54,511~54,939원 현재 54,700원 ─홀드 (+0.000)  ← 중간 [────●─────] 44%
    DC  ─홀드  ← 미보유 또는 청산 조건 미해당 (+0.000)
2026-10-02 09:00:08.320 | INFO     | stock_bot.live.runner:_tick:1546 - 123330 제닉 [ensemble] HOLD score=+0.00 B0/S0 | 현재가 22,650원 | 손절 -4.00%(ATR)
    VWAP 워밍업 중 (1/8봉)
    VWAP 수집중 (0/5봉)
    ST 하락추세 ─홀드 (+0.000)
    RSI 46.1 (기준 30/74) ─홀드 (+0.000)
    BB 22,624~22,741원 현재 22,650원 ─홀드 (+0.000)  ← 하단근접 [──●───────] 22%
    DC  ─홀드  ← 미보유 또는 청산 조건 미해당 (+0.000)
2026-10-02 09:05:00.188 | INFO     | stock_bot.news.crawler:fetch_naver_news:207 - news relevance filter: 3 → 2 (제외 1건) [034020]
2026-10-02 09:05:00.189 | INFO     | stock_bot.news.crawler:fetch_naver_news:212 - fetched 2 news items for 034020
2026-10-02 09:05:00.200 | DEBUG    | stock_bot.live.runner:_news_tick:840 - news 034020 new=0/2 (모두 중복)
2026-10-02 09:05:00.359 | INFO     | stock_bot.news.crawler:fetch_naver_news:207 - news relevance filter: 3 → 1 (제외 2건) [241560]
2026-10-02 09:05:00.360 | INFO     | stock_bot.news.crawler:fetch_naver_news:212 - fetched 1 news items for 241560
2026-10-02 09:05:00.367 | DEBUG    | stock_bot.live.runner:_news_tick:840 - news 241560 new=0/1 (모두 중복)
2026-10-02 09:05:00.541 | INFO     | stock_bot.news.crawler:fetch_naver_news:207 - news relevance filter: 3 → 1 (제외 2건) [123330]
2026-10-02 09:05:00.542 | INFO     | stock_bot.news.crawler:fetch_naver_news:212 - fetched 1 news items for 123330
2026-10-02 09:05:00.550 | DEBUG    | stock_bot.live.runner:_news_tick:840 - news 123330 new=0/1 (모두 중복)
2026-10-02 09:05:06.482 | INFO     | stock_bot.live.runner:_tick:1546 - 034020 두산에너빌리티 [ensemble] HOLD score=+0.11 B0/S0 | 현재가 81,700원 | 손절 -4.00%(ATR)
    VWAP 워밍업 중 (2/8봉)
    VWAP 수집중 (0/5봉)
    ST 하락추세 ─홀드 (+0.000)
    RSI 37.6 (기준 30/74) ─홀드 (+0.000)
    BB 81,759~82,491원 현재 81,700원 ─홀드 (+0.000)  ← 하단근접 [●─────────] -8%
    DC  ─홀드  ← 미보유 또는 청산 조건 미해당 (+0.000)
    거래량  115주  MA25대비 0.04x  [거래 저조 (≤0.7x)]  ← 필터 활성 중 (봉 부족 135/26)
    뉴스  bias=+0.107 (9건)
2026-10-02 09:05:10.274 | INFO     | stock_bot.live.runner:_tick:1546 - 241560 두산밥캣 [ensemble] HOLD score=+0.26 B1/S0 | 현재가 54,900원 | 손절 -4.00%(ATR)
    VWAP 워밍업 중 (2/8봉)
    VWAP 수집중 (0/5봉)
    ST 하락→상승전환 ▲매수 (+0.259)
    RSI 61.6 (기준 30/74) ─홀드 (+0.000)
    BB 54,521~54,979원 현재 54,900원 ─홀드 (+0.000)  ← 상단근접 [────────●─] 83%
    DC  ─홀드  ← 미보유 또는 청산 조건 미해당 (+0.000)
    거래량  46주  MA25대비 0.33x  [거래 저조 (≤0.7x)]  ← 필터 활성 중 (봉 부족 135/26)
2026-10-02 09:05:15.265 | INFO     | stock_bot.live.runner:_tick:1546 - 123330 제닉 [ensemble] HOLD score=+0.00 B0/S0 | 현재가 22,700원 | 손절 -4.00%(ATR)
    VWAP 워밍업 중 (2/8봉)
    VWAP 수집중 (0/5봉)
    ST 하락추세 ─홀드 (+0.000)
    RSI 50.7 (기준 30/74) ─홀드 (+0.000)
    BB 22,628~22,742원 현재 22,700원 ─홀드 (+0.000)  ← 중간 [──────●───] 63%
    DC  ─홀드  ← 미보유 또는 청산 조건 미해당 (+0.000)
    거래량  100주  MA25대비 0.40x  [거래 저조 (≤0.7x)]  ← 필터 활성 중 (봉 부족 135/26)
2026-10-02 09:10:00.149 | INFO     | stock_bot.news.crawler:fetch_naver_news:207 - news relevance filter: 3 → 2 (제외 1건) [034020]
2026-10-02 09:10:00.150 | INFO     | stock_bot.news.crawler:fetch_naver_news:212 - fetched 2 news items for 034020
2026-10-02 09:10:00.159 | DEBUG    | stock_bot.live.runner:_news_tick:840 - news 034020 new=0/2 (모두 중복)
2026-10-02 09:10:00.280 | INFO     | stock_bot.news.crawler:fetch_naver_news:207 - news relevance filter: 3 → 1 (제외 2건) [241560]
2026-10-02 09:10:00.281 | INFO     | stock_bot.news.crawler:fetch_naver_news:212 - fetched 1 news items for 241560
2026-10-02 09:10:00.287 | DEBUG    | stock_bot.live.runner:_news_tick:840 - news 241560 new=0/1 (모두 중복)
2026-10-02 09:10:00.405 | INFO     | stock_bot.news.crawler:fetch_naver_news:207 - news relevance filter: 3 → 1 (제외 2건) [123330]
2026-10-02 09:10:00.406 | INFO     | stock_bot.news.crawler:fetch_naver_news:212 - fetched 1 news items for 123330
2026-10-02 09:10:00.411 | DEBUG    | stock_bot.live.runner:_news_tick:840 - news 123330 new=0/1 (모두 중복)
2026-10-02 09:10:02.368 | INFO     | stock_bot.live.runner:_tick:1546 - 034020 두산에너빌리티 [ensemble] HOLD score=+0.34 B1/S0 | 현재가 81,400원 | 손절 -4.00%(ATR)
    VWAP 워밍업 중 (3/8봉)
    VWAP 수집중 (0/5봉)
    ST 하락추세 ─홀드 (+0.000)
    RSI 29.9 (기준 30/74) ▲매수 (+0.235)
    BB 81,527~82,633원 현재 81,400원 ─홀드 (+0.000)  ← 하단근접 [●──────────] -11%
    DC  ─홀드  ← 미보유 또는 청산 조건 미해당 (+0.000)
    거래량  MA1(봉부족,설정25)대비 1.00x  〰(neutral) (+0.0000)  ← 임계 미달 (기준 ≥1.2/≤0.7x) → 중립
    뉴스  bias=+0.107 (9건)
2026-10-02 09:10:03.871 | INFO     | stock_bot.live.runner:_tick:1546 - 241560 두산밥캣 [ensemble] HOLD score=+0.00 B0/S0 | 현재가 54,900원 | 손절 -4.00%(ATR)
    VWAP 워밍업 중 (3/8봉)
    VWAP 수집중 (0/5봉)
    ST 상승추세 ─홀드 (+0.000)
    RSI 61.5 (기준 30/74) ─홀드 (+0.000)
    BB 54,522~54,998원 현재 54,900원 ─홀드 (+0.000)  ← 상단근접 [───────●──] 79%
    DC  ─홀드  ← 미보유 또는 청산 조건 미해당 (+0.000)
    거래량  MA1(봉부족,설정25)대비 1.00x  〰(neutral) (+0.0000)  ← 임계 미달 (기준 ≥1.2/≤0.7x) → 중립
2026-10-02 09:10:04.836 | INFO     | stock_bot.live.runner:_tick:1546 - 123330 제닉 [ensemble] HOLD score=+0.00 B0/S0 | 현재가 22,550원 | 손절 -4.00%(ATR)
    VWAP 워밍업 중 (3/8봉)
    VWAP 수집중 (0/5봉)
    ST 하락추세 ─홀드 (+0.000)
    RSI 38.9 (기준 30/74) ─홀드 (+0.000)
    BB 22,573~22,772원 현재 22,550원 ─홀드 (+0.000)  ← 하단근접 [●──────────] -11%
    DC  ─홀드  ← 미보유 또는 청산 조건 미해당 (+0.000)
    거래량  MA1(봉부족,설정25)대비 1.00x  〰(neutral) (+0.0000)  ← 임계 미달 (기준 ≥1.2/≤0.7x) → 중립
2026-10-02 09:15:00.152 | INFO     | stock_bot.news.crawler:fetch_naver_news:207 - news relevance filter: 3 → 2 (제외 1건) [034020]
2026-10-02 09:15:00.153 | INFO     | stock_bot.news.crawler:fetch_naver_news:212 - fetched 2 news items for 034020
2026-10-02 09:15:00.163 | DEBUG    | stock_bot.live.runner:_news_tick:840 - news 034020 new=0/2 (모두 중복)
2026-10-02 09:15:00.300 | INFO     | stock_bot.news.crawler:fetch_naver_news:207 - news relevance filter: 3 → 1 (제외 2건) [241560]
2026-10-02 09:15:00.301 | INFO     | stock_bot.news.crawler:fetch_naver_news:212 - fetched 1 news items for 241560
2026-10-02 09:15:00.307 | DEBUG    | stock_bot.live.runner:_news_tick:840 - news 241560 new=0/1 (모두 중복)
2026-10-02 09:15:00.451 | INFO     | stock_bot.news.crawler:fetch_naver_news:207 - news relevance filter: 3 → 1 (제외 2건) [123330]
2026-10-02 09:15:00.452 | INFO     | stock_bot.news.crawler:fetch_naver_news:212 - fetched 1 news items for 123330
2026-10-02 09:15:00.457 | DEBUG    | stock_bot.live.runner:_news_tick:840 - news 123330 new=0/1 (모두 중복)
2026-10-02 09:15:02.916 | INFO     | stock_bot.live.runner:_tick:1546 - 034020 두산에너빌리티 [ensemble] HOLD score=+0.11 B0/S0 | 현재가 81,800원 | 손절 -4.00%(ATR)
    VWAP 워밍업 중 (4/8봉)
    VWAP 수집중 (0/5봉)
    ST 하락추세 ─홀드 (+0.000)
    RSI 43.4 (기준 30/74) ─홀드 (+0.000)
    BB 81,594~82,576원 현재 81,800원 ─홀드 (+0.000)  ← 하단근접 [──●───────] 21%
    DC  ─홀드  ← 미보유 또는 청산 조건 미해당 (+0.000)
    거래량  MA2(봉부족,설정25)대비 0.58x  〰(neutral) (+0.0000)  ← 임계 미달 (기준 ≥1.2/≤0.7x) → 중립
    뉴스  bias=+0.107 (9건)
2026-10-02 09:15:04.446 | INFO     | stock_bot.live.runner:_tick:1546 - 241560 두산밥캣 [ensemble] HOLD score=+0.00 B0/S0 | 현재가 54,900원 | 손절 -4.00%(ATR)
    VWAP 워밍업 중 (4/8봉)
    VWAP 수집중 (0/5봉)
    ST 상승추세 ─홀드 (+0.000)
    RSI 58.9 (기준 30/74) ─홀드 (+0.000)
    BB 54,516~55,034원 현재 54,900원 ─홀드 (+0.000)  ← 중간 [───────●──] 74%
    DC  ─홀드  ← 미보유 또는 청산 조건 미해당 (+0.000)
    거래량  MA2(봉부족,설정25)대비 0.72x  〰(neutral) (+0.0000)  ← 임계 미달 (기준 ≥1.2/≤0.7x) → 중립
2026-10-02 09:15:05.551 | INFO     | stock_bot.live.runner:_tick:1546 - 123330 제닉 [ensemble] HOLD score=+0.00 B0/S0 | 현재가 22,500원 | 손절 -4.00%(ATR)
    VWAP 워밍업 중 (4/8봉)
    VWAP 수집중 (0/5봉)
    ST 하락추세 ─홀드 (+0.000)
    RSI 35.9 (기준 30/74) ─홀드 (+0.000)
    BB 22,525~22,800원 현재 22,500원 ─홀드 (+0.000)  ← 하단근접 [●─────────] -9%
    DC  ─홀드  ← 미보유 또는 청산 조건 미해당 (+0.000)
    거래량  MA2(봉부족,설정25)대비 0.59x  〰(neutral) (+0.0000)  ← 임계 미달 (기준 ≥1.2/≤0.7x) → 중립
2026-10-02 09:20:00.149 | INFO     | stock_bot.news.crawler:fetch_naver_news:207 - news relevance filter: 3 → 2 (제외 1건) [034020]
2026-10-02 09:20:00.150 | INFO     | stock_bot.news.crawler:fetch_naver_news:212 - fetched 2 news items for 034020
2026-10-02 09:20:00.161 | DEBUG    | stock_bot.live.runner:_news_tick:840 - news 034020 new=0/2 (모두 중복)
2026-10-02 09:20:00.293 | INFO     | stock_bot.news.crawler:fetch_naver_news:207 - news relevance filter: 3 → 1 (제외 2건) [241560]
2026-10-02 09:20:00.294 | INFO     | stock_bot.news.crawler:fetch_naver_news:212 - fetched 1 news items for 241560
2026-10-02 09:20:00.300 | DEBUG    | stock_bot.live.runner:_news_tick:840 - news 241560 new=0/1 (모두 중복)
2026-10-02 09:20:00.430 | INFO     | stock_bot.news.crawler:fetch_naver_news:207 - news relevance filter: 3 → 1 (제외 2건) [123330]
2026-10-02 09:20:00.430 | INFO     | stock_bot.news.crawler:fetch_naver_news:212 - fetched 1 news items for 123330
2026-10-02 09:20:00.436 | DEBUG    | stock_bot.live.runner:_news_tick:840 - news 123330 new=0/1 (모두 중복)
2026-10-02 09:20:03.737 | INFO     | stock_bot.live.runner:_tick:1546 - 034020 두산에너빌리티 [ensemble] HOLD score=+0.11 B0/S0 | 현재가 81,800원 | 손절 -4.00%(ATR)
    VWAP 워밍업 중 (5/8봉)
    VWAP 수집중 (0/5봉)
    ST 하락추세 ─홀드 (+0.000)
    RSI 44.2 (기준 30/74) ─홀드 (+0.000)
    BB 81,545~82,585원 현재 81,800원 ─홀드 (+0.000)  ← 하단근접 [──●───────] 25%
    DC  ─홀드  ← 미보유 또는 청산 조건 미해당 (+0.000)
    거래량  MA3(봉부족,설정25)대비 0.44x  〰(neutral) (+0.0000)  ← 임계 미달 (기준 ≥1.2/≤0.7x) → 중립
    뉴스  bias=+0.107 (9건)
2026-10-02 09:20:06.782 | INFO     | stock_bot.live.runner:_tick:1546 - 241560 두산밥캣 [ensemble] HOLD score=+0.00 B0/S0 | 현재가 54,700원 | 손절 -4.00%(ATR)
    VWAP 워밍업 중 (5/8봉)
    VWAP 수집중 (0/5봉)
    ST 하락추세 ─홀드 (+0.000)
    RSI 48.7 (기준 30/74) ─홀드 (+0.000)
    BB 54,522~54,998원 현재 54,700원 ─홀드 (+0.000)  ← 중간 [───●──────] 37%
    DC  ─홀드  ← 미보유 또는 청산 조건 미해당 (+0.000)
    거래량  MA3(봉부족,설정25)대비 1.41x  〰(neutral) (+0.0000)  ← 임계 미달 (기준 ≥1.2/≤0.7x) → 중립
2026-10-02 09:20:10.390 | INFO     | stock_bot.live.runner:_tick:1546 - 123330 제닉 [ensemble] HOLD score=+0.34 B1/S0 | 현재가 22,300원 | 손절 -4.00%(ATR)
    VWAP 워밍업 중 (5/8봉)
    VWAP 수집중 (0/5봉)
    ST 하락추세 ─홀드 (+0.000)
    RSI 27.0 (기준 30/74) ▲매수 (+0.235)
    BB 22,422~22,863원 현재 22,300원 ─홀드 (+0.000)  ← 하단근접 [●───────────] -28%
    DC  ─홀드  ← 미보유 또는 청산 조건 미해당 (+0.000)
    거래량  MA3(봉부족,설정25)대비 1.22x  ▲(boost) (+0.1000)  ← 점수 조정 +0.1000
2026-10-02 09:25:00.159 | INFO     | stock_bot.news.crawler:fetch_naver_news:207 - news relevance filter: 3 → 2 (제외 1건) [034020]
2026-10-02 09:25:00.160 | INFO     | stock_bot.news.crawler:fetch_naver_news:212 - fetched 2 news items for 034020
2026-10-02 09:25:00.170 | DEBUG    | stock_bot.live.runner:_news_tick:840 - news 034020 new=0/2 (모두 중복)
2026-10-02 09:25:00.312 | INFO     | stock_bot.news.crawler:fetch_naver_news:207 - news relevance filter: 3 → 1 (제외 2건) [241560]
2026-10-02 09:25:00.313 | INFO     | stock_bot.news.crawler:fetch_naver_news:212 - fetched 1 news items for 241560
2026-10-02 09:25:00.322 | DEBUG    | stock_bot.live.runner:_news_tick:840 - news 241560 new=0/1 (모두 중복)
2026-10-02 09:25:00.458 | INFO     | stock_bot.news.crawler:fetch_naver_news:207 - news relevance filter: 3 → 1 (제외 2건) [123330]
2026-10-02 09:25:00.459 | INFO     | stock_bot.news.crawler:fetch_naver_news:212 - fetched 1 news items for 123330
2026-10-02 09:25:00.464 | DEBUG    | stock_bot.live.runner:_news_tick:840 - news 123330 new=0/1 (모두 중복)
2026-10-02 09:25:10.096 | INFO     | stock_bot.live.runner:_tick:1546 - 034020 두산에너빌리티 [ensemble] HOLD score=+0.27 B1/S0 | 현재가 81,400원 | 손절 -4.00%(ATR)
    VWAP 워밍업 중 (6/8봉)
    VWAP 수집중 (0/5봉)
    ST 하락추세 ─홀드 (+0.000)
    RSI 36.1 (기준 30/74) ─홀드 (+0.000)
    BB 81,355~82,665원 현재 81,400원 ▲매수 (+0.212)
    DC  ─홀드  ← 미보유 또는 청산 조건 미해당 (+0.000)
    거래량  MA4(봉부족,설정25)대비 0.61x  ▼(penalty) (-0.0500)  ← 점수 조정 -0.0500
    뉴스  bias=+0.107 (9건)
2026-10-02 09:25:15.745 | INFO     | stock_bot.live.runner:_tick:1546 - 241560 두산밥캣 [ensemble] HOLD score=+0.00 B0/S0 | 현재가 54,500원 | 손절 -4.00%(ATR)
    VWAP 워밍업 중 (6/8봉)
    VWAP 수집중 (0/5봉)
    ST 하락추세 ─홀드 (+0.000)
    RSI 39.0 (기준 30/74) ─홀드 (+0.000)
    BB 54,466~55,024원 현재 54,500원 ─홀드 (+0.000)  ← 하단근접 [●─────────] 6%
    DC  ─홀드  ← 미보유 또는 청산 조건 미해당 (+0.000)
    거래량  MA4(봉부족,설정25)대비 0.65x  〰(neutral) (+0.0000)  ← 임계 미달 (기준 ≥1.2/≤0.7x) → 중립
2026-10-02 09:25:21.169 | INFO     | stock_bot.live.runner:_tick:1546 - 123330 제닉 [ensemble] HOLD score=+0.34 B1/S0 | 현재가 22,100원 | 손절 -4.00%(ATR)
    VWAP 워밍업 중 (6/8봉)
    VWAP 수집중 (0/5봉)
    ST 하락추세 ─홀드 (+0.000)
    RSI 21.4 (기준 30/74) ▲매수 (+0.235)
    BB 22,244~22,971원 현재 22,100원 ─홀드 (+0.000)  ← 하단근접 [●──────────] -20%
    DC  ─홀드  ← 미보유 또는 청산 조건 미해당 (+0.000)
    거래량  MA4(봉부족,설정25)대비 1.87x  ▲(boost) (+0.1000)  ← 점수 조정 +0.1000
2026-10-02 09:30:00.191 | INFO     | stock_bot.news.crawler:fetch_naver_news:207 - news relevance filter: 3 → 2 (제외 1건) [034020]
2026-10-02 09:30:00.193 | INFO     | stock_bot.news.crawler:fetch_naver_news:212 - fetched 2 news items for 034020
2026-10-02 09:30:00.210 | DEBUG    | stock_bot.live.runner:_news_tick:840 - news 034020 new=0/2 (모두 중복)
2026-10-02 09:30:00.357 | INFO     | stock_bot.news.crawler:fetch_naver_news:207 - news relevance filter: 3 → 1 (제외 2건) [241560]
2026-10-02 09:30:00.358 | INFO     | stock_bot.news.crawler:fetch_naver_news:212 - fetched 1 news items for 241560
2026-10-02 09:30:00.365 | DEBUG    | stock_bot.live.runner:_news_tick:840 - news 241560 new=0/1 (모두 중복)
2026-10-02 09:30:00.539 | INFO     | stock_bot.news.crawler:fetch_naver_news:207 - news relevance filter: 3 → 1 (제외 2건) [123330]
2026-10-02 09:30:00.541 | INFO     | stock_bot.news.crawler:fetch_naver_news:212 - fetched 1 news items for 123330
2026-10-02 09:30:00.547 | DEBUG    | stock_bot.live.runner:_news_tick:840 - news 123330 new=0/1 (모두 중복)
2026-10-02 09:30:03.362 | INFO     | stock_bot.live.runner:_tick:1546 - 034020 두산에너빌리티 [ensemble] HOLD score=+0.32 B1/S0 | 현재가 81,400원 | 손절 -4.00%(ATR)
    VWAP 워밍업 중 (7/8봉)
    VWAP 수집중 (0/5봉)
    ST 하락추세 ─홀드 (+0.000)
    RSI 37.0 (기준 30/74) ─홀드 (+0.000)
    BB 81,245~82,685원 현재 81,400원 ▲매수 (+0.212)
    DC  ─홀드  ← 미보유 또는 청산 조건 미해당 (+0.000)
    거래량  MA5(봉부족,설정25)대비 1.14x  〰(neutral) (+0.0000)  ← 임계 미달 (기준 ≥1.2/≤0.7x) → 중립
    뉴스  bias=+0.107 (9건)
2026-10-02 09:30:05.592 | INFO     | stock_bot.live.runner:_tick:1546 - 241560 두산밥캣 [ensemble] HOLD score=+0.00 B0/S0 | 현재가 54,600원 | 손절 -4.00%(ATR)
    VWAP 워밍업 중 (7/8봉)
    VWAP 수집중 (0/5봉)
    ST 하락추세 ─홀드 (+0.000)
    RSI 44.9 (기준 30/74) ─홀드 (+0.000)
    BB 54,454~55,026원 현재 54,600원 ─홀드 (+0.000)  ← 중간 [──●───────] 26%
    DC  ─홀드  ← 미보유 또는 청산 조건 미해당 (+0.000)
    거래량  MA5(봉부족,설정25)대비 0.37x  〰(neutral) (+0.0000)  ← 임계 미달 (기준 ≥1.2/≤0.7x) → 중립
2026-10-02 09:30:08.785 | INFO     | stock_bot.live.runner:_tick:1546 - 123330 제닉 [ensemble] HOLD score=+0.34 B1/S0 | 현재가 22,100원 | 손절 -4.00%(ATR)
    VWAP 워밍업 중 (7/8봉)
    VWAP 수집중 (0/5봉)
    ST 하락추세 ─홀드 (+0.000)
    RSI 21.6 (기준 30/74) ▲매수 (+0.235)
    BB 22,153~23,002원 현재 22,100원 ─홀드 (+0.000)  ← 하단근접 [●─────────] -6%
    DC  ─홀드  ← 미보유 또는 청산 조건 미해당 (+0.000)
    거래량  MA5(봉부족,설정25)대비 1.34x  ▲(boost) (+0.1000)  ← 점수 조정 +0.1000
2026-10-02 09:35:00.162 | INFO     | stock_bot.news.crawler:fetch_naver_news:207 - news relevance filter: 3 → 2 (제외 1건) [034020]
2026-10-02 09:35:00.165 | INFO     | stock_bot.news.crawler:fetch_naver_news:212 - fetched 2 news items for 034020
2026-10-02 09:35:00.175 | DEBUG    | stock_bot.live.runner:_news_tick:840 - news 034020 new=0/2 (모두 중복)
2026-10-02 09:35:00.322 | INFO     | stock_bot.news.crawler:fetch_naver_news:207 - news relevance filter: 3 → 1 (제외 2건) [241560]
2026-10-02 09:35:00.323 | INFO     | stock_bot.news.crawler:fetch_naver_news:212 - fetched 1 news items for 241560
2026-10-02 09:35:00.329 | DEBUG    | stock_bot.live.runner:_news_tick:840 - news 241560 new=0/1 (모두 중복)
2026-10-02 09:35:00.454 | INFO     | stock_bot.news.crawler:fetch_naver_news:207 - news relevance filter: 3 → 1 (제외 2건) [123330]
2026-10-02 09:35:00.455 | INFO     | stock_bot.news.crawler:fetch_naver_news:212 - fetched 1 news items for 123330
2026-10-02 09:35:00.460 | DEBUG    | stock_bot.live.runner:_news_tick:840 - news 123330 new=0/1 (모두 중복)
2026-10-02 09:35:12.744 | INFO     | stock_bot.live.runner:_tick:1546 - 034020 두산에너빌리티 [ensemble] HOLD score=+0.11 B0/S0 | 현재가 81,500원 | 손절 -4.00%(ATR)
    VWAP 수집중 (0/5봉)
    ST 하락추세 ─홀드 (+0.000)
    RSI 39.8 (기준 30/74) ─홀드 (+0.000)
    BB 81,209~82,661원 현재 81,500원 ─홀드 (+0.000)  ← 하단근접 [──●───────] 20%
    DC  ─홀드  ← 미보유 또는 청산 조건 미해당 (+0.000)
    거래량  MA6(봉부족,설정25)대비 0.95x  〰(neutral) (+0.0000)  ← 임계 미달 (기준 ≥1.2/≤0.7x) → 중립
    뉴스  bias=+0.107 (9건)
2026-10-02 09:35:21.104 | INFO     | stock_bot.live.runner:_tick:1546 - 241560 두산밥캣 [ensemble] HOLD score=+0.21 B1/S0 | 현재가 55,000원 | 손절 -4.00%(ATR)
    VWAP 수집중 (0/5봉)
    ST 하락→상승전환 ▲매수 (+0.259)
    RSI 60.3 (기준 30/74) ─홀드 (+0.000)
    BB 54,480~55,050원 현재 55,000원 ─홀드 (+0.000)  ← 상단근접 [─────────●] 91%
    DC  ─홀드  ← 미보유 또는 청산 조건 미해당 (+0.000)
    거래량  MA6(봉부족,설정25)대비 0.68x  ▼(penalty) (-0.0500)  ← 점수 조정 -0.0500
2026-10-02 09:35:30.276 | INFO     | stock_bot.live.runner:_tick:1546 - 123330 제닉 [ensemble] HOLD score=+0.45 B2/S0 | 현재가 22,100원 | 손절 -4.00%(ATR)
    VWAP 수집중 (0/5봉)
    ST 하락추세 ─홀드 (+0.000)
    RSI 24.2 (기준 30/74) ▲매수 (+0.235)
    BB 22,089~23,011원 현재 22,100원 ▲매수 (+0.212)
    DC  ─홀드  ← 미보유 또는 청산 조건 미해당 (+0.000)
    거래량  MA6(봉부족,설정25)대비 0.99x  〰(neutral) (+0.0000)  ← 임계 미달 (기준 ≥1.2/≤0.7x) → 중립
2026-10-02 09:40:00.168 | INFO     | stock_bot.news.crawler:fetch_naver_news:207 - news relevance filter: 3 → 2 (제외 1건) [034020]
2026-10-02 09:40:00.169 | INFO     | stock_bot.news.crawler:fetch_naver_news:212 - fetched 2 news items for 034020
2026-10-02 09:40:00.180 | DEBUG    | stock_bot.live.runner:_news_tick:840 - news 034020 new=0/2 (모두 중복)
2026-10-02 09:40:00.348 | INFO     | stock_bot.news.crawler:fetch_naver_news:207 - news relevance filter: 3 → 1 (제외 2건) [241560]
2026-10-02 09:40:00.350 | INFO     | stock_bot.news.crawler:fetch_naver_news:212 - fetched 1 news items for 241560
2026-10-02 09:40:00.358 | DEBUG    | stock_bot.live.runner:_news_tick:840 - news 241560 new=0/1 (모두 중복)
2026-10-02 09:40:00.529 | INFO     | stock_bot.news.crawler:fetch_naver_news:207 - news relevance filter: 3 → 1 (제외 2건) [123330]
2026-10-02 09:40:00.530 | INFO     | stock_bot.news.crawler:fetch_naver_news:212 - fetched 1 news items for 123330
2026-10-02 09:40:00.538 | DEBUG    | stock_bot.live.runner:_news_tick:840 - news 123330 new=0/1 (모두 중복)
2026-10-02 09:40:19.442 | INFO     | stock_bot.live.runner:_tick:1546 - 034020 두산에너빌리티 [ensemble] HOLD score=+0.11 B0/S0 | 현재가 81,800원 | 손절 -4.00%(ATR)
    VWAP 수집중 (1/5봉)
    ST 하락추세 ─홀드 (+0.000)
    RSI 47.1 (기준 30/74) ─홀드 (+0.000)
    BB 81,225~82,635원 현재 81,800원 ─홀드 (+0.000)  ← 중간 [────●─────] 41%
    DC  ─홀드  ← 미보유 또는 청산 조건 미해당 (+0.000)
    거래량  MA7(봉부족,설정25)대비 0.45x  〰(neutral) (+0.0000)  ← 임계 미달 (기준 ≥1.2/≤0.7x) → 중립
    뉴스  bias=+0.107 (9건)
2026-10-02 09:40:29.836 | INFO     | stock_bot.live.runner:_tick:1546 - 241560 두산밥캣 [ensemble] HOLD score=+0.00 B0/S0 | 현재가 55,000원 | 손절 -4.00%(ATR)
    VWAP 수집중 (1/5봉)
    ST 상승추세 ─홀드 (+0.000)
    RSI 60.6 (기준 30/74) ─홀드 (+0.000)
    BB 54,500~55,060원 현재 55,000원 ─홀드 (+0.000)  ← 상단근접 [────────●─] 89%
    DC  ─홀드  ← 미보유 또는 청산 조건 미해당 (+0.000)
    거래량  MA7(봉부족,설정25)대비 0.96x  〰(neutral) (+0.0000)  ← 임계 미달 (기준 ≥1.2/≤0.7x) → 중립
2026-10-02 09:40:39.983 | INFO     | stock_bot.live.runner:_tick:1546 - 123330 제닉 [ensemble] HOLD score=+0.19 B1/S0 | 현재가 22,150원 | 손절 -4.00%(ATR)
    VWAP 수집중 (1/5봉)
    ST 하락추세 ─홀드 (+0.000)
    RSI 28.2 (기준 30/74) ▲매수 (+0.235)
    BB 22,034~23,011원 현재 22,150원 ─홀드 (+0.000)  ← 하단근접 [─●────────] 12%
    DC  ─홀드  ← 미보유 또는 청산 조건 미해당 (+0.000)
    거래량  MA7(봉부족,설정25)대비 0.65x  ▼(penalty) (-0.0500)  ← 점수 조정 -0.0500
2026-10-02 09:45:00.183 | INFO     | stock_bot.news.crawler:fetch_naver_news:207 - news relevance filter: 5 → 2 (제외 3건) [034020]
2026-10-02 09:45:00.186 | INFO     | stock_bot.news.crawler:fetch_naver_news:212 - fetched 2 news items for 034020
2026-10-02 09:45:00.199 | DEBUG    | stock_bot.live.runner:_news_tick:840 - news 034020 new=0/2 (모두 중복)
2026-10-02 09:45:00.371 | INFO     | stock_bot.news.crawler:fetch_naver_news:207 - news relevance filter: 3 → 1 (제외 2건) [241560]
2026-10-02 09:45:00.372 | INFO     | stock_bot.news.crawler:fetch_naver_news:212 - fetched 1 news items for 241560
2026-10-02 09:45:00.380 | DEBUG    | stock_bot.live.runner:_news_tick:840 - news 241560 new=0/1 (모두 중복)
2026-10-02 09:45:00.565 | INFO     | stock_bot.news.crawler:fetch_naver_news:207 - news relevance filter: 3 → 1 (제외 2건) [123330]
2026-10-02 09:45:00.567 | INFO     | stock_bot.news.crawler:fetch_naver_news:212 - fetched 1 news items for 123330
2026-10-02 09:45:00.576 | DEBUG    | stock_bot.live.runner:_news_tick:840 - news 123330 new=0/1 (모두 중복)
2026-10-02 09:45:12.968 | INFO     | stock_bot.live.runner:_tick:1546 - 034020 두산에너빌리티 [ensemble] HOLD score=+0.11 B0/S0 | 현재가 81,700원 | 손절 -4.00%(ATR)
    VWAP 수집중 (2/5봉)
    ST 하락추세 ─홀드 (+0.000)
    RSI 44.9 (기준 30/74) ─홀드 (+0.000)
    BB 81,205~82,605원 현재 81,700원 ─홀드 (+0.000)  ← 중간 [───●──────] 35%
    DC  ─홀드  ← 미보유 또는 청산 조건 미해당 (+0.000)
    거래량  MA8(봉부족,설정25)대비 0.58x  〰(neutral) (+0.0000)  ← 임계 미달 (기준 ≥1.2/≤0.7x) → 중립
    뉴스  bias=+0.107 (9건)
2026-10-02 09:45:19.455 | INFO     | stock_bot.live.runner:_tick:1546 - 241560 두산밥캣 [ensemble] HOLD score=+0.00 B0/S0 | 현재가 54,900원 | 손절 -4.00%(ATR)
    VWAP 수집중 (2/5봉)
    ST 상승추세 ─홀드 (+0.000)
    RSI 56.0 (기준 30/74) ─홀드 (+0.000)
    BB 54,524~55,066원 현재 54,900원 ─홀드 (+0.000)  ← 중간 [──────●───] 69%
    DC  ─홀드  ← 미보유 또는 청산 조건 미해당 (+0.000)
    거래량  MA8(봉부족,설정25)대비 0.58x  〰(neutral) (+0.0000)  ← 임계 미달 (기준 ≥1.2/≤0.7x) → 중립
2026-10-02 09:45:24.801 | INFO     | stock_bot.live.runner:_tick:1546 - 123330 제닉 [ensemble] HOLD score=+0.55 B2/S0 | 현재가 21,950원 | 손절 -4.00%(ATR)
    VWAP 수집중 (2/5봉)
    ST 하락추세 ─홀드 (+0.000)
    RSI 20.7 (기준 30/74) ▲매수 (+0.235)
    BB 21,900~23,050원 현재 21,950원 ▲매수 (+0.212)
    DC  ─홀드  ← 미보유 또는 청산 조건 미해당 (+0.000)
    거래량  MA8(봉부족,설정25)대비 1.23x  ▲(boost) (+0.1000)  ← 점수 조정 +0.1000
2026-10-02 09:50:00.182 | INFO     | stock_bot.news.crawler:fetch_naver_news:207 - news relevance filter: 5 → 2 (제외 3건) [034020]
2026-10-02 09:50:00.183 | INFO     | stock_bot.news.crawler:fetch_naver_news:212 - fetched 2 news items for 034020
2026-10-02 09:50:00.198 | DEBUG    | stock_bot.live.runner:_news_tick:840 - news 034020 new=0/2 (모두 중복)
2026-10-02 09:50:00.369 | INFO     | stock_bot.news.crawler:fetch_naver_news:207 - news relevance filter: 3 → 1 (제외 2건) [241560]
2026-10-02 09:50:00.370 | INFO     | stock_bot.news.crawler:fetch_naver_news:212 - fetched 1 news items for 241560
2026-10-02 09:50:00.378 | DEBUG    | stock_bot.live.runner:_news_tick:840 - news 241560 new=0/1 (모두 중복)
2026-10-02 09:50:00.576 | INFO     | stock_bot.news.crawler:fetch_naver_news:207 - news relevance filter: 3 → 1 (제외 2건) [123330]
2026-10-02 09:50:00.577 | INFO     | stock_bot.news.crawler:fetch_naver_news:212 - fetched 1 news items for 123330
2026-10-02 09:50:00.585 | DEBUG    | stock_bot.live.runner:_news_tick:840 - news 123330 new=0/1 (모두 중복)
2026-10-02 09:50:18.966 | INFO     | stock_bot.live.runner:_tick:1546 - 034020 두산에너빌리티 [ensemble] HOLD score=+0.11 B0/S0 | 현재가 81,600원 | 손절 -4.00%(ATR)
    VWAP 수집중 (3/5봉)
    ST 하락추세 ─홀드 (+0.000)
    RSI 43.8 (기준 30/74) ─홀드 (+0.000)
    BB 81,150~82,580원 현재 81,600원 ─홀드 (+0.000)  ← 중간 [───●──────] 31%
    DC  ─홀드  ← 미보유 또는 청산 조건 미해당 (+0.000)
    거래량  MA9(봉부족,설정25)대비 0.44x  〰(neutral) (+0.0000)  ← 임계 미달 (기준 ≥1.2/≤0.7x) → 중립
    뉴스  bias=+0.107 (9건)
2026-10-02 09:50:24.418 | INFO     | stock_bot.live.runner:_tick:1546 - 241560 두산밥캣 [ensemble] HOLD score=+0.00 B0/S0 | 현재가 54,900원 | 손절 -4.00%(ATR)
    VWAP 수집중 (3/5봉)
    ST 상승추세 ─홀드 (+0.000)
    RSI 56.1 (기준 30/74) ─홀드 (+0.000)
    BB 54,534~55,076원 현재 54,900원 ─홀드 (+0.000)  ← 중간 [──────●───] 68%
    DC  ─홀드  ← 미보유 또는 청산 조건 미해당 (+0.000)
    거래량  MA9(봉부족,설정25)대비 0.86x  〰(neutral) (+0.0000)  ← 임계 미달 (기준 ≥1.2/≤0.7x) → 중립
2026-10-02 09:50:28.719 | INFO     | stock_bot.live.runner:_tick:1546 - 123330 제닉 [ensemble] HOLD score=+0.34 B1/S0 | 현재가 21,700원 | 손절 -4.00%(ATR)
    VWAP 수집중 (3/5봉)
    ST 하락추세 ─홀드 (+0.000)
    RSI 16.6 (기준 30/74) ▲매수 (+0.235)
    BB 21,706~23,119원 현재 21,700원 ─홀드 (+0.000)  ← 하단근접 [●─────────] -0%
    DC  ─홀드  ← 미보유 또는 청산 조건 미해당 (+0.000)
    거래량  MA9(봉부족,설정25)대비 2.35x  ▲(boost) (+0.1000)  ← 점수 조정 +0.1000
2026-10-02 09:55:00.178 | INFO     | stock_bot.news.crawler:fetch_naver_news:207 - news relevance filter: 5 → 2 (제외 3건) [034020]
2026-10-02 09:55:00.180 | INFO     | stock_bot.news.crawler:fetch_naver_news:212 - fetched 2 news items for 034020
2026-10-02 09:55:00.192 | DEBUG    | stock_bot.live.runner:_news_tick:840 - news 034020 new=0/2 (모두 중복)
2026-10-02 09:55:00.349 | INFO     | stock_bot.news.crawler:fetch_naver_news:207 - news relevance filter: 3 → 1 (제외 2건) [241560]
2026-10-02 09:55:00.350 | INFO     | stock_bot.news.crawler:fetch_naver_news:212 - fetched 1 news items for 241560
2026-10-02 09:55:00.358 | DEBUG    | stock_bot.live.runner:_news_tick:840 - news 241560 new=0/1 (모두 중복)
2026-10-02 09:55:00.523 | INFO     | stock_bot.news.crawler:fetch_naver_news:207 - news relevance filter: 3 → 1 (제외 2건) [123330]
2026-10-02 09:55:00.524 | INFO     | stock_bot.news.crawler:fetch_naver_news:212 - fetched 1 news items for 123330
2026-10-02 09:55:00.533 | DEBUG    | stock_bot.live.runner:_news_tick:840 - news 123330 new=0/1 (모두 중복)
2026-10-02 09:55:13.529 | INFO     | stock_bot.live.runner:_tick:1546 - 034020 두산에너빌리티 [ensemble] HOLD score=+0.11 B0/S0 | 현재가 81,600원 | 손절 -4.00%(ATR)
    VWAP 수집중 (4/5봉)
    ST 하락추세 ─홀드 (+0.000)
    RSI 44.0 (기준 30/74) ─홀드 (+0.000)
    BB 81,112~82,558원 현재 81,600원 ─홀드 (+0.000)  ← 중간 [───●──────] 34%
    DC  ─홀드  ← 미보유 또는 청산 조건 미해당 (+0.000)
    거래량  MA10(봉부족,설정25)대비 0.36x  〰(neutral) (+0.0000)  ← 임계 미달 (기준 ≥1.2/≤0.7x) → 중립
    뉴스  bias=+0.107 (9건)
2026-10-02 09:55:21.892 | INFO     | stock_bot.live.runner:_tick:1546 - 241560 두산밥캣 [ensemble] HOLD score=+0.00 B0/S0 | 현재가 55,000원 | 손절 -4.00%(ATR)
    VWAP 수집중 (4/5봉)
    ST 상승추세 ─홀드 (+0.000)
    RSI 57.9 (기준 30/74) ─홀드 (+0.000)
    BB 54,525~55,135원 현재 55,000원 ─홀드 (+0.000)  ← 상단근접 [───────●──] 78%
    DC  ─홀드  ← 미보유 또는 청산 조건 미해당 (+0.000)
    거래량  MA10(봉부족,설정25)대비 0.63x  〰(neutral) (+0.0000)  ← 임계 미달 (기준 ≥1.2/≤0.7x) → 중립
2026-10-02 09:55:34.804 | INFO     | stock_bot.live.runner:_tick:1546 - 123330 제닉 [ensemble] HOLD score=+0.19 B1/S0 | 현재가 21,850원 | 손절 -4.00%(ATR)
    VWAP 수집중 (4/5봉)
    ST 하락추세 ─홀드 (+0.000)
    RSI 25.9 (기준 30/74) ▲매수 (+0.235)
    BB 21,669~23,086원 현재 21,850원 ─홀드 (+0.000)  ← 하단근접 [─●────────] 13%
    DC  ─홀드  ← 미보유 또는 청산 조건 미해당 (+0.000)
    거래량  MA10(봉부족,설정25)대비 0.56x  ▼(penalty) (-0.0500)  ← 점수 조정 -0.0500
2026-10-02 10:00:00.182 | INFO     | stock_bot.news.crawler:fetch_naver_news:207 - news relevance filter: 5 → 2 (제외 3건) [034020]
2026-10-02 10:00:00.183 | INFO     | stock_bot.news.crawler:fetch_naver_news:212 - fetched 2 news items for 034020
2026-10-02 10:00:00.199 | DEBUG    | stock_bot.live.runner:_news_tick:840 - news 034020 new=0/2 (모두 중복)
2026-10-02 10:00:00.378 | INFO     | stock_bot.news.crawler:fetch_naver_news:207 - news relevance filter: 3 → 1 (제외 2건) [241560]
2026-10-02 10:00:00.379 | INFO     | stock_bot.news.crawler:fetch_naver_news:212 - fetched 1 news items for 241560
2026-10-02 10:00:00.387 | DEBUG    | stock_bot.live.runner:_news_tick:840 - news 241560 new=0/1 (모두 중복)
2026-10-02 10:00:00.534 | INFO     | stock_bot.news.crawler:fetch_naver_news:207 - news relevance filter: 3 → 1 (제외 2건) [123330]
2026-10-02 10:00:00.535 | INFO     | stock_bot.news.crawler:fetch_naver_news:212 - fetched 1 news items for 123330
2026-10-02 10:00:00.544 | DEBUG    | stock_bot.live.runner:_news_tick:840 - news 123330 new=0/1 (모두 중복)
2026-10-02 10:00:16.207 | INFO     | stock_bot.live.runner:_tick:1546 - 034020 두산에너빌리티 [ensemble] HOLD score=+0.00 B0/S0 | 현재가 81,550원 | 손절 -4.00%(ATR)
    VWAP 81,645원 -0.12% ─홀드 (+0.000)
    ST 하락추세 ─홀드 (+0.000)
    RSI 43.0 (기준 30/74) ─홀드 (+0.000)
    BB 81,079~82,531원 현재 81,550원 ─홀드 (+0.000)  ← 중간 [───●──────] 32%
    DC  ─홀드  ← 미보유 또는 청산 조건 미해당 (+0.000)
    거래량  MA11(봉부족,설정25)대비 0.50x  〰(neutral) (+0.0000)  ← 임계 미달 (기준 ≥1.2/≤0.7x) → 중립
    뉴스  bias=+0.000 (2건)
2026-10-02 10:00:27.015 | INFO     | stock_bot.live.runner:_tick:1546 - 241560 두산밥캣 [ensemble] HOLD score=+0.00 B0/S0 | 현재가 54,900원 | 손절 -4.00%(ATR)
    VWAP 54,987원 -0.16% ─홀드 (+0.000)
    ST 상승추세 ─홀드 (+0.000)
    RSI 54.2 (기준 30/74) ─홀드 (+0.000)
    BB 54,543~55,127원 현재 54,900원 ─홀드 (+0.000)  ← 중간 [──────●───] 61%
    DC  ─홀드  ← 미보유 또는 청산 조건 미해당 (+0.000)
    거래량  MA11(봉부족,설정25)대비 0.90x  〰(neutral) (+0.0000)  ← 임계 미달 (기준 ≥1.2/≤0.7x) → 중립
2026-10-02 10:00:37.113 | INFO     | stock_bot.live.runner:_tick:1546 - 123330 제닉 [ensemble] HOLD score=+0.00 B0/S0 | 현재가 21,900원 | 손절 -4.00%(ATR)
    VWAP 21,870원 +0.14% ─홀드 (+0.000)
    ST 하락추세 ─홀드 (+0.000)
    RSI 31.6 (기준 30/74) ─홀드 (+0.000)
    BB 21,641~23,049원 현재 21,900원 ─홀드 (+0.000)  ← 하단근접 [─●────────] 18%
    DC  ─홀드  ← 미보유 또는 청산 조건 미해당 (+0.000)
    거래량  MA11(봉부족,설정25)대비 0.53x  〰(neutral) (+0.0000)  ← 임계 미달 (기준 ≥1.2/≤0.7x) → 중립
2026-10-02 10:05:00.199 | INFO     | stock_bot.news.crawler:fetch_naver_news:207 - news relevance filter: 6 → 2 (제외 4건) [034020]
2026-10-02 10:05:00.202 | INFO     | stock_bot.news.crawler:fetch_naver_news:212 - fetched 2 news items for 034020
2026-10-02 10:05:00.214 | DEBUG    | stock_bot.live.runner:_news_tick:840 - news 034020 new=0/2 (모두 중복)
2026-10-02 10:05:00.400 | INFO     | stock_bot.news.crawler:fetch_naver_news:207 - news relevance filter: 3 → 1 (제외 2건) [241560]
2026-10-02 10:05:00.402 | INFO     | stock_bot.news.crawler:fetch_naver_news:212 - fetched 1 news items for 241560
2026-10-02 10:05:00.410 | DEBUG    | stock_bot.live.runner:_news_tick:840 - news 241560 new=0/1 (모두 중복)
2026-10-02 10:05:00.594 | INFO     | stock_bot.news.crawler:fetch_naver_news:207 - news relevance filter: 3 → 1 (제외 2건) [123330]
2026-10-02 10:05:00.595 | INFO     | stock_bot.news.crawler:fetch_naver_news:212 - fetched 1 news items for 123330
2026-10-02 10:05:00.604 | DEBUG    | stock_bot.live.runner:_news_tick:840 - news 123330 new=0/1 (모두 중복)
2026-10-02 10:05:15.395 | INFO     | stock_bot.live.runner:_tick:1546 - 034020 두산에너빌리티 [ensemble] HOLD score=+0.00 B0/S0 | 현재가 81,400원 | 손절 -4.00%(ATR)
    VWAP 81,552원 -0.19% ─홀드 (+0.000)
    ST 하락추세 ─홀드 (+0.000)
    RSI 40.2 (기준 30/74) ─홀드 (+0.000)
    BB 81,022~82,493원 현재 81,400원 ─홀드 (+0.000)  ← 중간 [──●───────] 26%
    DC  ─홀드  ← 미보유 또는 청산 조건 미해당 (+0.000)
    거래량  MA12(봉부족,설정25)대비 1.49x  〰(neutral) (+0.0000)  ← 임계 미달 (기준 ≥1.2/≤0.7x) → 중립
    뉴스  bias=+0.000 (2건)
2026-10-02 10:05:22.036 | INFO     | stock_bot.live.runner:_tick:1546 - 241560 두산밥캣 [ensemble] HOLD score=+0.00 B0/S0 | 현재가 54,900원 | 손절 -4.00%(ATR)
    VWAP 54,957원 -0.10% ─홀드 (+0.000)
    ST 상승추세 ─홀드 (+0.000)
    RSI 54.4 (기준 30/74) ─홀드 (+0.000)
    BB 54,559~55,131원 현재 54,900원 ─홀드 (+0.000)  ← 중간 [─────●────] 60%
    DC  ─홀드  ← 미보유 또는 청산 조건 미해당 (+0.000)
    거래량  MA12(봉부족,설정25)대비 0.98x  〰(neutral) (+0.0000)  ← 임계 미달 (기준 ≥1.2/≤0.7x) → 중립
2026-10-02 10:05:26.821 | INFO     | stock_bot.live.runner:_tick:1546 - 123330 제닉 [ensemble] HOLD score=+0.00 B0/S0 | 현재가 21,950원 | 손절 -4.00%(ATR)
    VWAP 21,877원 +0.33% ─홀드 (+0.000)
    ST 하락추세 ─홀드 (+0.000)
    RSI 32.6 (기준 30/74) ─홀드 (+0.000)
    BB 21,608~23,017원 현재 21,950원 ─홀드 (+0.000)  ← 하단근접 [──●───────] 24%
    DC  ─홀드  ← 미보유 또는 청산 조건 미해당 (+0.000)
    거래량  MA12(봉부족,설정25)대비 1.44x  〰(neutral) (+0.0000)  ← 임계 미달 (기준 ≥1.2/≤0.7x) → 중립
2026-10-02 10:10:00.203 | INFO     | stock_bot.news.crawler:fetch_naver_news:207 - news relevance filter: 6 → 2 (제외 4건) [034020]
2026-10-02 10:10:00.205 | INFO     | stock_bot.news.crawler:fetch_naver_news:212 - fetched 2 news items for 034020
2026-10-02 10:10:00.219 | DEBUG    | stock_bot.live.runner:_news_tick:840 - news 034020 new=0/2 (모두 중복)
2026-10-02 10:10:00.394 | INFO     | stock_bot.news.crawler:fetch_naver_news:207 - news relevance filter: 3 → 1 (제외 2건) [241560]
2026-10-02 10:10:00.395 | INFO     | stock_bot.news.crawler:fetch_naver_news:212 - fetched 1 news items for 241560
2026-10-02 10:10:00.403 | DEBUG    | stock_bot.live.runner:_news_tick:840 - news 241560 new=0/1 (모두 중복)
2026-10-02 10:10:00.569 | INFO     | stock_bot.news.crawler:fetch_naver_news:207 - news relevance filter: 3 → 1 (제외 2건) [123330]
2026-10-02 10:10:00.570 | INFO     | stock_bot.news.crawler:fetch_naver_news:212 - fetched 1 news items for 123330
2026-10-02 10:10:00.578 | DEBUG    | stock_bot.live.runner:_news_tick:840 - news 123330 new=0/1 (모두 중복)
2026-10-02 10:10:12.201 | INFO     | stock_bot.live.runner:_tick:1546 - 034020 두산에너빌리티 [ensemble] HOLD score=+0.00 B0/S0 | 현재가 81,100원 | 손절 -2.66%(ATR)
    VWAP 81,458원 -0.44% ─홀드 (+0.000)
    ST 하락추세 ─홀드 (+0.000)
    RSI 35.5 (기준 30/74) ─홀드 (+0.000)
    BB 80,911~82,474원 현재 81,100원 ─홀드 (+0.000)  ← 하단근접 [─●────────] 12%
    DC  ─홀드  ← 미보유 또는 청산 조건 미해당 (+0.000)
    거래량  MA13(봉부족,설정25)대비 1.40x  〰(neutral) (+0.0000)  ← 임계 미달 (기준 ≥1.2/≤0.7x) → 중립
    뉴스  bias=+0.000 (2건)
2026-10-02 10:10:21.722 | INFO     | stock_bot.live.runner:_tick:1546 - 241560 두산밥캣 [ensemble] HOLD score=+0.00 B0/S0 | 현재가 54,900원 | 손절 -4.00%(ATR)
    VWAP 54,937원 -0.07% ─홀드 (+0.000)
    ST 상승추세 ─홀드 (+0.000)
    RSI 54.3 (기준 30/74) ─홀드 (+0.000)
    BB 54,563~55,137원 현재 54,900원 ─홀드 (+0.000)  ← 중간 [─────●────] 59%
    DC  ─홀드  ← 미보유 또는 청산 조건 미해당 (+0.000)
    거래량  MA13(봉부족,설정25)대비 1.16x  〰(neutral) (+0.0000)  ← 임계 미달 (기준 ≥1.2/≤0.7x) → 중립
2026-10-02 10:10:31.083 | INFO     | stock_bot.live.runner:_tick:1546 - 123330 제닉 [ensemble] HOLD score=+0.00 B0/S0 | 현재가 21,950원 | 손절 -4.00%(ATR)
    VWAP 21,881원 +0.32% ─홀드 (+0.000)
    ST 하락추세 ─홀드 (+0.000)
    RSI 33.9 (기준 30/74) ─홀드 (+0.000)
    BB 21,570~22,975원 현재 21,950원 ─홀드 (+0.000)  ← 중간 [──●───────] 27%
    DC  ─홀드  ← 미보유 또는 청산 조건 미해당 (+0.000)
    거래량  MA13(봉부족,설정25)대비 0.29x  〰(neutral) (+0.0000)  ← 임계 미달 (기준 ≥1.2/≤0.7x) → 중립
2026-10-02 10:15:00.199 | INFO     | stock_bot.news.crawler:fetch_naver_news:207 - news relevance filter: 6 → 2 (제외 4건) [034020]
2026-10-02 10:15:00.201 | INFO     | stock_bot.news.crawler:fetch_naver_news:212 - fetched 2 news items for 034020
2026-10-02 10:15:00.214 | DEBUG    | stock_bot.live.runner:_news_tick:840 - news 034020 new=0/2 (모두 중복)
2026-10-02 10:15:00.388 | INFO     | stock_bot.news.crawler:fetch_naver_news:207 - news relevance filter: 3 → 1 (제외 2건) [241560]
2026-10-02 10:15:00.389 | INFO     | stock_bot.news.crawler:fetch_naver_news:212 - fetched 1 news items for 241560
2026-10-02 10:15:00.398 | DEBUG    | stock_bot.live.runner:_news_tick:840 - news 241560 new=0/1 (모두 중복)
2026-10-02 10:15:00.575 | INFO     | stock_bot.news.crawler:fetch_naver_news:207 - news relevance filter: 3 → 1 (제외 2건) [123330]
2026-10-02 10:15:00.576 | INFO     | stock_bot.news.crawler:fetch_naver_news:212 - fetched 1 news items for 123330
2026-10-02 10:15:00.584 | DEBUG    | stock_bot.live.runner:_news_tick:840 - news 123330 new=0/1 (모두 중복)
2026-10-02 10:15:06.171 | INFO     | stock_bot.live.runner:_tick:1546 - 034020 두산에너빌리티 [ensemble] HOLD score=+0.00 B0/S0 | 현재가 81,450원 | 손절 -2.60%(ATR)
    VWAP 81,444원 +0.01% ─홀드 (+0.000)
    ST 하락추세 ─홀드 (+0.000)
    RSI 43.1 (기준 30/74) ─홀드 (+0.000)
    BB 80,979~82,361원 현재 81,450원 ─홀드 (+0.000)  ← 중간 [───●──────] 34%
    DC  ─홀드  ← 미보유 또는 청산 조건 미해당 (+0.000)
    거래량  MA14(봉부족,설정25)대비 0.90x  〰(neutral) (+0.0000)  ← 임계 미달 (기준 ≥1.2/≤0.7x) → 중립
    뉴스  bias=+0.000 (2건)
2026-10-02 10:15:10.688 | INFO     | stock_bot.live.runner:_tick:1546 - 241560 두산밥캣 [ensemble] HOLD score=+0.00 B0/S0 | 현재가 55,100원 | 손절 -3.88%(ATR)
    VWAP 54,948원 +0.28% ─홀드 (+0.000)
    ST 상승추세 ─홀드 (+0.000)
    RSI 60.4 (기준 30/74) ─홀드 (+0.000)
    BB 54,551~55,199원 현재 55,100원 ─홀드 (+0.000)  ← 상단근접 [────────●─] 85%
    DC  ─홀드  ← 미보유 또는 청산 조건 미해당 (+0.000)
    거래량  MA14(봉부족,설정25)대비 0.98x  〰(neutral) (+0.0000)  ← 임계 미달 (기준 ≥1.2/≤0.7x) → 중립
2026-10-02 10:15:14.557 | INFO     | stock_bot.live.runner:_tick:1546 - 123330 제닉 [ensemble] HOLD score=+0.00 B0/S0 | 현재가 22,050원 | 손절 -4.00%(ATR)
    VWAP 21,900원 +0.68% ─홀드 (+0.000)
    ST 하락추세 ─홀드 (+0.000)
    RSI 38.4 (기준 30/74) ─홀드 (+0.000)
    BB 21,574~22,916원 현재 22,050원 ─홀드 (+0.000)  ← 중간 [───●──────] 35%
    DC  ─홀드  ← 미보유 또는 청산 조건 미해당 (+0.000)
    거래량  MA14(봉부족,설정25)대비 0.88x  〰(neutral) (+0.0000)  ← 임계 미달 (기준 ≥1.2/≤0.7x) → 중립
2026-10-02 10:20:00.193 | INFO     | stock_bot.news.crawler:fetch_naver_news:207 - news relevance filter: 6 → 2 (제외 4건) [034020]
2026-10-02 10:20:00.194 | INFO     | stock_bot.news.crawler:fetch_naver_news:212 - fetched 2 news items for 034020
2026-10-02 10:20:00.208 | DEBUG    | stock_bot.live.runner:_news_tick:840 - news 034020 new=0/2 (모두 중복)
2026-10-02 10:20:00.368 | INFO     | stock_bot.news.crawler:fetch_naver_news:207 - news relevance filter: 3 → 1 (제외 2건) [241560]
2026-10-02 10:20:00.369 | INFO     | stock_bot.news.crawler:fetch_naver_news:212 - fetched 1 news items for 241560
2026-10-02 10:20:00.377 | DEBUG    | stock_bot.live.runner:_news_tick:840 - news 241560 new=0/1 (모두 중복)
2026-10-02 10:20:00.539 | INFO     | stock_bot.news.crawler:fetch_naver_news:207 - news relevance filter: 3 → 1 (제외 2건) [123330]
2026-10-02 10:20:00.541 | INFO     | stock_bot.news.crawler:fetch_naver_news:212 - fetched 1 news items for 123330
2026-10-02 10:20:00.550 | DEBUG    | stock_bot.live.runner:_news_tick:840 - news 123330 new=0/1 (모두 중복)
2026-10-02 10:20:20.402 | INFO     | stock_bot.live.runner:_tick:1546 - 034020 두산에너빌리티 [ensemble] HOLD score=+0.00 B0/S0 | 현재가 81,300원 | 손절 -2.56%(ATR)
    VWAP 81,433원 -0.16% ─홀드 (+0.000)
    ST 하락추세 ─홀드 (+0.000)
    RSI 40.9 (기준 30/74) ─홀드 (+0.000)
    BB 80,959~82,266원 현재 81,300원 ─홀드 (+0.000)  ← 중간 [──●───────] 26%
    DC  ─홀드  ← 미보유 또는 청산 조건 미해당 (+0.000)
    거래량  MA15(봉부족,설정25)대비 0.60x  〰(neutral) (+0.0000)  ← 임계 미달 (기준 ≥1.2/≤0.7x) → 중립
    뉴스  bias=+0.000 (2건)
2026-10-02 10:20:32.186 | INFO     | stock_bot.live.runner:_tick:1546 - 241560 두산밥캣 [ensemble] HOLD score=+0.00 B0/S0 | 현재가 54,800원 | 손절 -3.80%(ATR)
    VWAP 54,939원 -0.25% ─홀드 (+0.000)
    ST 상승추세 ─홀드 (+0.000)
    RSI 49.8 (기준 30/74) ─홀드 (+0.000)
    BB 54,547~55,163원 현재 54,800원 ─홀드 (+0.000)  ← 중간 [────●─────] 41%
    DC  ─홀드  ← 미보유 또는 청산 조건 미해당 (+0.000)
    거래량  MA15(봉부족,설정25)대비 1.27x  〰(neutral) (+0.0000)  ← 임계 미달 (기준 ≥1.2/≤0.7x) → 중립
2026-10-02 10:20:42.948 | INFO     | stock_bot.live.runner:_tick:1546 - 123330 제닉 [ensemble] HOLD score=+0.00 B0/S0 | 현재가 22,000원 | 손절 -4.00%(ATR)
    VWAP 21,912원 +0.40% ─홀드 (+0.000)
    ST 하락추세 ─홀드 (+0.000)
    RSI 37.9 (기준 30/74) ─홀드 (+0.000)
    BB 21,571~22,854원 현재 22,000원 ─홀드 (+0.000)  ← 중간 [───●──────] 33%
    DC  ─홀드  ← 미보유 또는 청산 조건 미해당 (+0.000)
    거래량  MA15(봉부족,설정25)대비 0.68x  〰(neutral) (+0.0000)  ← 임계 미달 (기준 ≥1.2/≤0.7x) → 중립
2026-10-02 10:25:00.185 | INFO     | stock_bot.news.crawler:fetch_naver_news:207 - news relevance filter: 6 → 2 (제외 4건) [034020]
2026-10-02 10:25:00.186 | INFO     | stock_bot.news.crawler:fetch_naver_news:212 - fetched 2 news items for 034020
2026-10-02 10:25:00.199 | DEBUG    | stock_bot.live.runner:_news_tick:840 - news 034020 new=0/2 (모두 중복)
2026-10-02 10:25:00.366 | INFO     | stock_bot.news.crawler:fetch_naver_news:207 - news relevance filter: 3 → 1 (제외 2건) [241560]
2026-10-02 10:25:00.368 | INFO     | stock_bot.news.crawler:fetch_naver_news:212 - fetched 1 news items for 241560
2026-10-02 10:25:00.376 | DEBUG    | stock_bot.live.runner:_news_tick:840 - news 241560 new=0/1 (모두 중복)
2026-10-02 10:25:00.550 | INFO     | stock_bot.news.crawler:fetch_naver_news:207 - news relevance filter: 3 → 1 (제외 2건) [123330]
2026-10-02 10:25:00.551 | INFO     | stock_bot.news.crawler:fetch_naver_news:212 - fetched 1 news items for 123330
2026-10-02 10:25:00.559 | DEBUG    | stock_bot.live.runner:_news_tick:840 - news 123330 new=0/1 (모두 중복)
2026-10-02 10:25:12.018 | INFO     | stock_bot.live.runner:_tick:1546 - 034020 두산에너빌리티 [ensemble] HOLD score=+0.00 B0/S0 | 현재가 81,200원 | 손절 -2.51%(ATR)
    VWAP 81,409원 -0.26% ─홀드 (+0.000)
    ST 하락추세 ─홀드 (+0.000)
    RSI 39.4 (기준 30/74) ─홀드 (+0.000)
    BB 80,931~82,184원 현재 81,200원 ─홀드 (+0.000)  ← 하단근접 [──●───────] 21%
    DC  ─홀드  ← 미보유 또는 청산 조건 미해당 (+0.000)
    거래량  MA16(봉부족,설정25)대비 0.91x  〰(neutral) (+0.0000)  ← 임계 미달 (기준 ≥1.2/≤0.7x) → 중립
    뉴스  bias=+0.000 (2건)
2026-10-02 10:25:18.436 | INFO     | stock_bot.live.runner:_tick:1546 - 241560 두산밥캣 [ensemble] HOLD score=+0.00 B0/S0 | 현재가 54,700원 | 손절 -3.72%(ATR)
    VWAP 54,927원 -0.41% ─홀드 (+0.000)
    ST 상승추세 ─홀드 (+0.000)
    RSI 47.1 (기준 30/74) ─홀드 (+0.000)
    BB 54,519~55,161원 현재 54,700원 ─홀드 (+0.000)  ← 중간 [──●───────] 28%
    DC  ─홀드  ← 미보유 또는 청산 조건 미해당 (+0.000)
    거래량  MA16(봉부족,설정25)대비 0.34x  〰(neutral) (+0.0000)  ← 임계 미달 (기준 ≥1.2/≤0.7x) → 중립
2026-10-02 10:25:24.806 | INFO     | stock_bot.live.runner:_tick:1546 - 123330 제닉 [ensemble] HOLD score=+0.00 B0/S0 | 현재가 21,950원 | 손절 -4.00%(ATR)
    VWAP 21,917원 +0.15% ─홀드 (+0.000)
    ST 하락추세 ─홀드 (+0.000)
    RSI 36.4 (기준 30/74) ─홀드 (+0.000)
    BB 21,574~22,771원 현재 21,950원 ─홀드 (+0.000)  ← 중간 [───●──────] 31%
    DC  ─홀드  ← 미보유 또는 청산 조건 미해당 (+0.000)
    거래량  MA16(봉부족,설정25)대비 0.40x  〰(neutral) (+0.0000)  ← 임계 미달 (기준 ≥1.2/≤0.7x) → 중립
2026-10-02 10:30:00.183 | INFO     | stock_bot.news.crawler:fetch_naver_news:207 - news relevance filter: 6 → 2 (제외 4건) [034020]
2026-10-02 10:30:00.186 | INFO     | stock_bot.news.crawler:fetch_naver_news:212 - fetched 2 news items for 034020
2026-10-02 10:30:00.202 | DEBUG    | stock_bot.live.runner:_news_tick:840 - news 034020 new=0/2 (모두 중복)
2026-10-02 10:30:00.369 | INFO     | stock_bot.news.crawler:fetch_naver_news:207 - news relevance filter: 3 → 1 (제외 2건) [241560]
2026-10-02 10:30:00.371 | INFO     | stock_bot.news.crawler:fetch_naver_news:212 - fetched 1 news items for 241560
2026-10-02 10:30:00.379 | DEBUG    | stock_bot.live.runner:_news_tick:840 - news 241560 new=0/1 (모두 중복)
2026-10-02 10:30:00.550 | INFO     | stock_bot.news.crawler:fetch_naver_news:207 - news relevance filter: 3 → 1 (제외 2건) [123330]
2026-10-02 10:30:00.552 | INFO     | stock_bot.news.crawler:fetch_naver_news:212 - fetched 1 news items for 123330
2026-10-02 10:30:00.560 | DEBUG    | stock_bot.live.runner:_news_tick:840 - news 123330 new=0/1 (모두 중복)
2026-10-02 10:30:23.729 | INFO     | stock_bot.live.runner:_tick:1546 - 034020 두산에너빌리티 [ensemble] HOLD score=+0.00 B0/S0 | 현재가 81,000원 | 손절 -2.40%(ATR)
    VWAP 81,345원 -0.42% ─홀드 (+0.000)
    ST 하락추세 ─홀드 (+0.000)
    RSI 36.4 (기준 30/74) ─홀드 (+0.000)
    BB 80,896~82,074원 현재 81,000원 ─홀드 (+0.000)  ← 하단근접 [●─────────] 9%
    DC  ─홀드  ← 미보유 또는 청산 조건 미해당 (+0.000)
    거래량  MA17(봉부족,설정25)대비 1.67x  〰(neutral) (+0.0000)  ← 임계 미달 (기준 ≥1.2/≤0.7x) → 중립
    뉴스  bias=+0.000 (2건)
2026-10-02 10:30:37.489 | INFO     | stock_bot.live.runner:_tick:1546 - 241560 두산밥캣 [ensemble] HOLD score=+0.00 B0/S0 | 현재가 54,600원 | 손절 -3.52%(ATR)
    VWAP 54,902원 -0.55% ─홀드 (+0.000)
    ST 상승추세 ─홀드 (+0.000)
    RSI 44.7 (기준 30/74) ─홀드 (+0.000)
    BB 54,473~55,167원 현재 54,600원 ─홀드 (+0.000)  ← 하단근접 [─●────────] 18%
    DC  ─홀드  ← 미보유 또는 청산 조건 미해당 (+0.000)
    거래량  MA17(봉부족,설정25)대비 0.99x  〰(neutral) (+0.0000)  ← 임계 미달 (기준 ≥1.2/≤0.7x) → 중립
2026-10-02 10:30:48.247 | INFO     | stock_bot.live.runner:_tick:1546 - 123330 제닉 [ensemble] HOLD score=+0.00 B0/S0 | 현재가 21,900원 | 손절 -4.00%(ATR)
    VWAP 21,917원 -0.08% ─홀드 (+0.000)
    ST 하락추세 ─홀드 (+0.000)
    RSI 35.2 (기준 30/74) ─홀드 (+0.000)
    BB 21,577~22,688원 현재 21,900원 ─홀드 (+0.000)  ← 중간 [──●───────] 29%
    DC  ─홀드  ← 미보유 또는 청산 조건 미해당 (+0.000)
    거래량  MA17(봉부족,설정25)대비 0.49x  〰(neutral) (+0.0000)  ← 임계 미달 (기준 ≥1.2/≤0.7x) → 중립
2026-10-02 10:35:00.192 | INFO     | stock_bot.news.crawler:fetch_naver_news:207 - news relevance filter: 6 → 2 (제외 4건) [034020]
2026-10-02 10:35:00.193 | INFO     | stock_bot.news.crawler:fetch_naver_news:212 - fetched 2 news items for 034020
2026-10-02 10:35:00.206 | DEBUG    | stock_bot.live.runner:_news_tick:840 - news 034020 new=0/2 (모두 중복)
2026-10-02 10:35:00.397 | INFO     | stock_bot.news.crawler:fetch_naver_news:207 - news relevance filter: 3 → 1 (제외 2건) [241560]
2026-10-02 10:35:00.398 | INFO     | stock_bot.news.crawler:fetch_naver_news:212 - fetched 1 news items for 241560
2026-10-02 10:35:00.406 | DEBUG    | stock_bot.live.runner:_news_tick:840 - news 241560 new=0/1 (모두 중복)
2026-10-02 10:35:00.567 | INFO     | stock_bot.news.crawler:fetch_naver_news:207 - news relevance filter: 3 → 1 (제외 2건) [123330]
2026-10-02 10:35:00.568 | INFO     | stock_bot.news.crawler:fetch_naver_news:212 - fetched 1 news items for 123330
2026-10-02 10:35:00.576 | DEBUG    | stock_bot.live.runner:_news_tick:840 - news 123330 new=0/1 (모두 중복)
2026-10-02 10:35:15.818 | INFO     | stock_bot.live.runner:_tick:1546 - 034020 두산에너빌리티 [ensemble] HOLD score=+0.39 B1/S0 | 현재가 80,500원 | 손절 -2.51%(ATR)
    VWAP 81,169원 -0.82% ▲매수 (+0.294)
    ST 하락추세 ─홀드 (+0.000)
    RSI 30.6 (기준 30/74) ─홀드 (+0.000)
    BB 80,655~82,085원 현재 80,500원 ─홀드 (+0.000)  ← 하단근접 [●──────────] -11%
    DC  ─홀드  ← 미보유 또는 청산 조건 미해당 (+0.000)
    거래량  MA18(봉부족,설정25)대비 2.87x  ▲(boost) (+0.1000)  ← 점수 조정 +0.1000
    뉴스  bias=+0.000 (2건)
2026-10-02 10:35:24.504 | INFO     | stock_bot.live.runner:_tick:1546 - 241560 두산밥캣 [ensemble] HOLD score=+0.00 B0/S0 | 현재가 54,700원 | 손절 -3.33%(ATR)
    VWAP 54,896원 -0.36% ─홀드 (+0.000)
    ST 상승추세 ─홀드 (+0.000)
    RSI 47.8 (기준 30/74) ─홀드 (+0.000)
    BB 54,476~55,154원 현재 54,700원 ─홀드 (+0.000)  ← 중간 [───●──────] 33%
    DC  ─홀드  ← 미보유 또는 청산 조건 미해당 (+0.000)
    거래량  MA18(봉부족,설정25)대비 0.26x  〰(neutral) (+0.0000)  ← 임계 미달 (기준 ≥1.2/≤0.7x) → 중립
2026-10-02 10:35:30.663 | INFO     | stock_bot.live.runner:_tick:1546 - 123330 제닉 [ensemble] HOLD score=+0.00 B0/S0 | 현재가 21,850원 | 손절 -4.00%(ATR)
    VWAP 21,915원 -0.30% ─홀드 (+0.000)
    ST 하락추세 ─홀드 (+0.000)
    RSI 34.1 (기준 30/74) ─홀드 (+0.000)
    BB 21,573~22,607원 현재 21,850원 ─홀드 (+0.000)  ← 중간 [──●───────] 27%
    DC  ─홀드  ← 미보유 또는 청산 조건 미해당 (+0.000)
    거래량  MA18(봉부족,설정25)대비 0.45x  〰(neutral) (+0.0000)  ← 임계 미달 (기준 ≥1.2/≤0.7x) → 중립
2026-10-02 10:40:00.209 | INFO     | stock_bot.news.crawler:fetch_naver_news:207 - news relevance filter: 6 → 2 (제외 4건) [034020]
2026-10-02 10:40:00.211 | INFO     | stock_bot.news.crawler:fetch_naver_news:212 - fetched 2 news items for 034020
2026-10-02 10:40:00.225 | DEBUG    | stock_bot.live.runner:_news_tick:840 - news 034020 new=0/2 (모두 중복)
2026-10-02 10:40:00.394 | INFO     | stock_bot.news.crawler:fetch_naver_news:207 - news relevance filter: 3 → 1 (제외 2건) [241560]
2026-10-02 10:40:00.395 | INFO     | stock_bot.news.crawler:fetch_naver_news:212 - fetched 1 news items for 241560
2026-10-02 10:40:00.403 | DEBUG    | stock_bot.live.runner:_news_tick:840 - news 241560 new=0/1 (모두 중복)
2026-10-02 10:40:00.574 | INFO     | stock_bot.news.crawler:fetch_naver_news:207 - news relevance filter: 3 → 1 (제외 2건) [123330]
2026-10-02 10:40:00.575 | INFO     | stock_bot.news.crawler:fetch_naver_news:212 - fetched 1 news items for 123330
2026-10-02 10:40:00.582 | DEBUG    | stock_bot.live.runner:_news_tick:840 - news 123330 new=0/1 (모두 중복)
2026-10-02 10:40:09.674 | INFO     | stock_bot.live.runner:_tick:1546 - 034020 두산에너빌리티 [ensemble] HOLD score=+0.00 B0/S0 | 현재가 80,800원 | 손절 -2.49%(ATR)
    VWAP 81,064원 -0.33% ─홀드 (+0.000)
    ST 하락추세 ─홀드 (+0.000)
    RSI 36.9 (기준 30/74) ─홀드 (+0.000)
    BB 80,656~82,034원 현재 80,800원 ─홀드 (+0.000)  ← 하단근접 [─●────────] 10%
    DC  ─홀드  ← 미보유 또는 청산 조건 미해당 (+0.000)
    거래량  MA19(봉부족,설정25)대비 2.67x  〰(neutral) (+0.0000)  ← 임계 미달 (기준 ≥1.2/≤0.7x) → 중립
    뉴스  bias=+0.000 (2건)
2026-10-02 10:40:17.407 | INFO     | stock_bot.live.runner:_tick:1546 - 241560 두산밥캣 [ensemble] HOLD score=+0.00 B0/S0 | 현재가 54,700원 | 손절 -3.15%(ATR)
    VWAP 54,883원 -0.33% ─홀드 (+0.000)
    ST 상승추세 ─홀드 (+0.000)
    RSI 47.7 (기준 30/74) ─홀드 (+0.000)
    BB 54,465~55,145원 현재 54,700원 ─홀드 (+0.000)  ← 중간 [───●──────] 35%
    DC  ─홀드  ← 미보유 또는 청산 조건 미해당 (+0.000)
    거래량  MA19(봉부족,설정25)대비 0.59x  〰(neutral) (+0.0000)  ← 임계 미달 (기준 ≥1.2/≤0.7x) → 중립
2026-10-02 10:40:25.723 | INFO     | stock_bot.live.runner:_tick:1546 - 123330 제닉 [ensemble] HOLD score=+0.00 B0/S0 | 현재가 21,800원 | 손절 -4.00%(ATR)
    VWAP 21,877원 -0.35% ─홀드 (+0.000)
    ST 하락추세 ─홀드 (+0.000)
    RSI 33.0 (기준 30/74) ─홀드 (+0.000)
    BB 21,581~22,509원 현재 21,800원 ─홀드 (+0.000)  ← 하단근접 [──●───────] 24%
    DC  ─홀드  ← 미보유 또는 청산 조건 미해당 (+0.000)
    거래량  MA19(봉부족,설정25)대비 3.21x  〰(neutral) (+0.0000)  ← 임계 미달 (기준 ≥1.2/≤0.7x) → 중립
2026-10-02 10:45:00.197 | INFO     | stock_bot.news.crawler:fetch_naver_news:207 - news relevance filter: 6 → 2 (제외 4건) [034020]
2026-10-02 10:45:00.198 | INFO     | stock_bot.news.crawler:fetch_naver_news:212 - fetched 2 news items for 034020
2026-10-02 10:45:00.211 | DEBUG    | stock_bot.live.runner:_news_tick:840 - news 034020 new=0/2 (모두 중복)
2026-10-02 10:45:00.390 | INFO     | stock_bot.news.crawler:fetch_naver_news:207 - news relevance filter: 3 → 1 (제외 2건) [241560]
2026-10-02 10:45:00.391 | INFO     | stock_bot.news.crawler:fetch_naver_news:212 - fetched 1 news items for 241560
2026-10-02 10:45:00.399 | DEBUG    | stock_bot.live.runner:_news_tick:840 - news 241560 new=0/1 (모두 중복)
2026-10-02 10:45:00.567 | INFO     | stock_bot.news.crawler:fetch_naver_news:207 - news relevance filter: 3 → 1 (제외 2건) [123330]
2026-10-02 10:45:00.569 | INFO     | stock_bot.news.crawler:fetch_naver_news:212 - fetched 1 news items for 123330
2026-10-02 10:45:00.576 | DEBUG    | stock_bot.live.runner:_news_tick:840 - news 123330 new=0/1 (모두 중복)
2026-10-02 10:45:17.624 | INFO     | stock_bot.live.runner:_tick:1546 - 034020 두산에너빌리티 [ensemble] HOLD score=+0.21 B1/S0 | 현재가 80,600원 | 손절 -2.45%(ATR)
    VWAP 81,033원 -0.53% ─홀드 (+0.000)
    ST 하락추세 ─홀드 (+0.000)
    RSI 35.2 (기준 30/74) ─홀드 (+0.000)
    BB 80,486~82,099원 현재 80,600원 ▲매수 (+0.212)
    DC  ─홀드  ← 미보유 또는 청산 조건 미해당 (+0.000)
    거래량  MA20(봉부족,설정25)대비 0.91x  〰(neutral) (+0.0000)  ← 임계 미달 (기준 ≥1.2/≤0.7x) → 중립
    뉴스  bias=+0.000 (2건)
2026-10-02 10:45:27.821 | INFO     | stock_bot.live.runner:_tick:1546 - 241560 두산밥캣 [ensemble] HOLD score=+0.00 B0/S0 | 현재가 54,600원 | 손절 -3.06%(ATR)
    VWAP 54,873원 -0.50% ─홀드 (+0.000)
    ST 상승추세 ─홀드 (+0.000)
    RSI 45.0 (기준 30/74) ─홀드 (+0.000)
    BB 54,441~55,139원 현재 54,600원 ─홀드 (+0.000)  ← 하단근접 [──●───────] 23%
    DC  ─홀드  ← 미보유 또는 청산 조건 미해당 (+0.000)
    거래량  MA20(봉부족,설정25)대비 0.50x  〰(neutral) (+0.0000)  ← 임계 미달 (기준 ≥1.2/≤0.7x) → 중립
2026-10-02 10:45:35.890 | INFO     | stock_bot.live.runner:_tick:1546 - 123330 제닉 [ensemble] HOLD score=+0.00 B0/S0 | 현재가 21,750원 | 손절 -4.00%(ATR)
    VWAP 21,873원 -0.56% ─홀드 (+0.000)
    ST 하락추세 ─홀드 (+0.000)
    RSI 31.7 (기준 30/74) ─홀드 (+0.000)
    BB 21,580~22,425원 현재 21,750원 ─홀드 (+0.000)  ← 하단근접 [──●───────] 20%
    DC  ─홀드  ← 미보유 또는 청산 조건 미해당 (+0.000)
    거래량  MA20(봉부족,설정25)대비 0.42x  〰(neutral) (+0.0000)  ← 임계 미달 (기준 ≥1.2/≤0.7x) → 중립
2026-10-02 10:50:00.214 | INFO     | stock_bot.news.crawler:fetch_naver_news:207 - news relevance filter: 6 → 2 (제외 4건) [034020]
2026-10-02 10:50:00.216 | INFO     | stock_bot.news.crawler:fetch_naver_news:212 - fetched 2 news items for 034020
2026-10-02 10:50:00.229 | DEBUG    | stock_bot.live.runner:_news_tick:840 - news 034020 new=0/2 (모두 중복)
2026-10-02 10:50:00.391 | INFO     | stock_bot.news.crawler:fetch_naver_news:207 - news relevance filter: 3 → 1 (제외 2건) [241560]
2026-10-02 10:50:00.392 | INFO     | stock_bot.news.crawler:fetch_naver_news:212 - fetched 1 news items for 241560
2026-10-02 10:50:00.400 | DEBUG    | stock_bot.live.runner:_news_tick:840 - news 241560 new=0/1 (모두 중복)
2026-10-02 10:50:00.576 | INFO     | stock_bot.news.crawler:fetch_naver_news:207 - news relevance filter: 3 → 1 (제외 2건) [123330]
2026-10-02 10:50:00.577 | INFO     | stock_bot.news.crawler:fetch_naver_news:212 - fetched 1 news items for 123330
2026-10-02 10:50:00.585 | DEBUG    | stock_bot.live.runner:_news_tick:840 - news 123330 new=0/1 (모두 중복)
2026-10-02 10:50:08.314 | INFO     | stock_bot.live.runner:_tick:1546 - 034020 두산에너빌리티 [ensemble] HOLD score=+0.00 B0/S0 | 현재가 80,650원 | 손절 -2.33%(ATR)
    VWAP 81,014원 -0.45% ─홀드 (+0.000)
    ST 하락추세 ─홀드 (+0.000)
    RSI 36.6 (기준 30/74) ─홀드 (+0.000)
    BB 80,438~82,042원 현재 80,650원 ─홀드 (+0.000)  ← 하단근접 [─●────────] 13%
    DC  ─홀드  ← 미보유 또는 청산 조건 미해당 (+0.000)
    거래량  MA21(봉부족,설정25)대비 0.68x  〰(neutral) (+0.0000)  ← 임계 미달 (기준 ≥1.2/≤0.7x) → 중립
    뉴스  bias=+0.000 (2건)
2026-10-02 10:50:15.266 | INFO     | stock_bot.live.runner:_tick:1546 - 241560 두산밥캣 [ensemble] HOLD score=+0.00 B0/S0 | 현재가 54,800원 | 손절 -2.89%(ATR)
    VWAP 54,865원 -0.12% ─홀드 (+0.000)
    ST 상승추세 ─홀드 (+0.000)
    RSI 50.9 (기준 30/74) ─홀드 (+0.000)
    BB 54,461~55,129원 현재 54,800원 ─홀드 (+0.000)  ← 중간 [─────●────] 51%
    DC  ─홀드  ← 미보유 또는 청산 조건 미해당 (+0.000)
    거래량  MA21(봉부족,설정25)대비 0.76x  〰(neutral) (+0.0000)  ← 임계 미달 (기준 ≥1.2/≤0.7x) → 중립
2026-10-02 10:50:22.317 | INFO     | stock_bot.live.runner:_tick:1546 - 123330 제닉 [ensemble] HOLD score=+0.00 B0/S0 | 현재가 21,700원 | 손절 -4.00%(ATR)
    VWAP 21,852원 -0.70% ─홀드 (+0.000)
    ST 하락추세 ─홀드 (+0.000)
    RSI 30.6 (기준 30/74) ─홀드 (+0.000)
    BB 21,581~22,339원 현재 21,700원 ─홀드 (+0.000)  ← 하단근접 [─●────────] 16%
    DC  ─홀드  ← 미보유 또는 청산 조건 미해당 (+0.000)
    거래량  MA21(봉부족,설정25)대비 1.77x  〰(neutral) (+0.0000)  ← 임계 미달 (기준 ≥1.2/≤0.7x) → 중립
2026-10-02 10:55:00.189 | INFO     | stock_bot.news.crawler:fetch_naver_news:207 - news relevance filter: 7 → 3 (제외 4건) [034020]
2026-10-02 10:55:00.191 | INFO     | stock_bot.news.crawler:fetch_naver_news:212 - fetched 3 news items for 034020
2026-10-02 10:55:13.232 | INFO     | stock_bot.live.runner:_tick:1546 - 034020 두산에너빌리티 [ensemble] HOLD score=+0.00 B0/S0 | 현재가 80,900원 | 손절 -2.35%(ATR)
    VWAP 81,006원 -0.13% ─홀드 (+0.000)
    ST 하락추세 ─홀드 (+0.000)
    RSI 41.0 (기준 30/74) ─홀드 (+0.000)
    BB 80,457~81,968원 현재 80,900원 ─홀드 (+0.000)  ← 중간 [──●───────] 29%
    DC  ─홀드  ← 미보유 또는 청산 조건 미해당 (+0.000)
    거래량  MA22(봉부족,설정25)대비 0.69x  〰(neutral) (+0.0000)  ← 임계 미달 (기준 ≥1.2/≤0.7x) → 중립
    뉴스  bias=+0.000 (2건)
2026-10-02 10:55:22.528 | INFO     | stock_bot.live.runner:_tick:1546 - 241560 두산밥캣 [ensemble] HOLD score=+0.00 B0/S0 | 현재가 54,800원 | 손절 -2.87%(ATR)
    VWAP 54,867원 -0.12% ─홀드 (+0.000)
    ST 상승추세 ─홀드 (+0.000)
    RSI 50.5 (기준 30/74) ─홀드 (+0.000)
    BB 54,486~55,134원 현재 54,800원 ─홀드 (+0.000)  ← 중간 [────●─────] 48%
    DC  ─홀드  ← 미보유 또는 청산 조건 미해당 (+0.000)
    거래량  MA22(봉부족,설정25)대비 0.89x  〰(neutral) (+0.0000)  ← 임계 미달 (기준 ≥1.2/≤0.7x) → 중립
2026-10-02 10:55:25.680 | INFO     | stock_bot.live.runner:_news_tick:879 - news 034020 new=1/3 critical=0 llm_batch=1
2026-10-02 10:55:25.875 | INFO     | stock_bot.news.crawler:fetch_naver_news:207 - news relevance filter: 3 → 1 (제외 2건) [241560]
2026-10-02 10:55:25.876 | INFO     | stock_bot.news.crawler:fetch_naver_news:212 - fetched 1 news items for 241560
2026-10-02 10:55:25.886 | DEBUG    | stock_bot.live.runner:_news_tick:840 - news 241560 new=0/1 (모두 중복)
2026-10-02 10:55:26.058 | INFO     | stock_bot.news.crawler:fetch_naver_news:207 - news relevance filter: 3 → 1 (제외 2건) [123330]
2026-10-02 10:55:26.059 | INFO     | stock_bot.news.crawler:fetch_naver_news:212 - fetched 1 news items for 123330
2026-10-02 10:55:26.066 | DEBUG    | stock_bot.live.runner:_news_tick:840 - news 123330 new=0/1 (모두 중복)
2026-10-02 10:55:30.112 | INFO     | stock_bot.live.runner:_tick:1546 - 123330 제닉 [ensemble] HOLD score=+0.00 B0/S0 | 현재가 21,800원 | 손절 -4.00%(ATR)
    VWAP 21,848원 -0.22% ─홀드 (+0.000)
    ST 하락추세 ─홀드 (+0.000)
    RSI 36.3 (기준 30/74) ─홀드 (+0.000)
    BB 21,645~22,225원 현재 21,800원 ─홀드 (+0.000)  ← 중간 [──●───────] 27%
    DC  ─홀드  ← 미보유 또는 청산 조건 미해당 (+0.000)
    거래량  MA22(봉부족,설정25)대비 1.10x  〰(neutral) (+0.0000)  ← 임계 미달 (기준 ≥1.2/≤0.7x) → 중립
2026-10-02 11:00:00.228 | INFO     | stock_bot.news.crawler:fetch_naver_news:212 - fetched 1 news items for 034020
2026-10-02 11:00:00.238 | DEBUG    | stock_bot.live.runner:_news_tick:840 - news 034020 new=0/1 (모두 중복)
2026-10-02 11:00:00.411 | INFO     | stock_bot.news.crawler:fetch_naver_news:207 - news relevance filter: 3 → 1 (제외 2건) [241560]
2026-10-02 11:00:00.412 | INFO     | stock_bot.news.crawler:fetch_naver_news:212 - fetched 1 news items for 241560
2026-10-02 11:00:00.423 | DEBUG    | stock_bot.live.runner:_news_tick:840 - news 241560 new=0/1 (모두 중복)
2026-10-02 11:00:00.606 | INFO     | stock_bot.news.crawler:fetch_naver_news:207 - news relevance filter: 3 → 1 (제외 2건) [123330]
2026-10-02 11:00:00.608 | INFO     | stock_bot.news.crawler:fetch_naver_news:212 - fetched 1 news items for 123330
2026-10-02 11:00:00.616 | DEBUG    | stock_bot.live.runner:_news_tick:840 - news 123330 new=0/1 (모두 중복)
2026-10-02 11:00:14.803 | INFO     | stock_bot.live.runner:_tick:1546 - 034020 두산에너빌리티 [ensemble] HOLD score=+0.14 B0/S0 | 현재가 80,900원 | 손절 -2.31%(ATR)
    VWAP 80,997원 -0.12% ─홀드 (+0.000)
    ST 하락추세 ─홀드 (+0.000)
    RSI 41.6 (기준 30/74) ─홀드 (+0.000)
    BB 80,410~81,955원 현재 80,900원 ─홀드 (+0.000)  ← 중간 [───●──────] 32%
    DC  ─홀드  ← 미보유 또는 청산 조건 미해당 (+0.000)
    거래량  MA23(봉부족,설정25)대비 0.84x  〰(neutral) (+0.0000)  ← 임계 미달 (기준 ≥1.2/≤0.7x) → 중립
    뉴스  bias=+0.140 (3건)
2026-10-02 11:00:24.978 | INFO     | stock_bot.live.runner:_tick:1546 - 241560 두산밥캣 [ensemble] HOLD score=+0.00 B0/S0 | 현재가 55,000원 | 손절 -2.84%(ATR)
    VWAP 54,867원 +0.24% ─홀드 (+0.000)
    ST 상승추세 ─홀드 (+0.000)
    RSI 56.1 (기준 30/74) ─홀드 (+0.000)
    BB 54,536~55,134원 현재 55,000원 ─홀드 (+0.000)  ← 상단근접 [───────●──] 78%
    DC  ─홀드  ← 미보유 또는 청산 조건 미해당 (+0.000)
    거래량  MA23(봉부족,설정25)대비 1.09x  〰(neutral) (+0.0000)  ← 임계 미달 (기준 ≥1.2/≤0.7x) → 중립
2026-10-02 11:00:35.567 | INFO     | stock_bot.live.runner:_tick:1546 - 123330 제닉 [ensemble] HOLD score=+0.00 B0/S0 | 현재가 21,800원 | 손절 -4.00%(ATR)
    VWAP 21,848원 -0.22% ─홀드 (+0.000)
    ST 하락추세 ─홀드 (+0.000)
    RSI 36.2 (기준 30/74) ─홀드 (+0.000)
    BB 21,640~22,195원 현재 21,800원 ─홀드 (+0.000)  ← 중간 [──●───────] 29%
    DC  ─홀드  ← 미보유 또는 청산 조건 미해당 (+0.000)
    거래량  MA23(봉부족,설정25)대비 0.16x  〰(neutral) (+0.0000)  ← 임계 미달 (기준 ≥1.2/≤0.7x) → 중립
2026-10-02 11:05:00.264 | INFO     | stock_bot.news.crawler:fetch_naver_news:212 - fetched 1 news items for 034020
2026-10-02 11:05:00.275 | DEBUG    | stock_bot.live.runner:_news_tick:840 - news 034020 new=0/1 (모두 중복)
2026-10-02 11:05:00.490 | INFO     | stock_bot.news.crawler:fetch_naver_news:207 - news relevance filter: 3 → 1 (제외 2건) [241560]
2026-10-02 11:05:00.491 | INFO     | stock_bot.news.crawler:fetch_naver_news:212 - fetched 1 news items for 241560
2026-10-02 11:05:00.499 | DEBUG    | stock_bot.live.runner:_news_tick:840 - news 241560 new=0/1 (모두 중복)
2026-10-02 11:05:00.711 | INFO     | stock_bot.news.crawler:fetch_naver_news:207 - news relevance filter: 3 → 1 (제외 2건) [123330]
2026-10-02 11:05:00.713 | INFO     | stock_bot.news.crawler:fetch_naver_news:212 - fetched 1 news items for 123330
2026-10-02 11:05:00.728 | DEBUG    | stock_bot.live.runner:_news_tick:840 - news 123330 new=0/1 (모두 중복)
2026-10-02 11:05:13.649 | INFO     | stock_bot.live.runner:_tick:1546 - 034020 두산에너빌리티 [ensemble] HOLD score=+0.14 B0/S0 | 현재가 81,000원 | 손절 -2.20%(ATR)
    VWAP 80,994원 +0.01% ─홀드 (+0.000)
    ST 하락추세 ─홀드 (+0.000)
    RSI 43.3 (기준 30/74) ─홀드 (+0.000)
    BB 80,399~81,941원 현재 81,000원 ─홀드 (+0.000)  ← 중간 [───●──────] 39%
    DC  ─홀드  ← 미보유 또는 청산 조건 미해당 (+0.000)
    거래량  MA24(봉부족,설정25)대비 0.69x  〰(neutral) (+0.0000)  ← 임계 미달 (기준 ≥1.2/≤0.7x) → 중립
    뉴스  bias=+0.140 (3건)
2026-10-02 11:05:21.016 | INFO     | stock_bot.live.runner:_tick:1546 - 241560 두산밥캣 [ensemble] HOLD score=+0.00 B0/S0 | 현재가 54,900원 | 손절 -2.65%(ATR)
    VWAP 54,869원 +0.06% ─홀드 (+0.000)
    ST 상승추세 ─홀드 (+0.000)
    RSI 53.4 (기준 30/74) ─홀드 (+0.000)
    BB 54,574~55,116원 현재 54,900원 ─홀드 (+0.000)  ← 중간 [──────●───] 60%
    DC  ─홀드  ← 미보유 또는 청산 조건 미해당 (+0.000)
    거래량  MA24(봉부족,설정25)대비 0.72x  〰(neutral) (+0.0000)  ← 임계 미달 (기준 ≥1.2/≤0.7x) → 중립
2026-10-02 11:05:28.244 | INFO     | stock_bot.live.runner:_tick:1546 - 123330 제닉 [ensemble] HOLD score=+0.00 B0/S0 | 현재가 21,850원 | 손절 -4.00%(ATR)
    VWAP 21,848원 +0.01% ─홀드 (+0.000)
    ST 하락추세 ─홀드 (+0.000)
    RSI 38.6 (기준 30/74) ─홀드 (+0.000)
    BB 21,645~22,170원 현재 21,850원 ─홀드 (+0.000)  ← 중간 [───●──────] 39%
    DC  ─홀드  ← 미보유 또는 청산 조건 미해당 (+0.000)
    거래량  MA24(봉부족,설정25)대비 0.22x  〰(neutral) (+0.0000)  ← 임계 미달 (기준 ≥1.2/≤0.7x) → 중립
2026-10-02 11:10:00.193 | INFO     | stock_bot.news.crawler:fetch_naver_news:212 - fetched 1 news items for 034020
2026-10-02 11:10:00.200 | DEBUG    | stock_bot.live.runner:_news_tick:840 - news 034020 new=0/1 (모두 중복)
2026-10-02 11:10:00.358 | INFO     | stock_bot.news.crawler:fetch_naver_news:207 - news relevance filter: 3 → 1 (제외 2건) [241560]
2026-10-02 11:10:00.358 | INFO     | stock_bot.news.crawler:fetch_naver_news:212 - fetched 1 news items for 241560
2026-10-02 11:10:00.366 | DEBUG    | stock_bot.live.runner:_news_tick:840 - news 241560 new=0/1 (모두 중복)
2026-10-02 11:10:00.511 | INFO     | stock_bot.news.crawler:fetch_naver_news:207 - news relevance filter: 3 → 1 (제외 2건) [123330]
2026-10-02 11:10:00.512 | INFO     | stock_bot.news.crawler:fetch_naver_news:212 - fetched 1 news items for 123330
2026-10-02 11:10:00.518 | DEBUG    | stock_bot.live.runner:_news_tick:840 - news 123330 new=0/1 (모두 중복)
2026-10-02 11:10:09.303 | INFO     | stock_bot.live.runner:_tick:1546 - 034020 두산에너빌리티 [ensemble] HOLD score=+0.14 B0/S0 | 현재가 81,000원 | 손절 -2.11%(ATR)
    VWAP 80,992원 +0.01% ─홀드 (+0.000)
    ST 하락추세 ─홀드 (+0.000)
    RSI 43.6 (기준 30/74) ─홀드 (+0.000)
    BB 80,377~81,903원 현재 81,000원 ─홀드 (+0.000)  ← 중간 [────●─────] 41%
    DC  ─홀드  ← 미보유 또는 청산 조건 미해당 (+0.000)
    거래량  MA25대비 0.39x  〰(neutral) (+0.0000)  ← 임계 미달 (기준 ≥1.2/≤0.7x) → 중립
    뉴스  bias=+0.140 (3건)
2026-10-02 11:10:15.353 | INFO     | stock_bot.live.runner:_tick:1546 - 241560 두산밥캣 [ensemble] HOLD score=+0.00 B0/S0 | 현재가 54,900원 | 손절 -2.58%(ATR)
    VWAP 54,870원 +0.06% ─홀드 (+0.000)
    ST 상승추세 ─홀드 (+0.000)
    RSI 53.4 (기준 30/74) ─홀드 (+0.000)
    BB 54,592~55,118원 현재 54,900원 ─홀드 (+0.000)  ← 중간 [─────●────] 59%
    DC  ─홀드  ← 미보유 또는 청산 조건 미해당 (+0.000)
    거래량  MA25대비 0.25x  〰(neutral) (+0.0000)  ← 임계 미달 (기준 ≥1.2/≤0.7x) → 중립
2026-10-02 11:10:21.349 | INFO     | stock_bot.live.runner:_tick:1546 - 123330 제닉 [ensemble] HOLD score=+0.00 B0/S0 | 현재가 21,850원 | 손절 -4.00%(ATR)
    VWAP 21,848원 +0.01% ─홀드 (+0.000)
    ST 하락추세 ─홀드 (+0.000)
    RSI 39.5 (기준 30/74) ─홀드 (+0.000)
    BB 21,659~22,131원 현재 21,850원 ─홀드 (+0.000)  ← 중간 [────●─────] 40%
    DC  ─홀드  ← 미보유 또는 청산 조건 미해당 (+0.000)
    거래량  MA25대비 0.02x  〰(neutral) (+0.0000)  ← 임계 미달 (기준 ≥1.2/≤0.7x) → 중립
2026-10-02 11:15:00.193 | INFO     | stock_bot.news.crawler:fetch_naver_news:207 - news relevance filter: 2 → 1 (제외 1건) [034020]
2026-10-02 11:15:00.194 | INFO     | stock_bot.news.crawler:fetch_naver_news:212 - fetched 1 news items for 034020
2026-10-02 11:15:00.202 | DEBUG    | stock_bot.live.runner:_news_tick:840 - news 034020 new=0/1 (모두 중복)
2026-10-02 11:15:00.378 | INFO     | stock_bot.news.crawler:fetch_naver_news:207 - news relevance filter: 3 → 1 (제외 2건) [241560]
2026-10-02 11:15:00.379 | INFO     | stock_bot.news.crawler:fetch_naver_news:212 - fetched 1 news items for 241560
2026-10-02 11:15:00.387 | DEBUG    | stock_bot.live.runner:_news_tick:840 - news 241560 new=0/1 (모두 중복)
2026-10-02 11:15:00.578 | INFO     | stock_bot.news.crawler:fetch_naver_news:207 - news relevance filter: 3 → 1 (제외 2건) [123330]
2026-10-02 11:15:00.579 | INFO     | stock_bot.news.crawler:fetch_naver_news:212 - fetched 1 news items for 123330
2026-10-02 11:15:00.587 | DEBUG    | stock_bot.live.runner:_news_tick:840 - news 123330 new=0/1 (모두 중복)
2026-10-02 11:15:13.310 | INFO     | stock_bot.live.runner:_tick:1546 - 034020 두산에너빌리티 [ensemble] HOLD score=+0.14 B0/S0 | 현재가 81,000원 | 손절 -2.00%(ATR)
    VWAP 80,992원 +0.01% ─홀드 (+0.000)
    ST 하락추세 ─홀드 (+0.000)
    RSI 43.7 (기준 30/74) ─홀드 (+0.000)
    BB 80,377~81,823원 현재 81,000원 ─홀드 (+0.000)  ← 중간 [────●─────] 43%
    DC  ─홀드  ← 미보유 또는 청산 조건 미해당 (+0.000)
    거래량  MA25대비 0.21x  〰(neutral) (+0.0000)  ← 임계 미달 (기준 ≥1.2/≤0.7x) → 중립
    뉴스  bias=+0.140 (3건)
2026-10-02 11:15:20.954 | INFO     | stock_bot.live.runner:_tick:1546 - 241560 두산밥캣 [ensemble] HOLD score=+0.00 B0/S0 | 현재가 55,000원 | 손절 -2.46%(ATR)
    VWAP 54,872원 +0.23% ─홀드 (+0.000)
    ST 상승추세 ─홀드 (+0.000)
    RSI 56.7 (기준 30/74) ─홀드 (+0.000)
    BB 54,589~55,131원 현재 55,000원 ─홀드 (+0.000)  ← 상단근접 [───────●──] 76%
    DC  ─홀드  ← 미보유 또는 청산 조건 미해당 (+0.000)
    거래량  MA25대비 0.51x  〰(neutral) (+0.0000)  ← 임계 미달 (기준 ≥1.2/≤0.7x) → 중립
2026-10-02 11:15:27.205 | INFO     | stock_bot.live.runner:_tick:1546 - 123330 제닉 [ensemble] HOLD score=+0.00 B0/S0 | 현재가 21,850원 | 손절 -3.95%(ATR)
    VWAP 21,848원 +0.01% ─홀드 (+0.000)
    ST 하락추세 ─홀드 (+0.000)
    RSI 39.2 (기준 30/74) ─홀드 (+0.000)
    BB 21,667~22,098원 현재 21,850원 ─홀드 (+0.000)  ← 중간 [────●─────] 42%
    DC  ─홀드  ← 미보유 또는 청산 조건 미해당 (+0.000)
    거래량  MA25대비 0.37x  〰(neutral) (+0.0000)  ← 임계 미달 (기준 ≥1.2/≤0.7x) → 중립
2026-10-02 11:20:00.224 | INFO     | stock_bot.news.crawler:fetch_naver_news:207 - news relevance filter: 2 → 1 (제외 1건) [034020]
2026-10-02 11:20:00.227 | INFO     | stock_bot.news.crawler:fetch_naver_news:212 - fetched 1 news items for 034020
2026-10-02 11:20:00.235 | DEBUG    | stock_bot.live.runner:_news_tick:840 - news 034020 new=0/1 (모두 중복)
2026-10-02 11:20:00.416 | INFO     | stock_bot.news.crawler:fetch_naver_news:207 - news relevance filter: 3 → 1 (제외 2건) [241560]
2026-10-02 11:20:00.417 | INFO     | stock_bot.news.crawler:fetch_naver_news:212 - fetched 1 news items for 241560
2026-10-02 11:20:00.426 | DEBUG    | stock_bot.live.runner:_news_tick:840 - news 241560 new=0/1 (모두 중복)
2026-10-02 11:20:00.603 | INFO     | stock_bot.news.crawler:fetch_naver_news:207 - news relevance filter: 3 → 1 (제외 2건) [123330]
2026-10-02 11:20:00.605 | INFO     | stock_bot.news.crawler:fetch_naver_news:212 - fetched 1 news items for 123330
2026-10-02 11:20:00.613 | DEBUG    | stock_bot.live.runner:_news_tick:840 - news 123330 new=0/1 (모두 중복)
2026-10-02 11:20:15.408 | INFO     | stock_bot.live.runner:_tick:1546 - 034020 두산에너빌리티 [ensemble] HOLD score=+0.14 B0/S0 | 현재가 81,000원 | 손절 -1.99%(ATR)
    VWAP 80,994원 +0.01% ─홀드 (+0.000)
    ST 하락추세 ─홀드 (+0.000)
    RSI 43.7 (기준 30/74) ─홀드 (+0.000)
    BB 80,416~81,704원 현재 81,000원 ─홀드 (+0.000)  ← 중간 [────●─────] 45%
    DC  ─홀드  ← 미보유 또는 청산 조건 미해당 (+0.000)
    거래량  MA25대비 0.98x  〰(neutral) (+0.0000)  ← 임계 미달 (기준 ≥1.2/≤0.7x) → 중립
    뉴스  bias=+0.140 (3건)
2026-10-02 11:20:25.677 | INFO     | stock_bot.live.runner:_tick:1546 - 241560 두산밥캣 [ensemble] HOLD score=+0.00 B0/S0 | 현재가 55,200원 | 손절 -2.39%(ATR)
    VWAP 54,888원 +0.57% ─홀드 (+0.000)
    ST 상승추세 ─홀드 (+0.000)
    RSI 61.4 (기준 30/74) ─홀드 (+0.000)
    BB 54,545~55,215원 현재 55,200원 ─홀드 (+0.000)  ← 상단근접 [─────────●] 98%
    DC  ─홀드  ← 미보유 또는 청산 조건 미해당 (+0.000)
    거래량  MA25대비 1.26x  〰(neutral) (+0.0000)  ← 임계 미달 (기준 ≥1.2/≤0.7x) → 중립
2026-10-02 11:20:34.195 | INFO     | stock_bot.live.runner:_tick:1546 - 123330 제닉 [ensemble] HOLD score=+0.00 B0/S0 | 현재가 21,900원 | 손절 -3.81%(ATR)
    VWAP 21,848원 +0.24% ─홀드 (+0.000)
    ST 하락추세 ─홀드 (+0.000)
    RSI 41.6 (기준 30/74) ─홀드 (+0.000)
    BB 21,666~22,094원 현재 21,900원 ─홀드 (+0.000)  ← 중간 [─────●────] 55%
    DC  ─홀드  ← 미보유 또는 청산 조건 미해당 (+0.000)
    거래량  MA25대비 0.23x  〰(neutral) (+0.0000)  ← 임계 미달 (기준 ≥1.2/≤0.7x) → 중립
2026-10-02 11:25:00.176 | INFO     | stock_bot.news.crawler:fetch_naver_news:207 - news relevance filter: 2 → 1 (제외 1건) [034020]
2026-10-02 11:25:00.178 | INFO     | stock_bot.news.crawler:fetch_naver_news:212 - fetched 1 news items for 034020
2026-10-02 11:25:00.185 | DEBUG    | stock_bot.live.runner:_news_tick:840 - news 034020 new=0/1 (모두 중복)
2026-10-02 11:25:00.360 | INFO     | stock_bot.news.crawler:fetch_naver_news:207 - news relevance filter: 3 → 1 (제외 2건) [241560]
2026-10-02 11:25:00.361 | INFO     | stock_bot.news.crawler:fetch_naver_news:212 - fetched 1 news items for 241560
2026-10-02 11:25:00.368 | DEBUG    | stock_bot.live.runner:_news_tick:840 - news 241560 new=0/1 (모두 중복)
2026-10-02 11:25:00.546 | INFO     | stock_bot.news.crawler:fetch_naver_news:207 - news relevance filter: 3 → 1 (제외 2건) [123330]
2026-10-02 11:25:00.549 | INFO     | stock_bot.news.crawler:fetch_naver_news:212 - fetched 1 news items for 123330
2026-10-02 11:25:00.558 | DEBUG    | stock_bot.live.runner:_news_tick:840 - news 123330 new=0/1 (모두 중복)
2026-10-02 11:25:22.030 | INFO     | stock_bot.live.runner:_tick:1546 - 034020 두산에너빌리티 [ensemble] HOLD score=+0.14 B0/S0 | 현재가 81,000원 | 손절 -1.93%(ATR)
    VWAP 80,993원 +0.01% ─홀드 (+0.000)
    ST 하락추세 ─홀드 (+0.000)
    RSI 44.2 (기준 30/74) ─홀드 (+0.000)
    BB 80,417~81,643원 현재 81,000원 ─홀드 (+0.000)  ← 중간 [────●─────] 48%
    DC  ─홀드  ← 미보유 또는 청산 조건 미해당 (+0.000)
    거래량  MA25대비 0.61x  〰(neutral) (+0.0000)  ← 임계 미달 (기준 ≥1.2/≤0.7x) → 중립
    뉴스  bias=+0.140 (3건)
2026-10-02 11:25:29.507 | INFO     | stock_bot.live.runner:_tick:1546 - 241560 두산밥캣 [ensemble] HOLD score=+0.00 B0/S0 | 현재가 55,000원 | 손절 -2.35%(ATR)
    VWAP 54,900원 +0.18% ─홀드 (+0.000)
    ST 상승추세 ─홀드 (+0.000)
    RSI 54.8 (기준 30/74) ─홀드 (+0.000)
    BB 54,565~55,185원 현재 55,000원 ─홀드 (+0.000)  ← 중간 [───────●──] 70%
    DC  ─홀드  ← 미보유 또는 청산 조건 미해당 (+0.000)
    거래량  MA25대비 1.46x  〰(neutral) (+0.0000)  ← 임계 미달 (기준 ≥1.2/≤0.7x) → 중립
2026-10-02 11:25:34.450 | INFO     | stock_bot.live.runner:_tick:1546 - 123330 제닉 [ensemble] HOLD score=+0.00 B0/S0 | 현재가 21,800원 | 손절 -3.64%(ATR)
    VWAP 21,848원 -0.22% ─홀드 (+0.000)
    ST 하락추세 ─홀드 (+0.000)
    RSI 37.6 (기준 30/74) ─홀드 (+0.000)
    BB 21,682~22,083원 현재 21,800원 ─홀드 (+0.000)  ← 중간 [──●───────] 29%
    DC  ─홀드  ← 미보유 또는 청산 조건 미해당 (+0.000)
    거래량  MA25대비 0.17x  〰(neutral) (+0.0000)  ← 임계 미달 (기준 ≥1.2/≤0.7x) → 중립
2026-10-02 11:30:00.184 | INFO     | stock_bot.news.crawler:fetch_naver_news:207 - news relevance filter: 2 → 1 (제외 1건) [034020]
2026-10-02 11:30:00.186 | INFO     | stock_bot.news.crawler:fetch_naver_news:212 - fetched 1 news items for 034020
2026-10-02 11:30:00.194 | DEBUG    | stock_bot.live.runner:_news_tick:840 - news 034020 new=0/1 (모두 중복)
2026-10-02 11:30:00.371 | INFO     | stock_bot.news.crawler:fetch_naver_news:207 - news relevance filter: 3 → 1 (제외 2건) [241560]
2026-10-02 11:30:00.373 | INFO     | stock_bot.news.crawler:fetch_naver_news:212 - fetched 1 news items for 241560
2026-10-02 11:30:00.381 | DEBUG    | stock_bot.live.runner:_news_tick:840 - news 241560 new=0/1 (모두 중복)
2026-10-02 11:30:00.550 | INFO     | stock_bot.news.crawler:fetch_naver_news:207 - news relevance filter: 3 → 1 (제외 2건) [123330]
2026-10-02 11:30:00.551 | INFO     | stock_bot.news.crawler:fetch_naver_news:212 - fetched 1 news items for 123330
2026-10-02 11:30:00.560 | DEBUG    | stock_bot.live.runner:_news_tick:840 - news 123330 new=0/1 (모두 중복)
2026-10-02 11:30:19.195 | INFO     | stock_bot.live.runner:_tick:1546 - 034020 두산에너빌리티 [ensemble] HOLD score=+0.14 B0/S0 | 현재가 80,800원 | 손절 -1.88%(ATR)
    VWAP 80,990원 -0.23% ─홀드 (+0.000)
    ST 하락추세 ─홀드 (+0.000)
    RSI 40.8 (기준 30/74) ─홀드 (+0.000)
    BB 80,400~81,570원 현재 80,800원 ─홀드 (+0.000)  ← 중간 [───●──────] 34%
    DC  ─홀드  ← 미보유 또는 청산 조건 미해당 (+0.000)
    거래량  MA25대비 0.56x  〰(neutral) (+0.0000)  ← 임계 미달 (기준 ≥1.2/≤0.7x) → 중립
    뉴스  bias=+0.140 (3건)
2026-10-02 11:30:32.022 | INFO     | stock_bot.live.runner:_tick:1546 - 241560 두산밥캣 [ensemble] HOLD score=+0.00 B0/S0 | 현재가 55,000원 | 손절 -2.37%(ATR)
    VWAP 54,904원 +0.18% ─홀드 (+0.000)
    ST 상승추세 ─홀드 (+0.000)
    RSI 54.6 (기준 30/74) ─홀드 (+0.000)
    BB 54,573~55,157원 현재 55,000원 ─홀드 (+0.000)  ← 중간 [───────●──] 73%
    DC  ─홀드  ← 미보유 또는 청산 조건 미해당 (+0.000)
    거래량  MA25대비 0.47x  〰(neutral) (+0.0000)  ← 임계 미달 (기준 ≥1.2/≤0.7x) → 중립
2026-10-02 11:30:43.561 | INFO     | stock_bot.live.runner:_tick:1546 - 123330 제닉 [ensemble] HOLD score=+0.00 B0/S0 | 현재가 21,900원 | 손절 -3.60%(ATR)
    VWAP 21,848원 +0.24% ─홀드 (+0.000)
    ST 하락추세 ─홀드 (+0.000)
    RSI 41.8 (기준 30/74) ─홀드 (+0.000)
    BB 21,690~22,085원 현재 21,900원 ─홀드 (+0.000)  ← 중간 [─────●────] 53%
    DC  ─홀드  ← 미보유 또는 청산 조건 미해당 (+0.000)
    거래량  MA25대비 0.28x  〰(neutral) (+0.0000)  ← 임계 미달 (기준 ≥1.2/≤0.7x) → 중립
2026-10-02 11:35:00.213 | INFO     | stock_bot.news.crawler:fetch_naver_news:207 - news relevance filter: 2 → 1 (제외 1건) [034020]
2026-10-02 11:35:00.214 | INFO     | stock_bot.news.crawler:fetch_naver_news:212 - fetched 1 news items for 034020
2026-10-02 11:35:00.222 | DEBUG    | stock_bot.live.runner:_news_tick:840 - news 034020 new=0/1 (모두 중복)
2026-10-02 11:35:00.394 | INFO     | stock_bot.news.crawler:fetch_naver_news:207 - news relevance filter: 3 → 1 (제외 2건) [241560]
2026-10-02 11:35:00.396 | INFO     | stock_bot.news.crawler:fetch_naver_news:212 - fetched 1 news items for 241560
2026-10-02 11:35:00.404 | DEBUG    | stock_bot.live.runner:_news_tick:840 - news 241560 new=0/1 (모두 중복)
2026-10-02 11:35:00.568 | INFO     | stock_bot.news.crawler:fetch_naver_news:207 - news relevance filter: 3 → 1 (제외 2건) [123330]
2026-10-02 11:35:00.569 | INFO     | stock_bot.news.crawler:fetch_naver_news:212 - fetched 1 news items for 123330
2026-10-02 11:35:00.577 | DEBUG    | stock_bot.live.runner:_news_tick:840 - news 123330 new=0/1 (모두 중복)
2026-10-02 11:35:14.067 | INFO     | stock_bot.live.runner:_tick:1546 - 034020 두산에너빌리티 [ensemble] HOLD score=+0.14 B0/S0 | 현재가 80,800원 | 손절 -1.79%(ATR)
    VWAP 80,989원 -0.23% ─홀드 (+0.000)
    ST 하락추세 ─홀드 (+0.000)
    RSI 41.3 (기준 30/74) ─홀드 (+0.000)
    BB 80,431~81,474원 현재 80,800원 ─홀드 (+0.000)  ← 중간 [───●──────] 35%
    DC  ─홀드  ← 미보유 또는 청산 조건 미해당 (+0.000)
    거래량  MA25대비 0.12x  〰(neutral) (+0.0000)  ← 임계 미달 (기준 ≥1.2/≤0.7x) → 중립
    뉴스  bias=+0.140 (3건)
2026-10-02 11:35:21.489 | INFO     | stock_bot.live.runner:_tick:1546 - 241560 두산밥캣 [ensemble] HOLD score=+0.00 B0/S0 | 현재가 54,900원 | 손절 -2.26%(ATR)
    VWAP 54,904원 -0.01% ─홀드 (+0.000)
    ST 상승추세 ─홀드 (+0.000)
    RSI 51.9 (기준 30/74) ─홀드 (+0.000)
    BB 54,574~55,146원 현재 54,900원 ─홀드 (+0.000)  ← 중간 [─────●────] 57%
    DC  ─홀드  ← 미보유 또는 청산 조건 미해당 (+0.000)
    거래량  MA25대비 0.86x  〰(neutral) (+0.0000)  ← 임계 미달 (기준 ≥1.2/≤0.7x) → 중립
2026-10-02 11:35:27.760 | INFO     | stock_bot.live.runner:_tick:1546 - 123330 제닉 [ensemble] HOLD score=+0.00 B0/S0 | 현재가 21,850원 | 손절 -3.43%(ATR)
    VWAP 21,848원 +0.01% ─홀드 (+0.000)
    ST 하락추세 ─홀드 (+0.000)
    RSI 40.0 (기준 30/74) ─홀드 (+0.000)
    BB 21,690~22,070원 현재 21,850원 ─홀드 (+0.000)  ← 중간 [────●─────] 42%
    DC  ─홀드  ← 미보유 또는 청산 조건 미해당 (+0.000)
    거래량  MA25대비 0.02x  〰(neutral) (+0.0000)  ← 임계 미달 (기준 ≥1.2/≤0.7x) → 중립
2026-10-02 11:40:00.184 | INFO     | stock_bot.news.crawler:fetch_naver_news:207 - news relevance filter: 2 → 1 (제외 1건) [034020]
2026-10-02 11:40:00.185 | INFO     | stock_bot.news.crawler:fetch_naver_news:212 - fetched 1 news items for 034020
2026-10-02 11:40:00.198 | DEBUG    | stock_bot.live.runner:_news_tick:840 - news 034020 new=0/1 (모두 중복)
2026-10-02 11:40:00.397 | INFO     | stock_bot.news.crawler:fetch_naver_news:207 - news relevance filter: 3 → 1 (제외 2건) [241560]
2026-10-02 11:40:00.398 | INFO     | stock_bot.news.crawler:fetch_naver_news:212 - fetched 1 news items for 241560
2026-10-02 11:40:00.407 | DEBUG    | stock_bot.live.runner:_news_tick:840 - news 241560 new=0/1 (모두 중복)
2026-10-02 11:40:00.581 | INFO     | stock_bot.news.crawler:fetch_naver_news:207 - news relevance filter: 3 → 1 (제외 2건) [123330]
2026-10-02 11:40:00.582 | INFO     | stock_bot.news.crawler:fetch_naver_news:212 - fetched 1 news items for 123330
2026-10-02 11:40:00.590 | DEBUG    | stock_bot.live.runner:_news_tick:840 - news 123330 new=0/1 (모두 중복)
2026-10-02 11:40:17.984 | INFO     | stock_bot.live.runner:_tick:1546 - 034020 두산에너빌리티 [ensemble] HOLD score=+0.14 B0/S0 | 현재가 81,000원 | 손절 -1.78%(ATR)
    VWAP 80,986원 +0.02% ─홀드 (+0.000)
    ST 하락추세 ─홀드 (+0.000)
    RSI 44.9 (기준 30/74) ─홀드 (+0.000)
    BB 80,463~81,412원 현재 81,000원 ─홀드 (+0.000)  ← 중간 [─────●────] 57%
    DC  ─홀드  ← 미보유 또는 청산 조건 미해당 (+0.000)
    거래량  MA25대비 1.43x  〰(neutral) (+0.0000)  ← 임계 미달 (기준 ≥1.2/≤0.7x) → 중립
    뉴스  bias=+0.140 (3건)
2026-10-02 11:40:28.999 | INFO     | stock_bot.live.runner:_tick:1546 - 241560 두산밥캣 [ensemble] HOLD score=+0.00 B0/S0 | 현재가 55,000원 | 손절 -2.28%(ATR)
    VWAP 54,907원 +0.17% ─홀드 (+0.000)
    ST 상승추세 ─홀드 (+0.000)
    RSI 54.6 (기준 30/74) ─홀드 (+0.000)
    BB 54,573~55,157원 현재 55,000원 ─홀드 (+0.000)  ← 중간 [───────●──] 73%
    DC  ─홀드  ← 미보유 또는 청산 조건 미해당 (+0.000)
    거래량  MA25대비 0.87x  〰(neutral) (+0.0000)  ← 임계 미달 (기준 ≥1.2/≤0.7x) → 중립
2026-10-02 11:40:40.091 | INFO     | stock_bot.live.runner:_tick:1546 - 123330 제닉 [ensemble] HOLD score=+0.00 B0/S0 | 현재가 21,850원 | 손절 -3.34%(ATR)
    VWAP 21,849원 +0.01% ─홀드 (+0.000)
    ST 하락추세 ─홀드 (+0.000)
    RSI 39.9 (기준 30/74) ─홀드 (+0.000)
    BB 21,690~22,065원 현재 21,850원 ─홀드 (+0.000)  ← 중간 [────●─────] 43%
    DC  ─홀드  ← 미보유 또는 청산 조건 미해당 (+0.000)
    거래량  MA25대비 0.23x  〰(neutral) (+0.0000)  ← 임계 미달 (기준 ≥1.2/≤0.7x) → 중립
2026-10-02 11:45:00.174 | INFO     | stock_bot.news.crawler:fetch_naver_news:207 - news relevance filter: 3 → 1 (제외 2건) [034020]
2026-10-02 11:45:00.176 | INFO     | stock_bot.news.crawler:fetch_naver_news:212 - fetched 1 news items for 034020
2026-10-02 11:45:00.183 | DEBUG    | stock_bot.live.runner:_news_tick:840 - news 034020 new=0/1 (모두 중복)
2026-10-02 11:45:00.359 | INFO     | stock_bot.news.crawler:fetch_naver_news:207 - news relevance filter: 3 → 1 (제외 2건) [241560]
2026-10-02 11:45:00.361 | INFO     | stock_bot.news.crawler:fetch_naver_news:212 - fetched 1 news items for 241560
2026-10-02 11:45:00.369 | DEBUG    | stock_bot.live.runner:_news_tick:840 - news 241560 new=0/1 (모두 중복)
2026-10-02 11:45:00.535 | INFO     | stock_bot.news.crawler:fetch_naver_news:207 - news relevance filter: 3 → 1 (제외 2건) [123330]
2026-10-02 11:45:00.536 | INFO     | stock_bot.news.crawler:fetch_naver_news:212 - fetched 1 news items for 123330
2026-10-02 11:45:00.547 | DEBUG    | stock_bot.live.runner:_news_tick:840 - news 123330 new=0/1 (모두 중복)
2026-10-02 11:45:20.634 | INFO     | stock_bot.live.runner:_tick:1546 - 034020 두산에너빌리티 [ensemble] HOLD score=+0.14 B0/S0 | 현재가 80,900원 | 손절 -1.70%(ATR)
    VWAP 80,985원 -0.11% ─홀드 (+0.000)
    ST 하락추세 ─홀드 (+0.000)
    RSI 43.3 (기준 30/74) ─홀드 (+0.000)
    BB 80,464~81,381원 현재 80,900원 ─홀드 (+0.000)  ← 중간 [────●─────] 48%
    DC  ─홀드  ← 미보유 또는 청산 조건 미해당 (+0.000)
    거래량  MA25대비 0.26x  〰(neutral) (+0.0000)  ← 임계 미달 (기준 ≥1.2/≤0.7x) → 중립
    뉴스  bias=+0.140 (3건)
2026-10-02 11:45:31.007 | INFO     | stock_bot.live.runner:_tick:1546 - 241560 두산밥캣 [ensemble] HOLD score=+0.00 B0/S0 | 현재가 55,000원 | 손절 -2.19%(ATR)
    VWAP 54,910원 +0.16% ─홀드 (+0.000)
    ST 상승추세 ─홀드 (+0.000)
    RSI 54.8 (기준 30/74) ─홀드 (+0.000)
    BB 54,572~55,168원 현재 55,000원 ─홀드 (+0.000)  ← 중간 [───────●──] 72%
    DC  ─홀드  ← 미보유 또는 청산 조건 미해당 (+0.000)
    거래량  MA25대비 0.82x  〰(neutral) (+0.0000)  ← 임계 미달 (기준 ≥1.2/≤0.7x) → 중립
2026-10-02 11:45:39.854 | INFO     | stock_bot.live.runner:_tick:1546 - 123330 제닉 [ensemble] HOLD score=+0.00 B0/S0 | 현재가 21,850원 | 손절 -3.34%(ATR)
    VWAP 21,849원 +0.01% ─홀드 (+0.000)
    ST 하락추세 ─홀드 (+0.000)
    RSI 39.9 (기준 30/74) ─홀드 (+0.000)
    BB 21,687~22,063원 현재 21,850원 ─홀드 (+0.000)  ← 중간 [────●─────] 43%
    DC  ─홀드  ← 미보유 또는 청산 조건 미해당 (+0.000)
    거래량  MA25대비 0.04x  〰(neutral) (+0.0000)  ← 임계 미달 (기준 ≥1.2/≤0.7x) → 중립
2026-10-02 11:50:00.239 | INFO     | stock_bot.news.crawler:fetch_naver_news:207 - news relevance filter: 3 → 1 (제외 2건) [034020]
2026-10-02 11:50:00.245 | INFO     | stock_bot.news.crawler:fetch_naver_news:212 - fetched 1 news items for 034020
2026-10-02 11:50:00.253 | DEBUG    | stock_bot.live.runner:_news_tick:840 - news 034020 new=0/1 (모두 중복)
2026-10-02 11:50:00.436 | INFO     | stock_bot.news.crawler:fetch_naver_news:207 - news relevance filter: 3 → 1 (제외 2건) [241560]
2026-10-02 11:50:00.437 | INFO     | stock_bot.news.crawler:fetch_naver_news:212 - fetched 1 news items for 241560
2026-10-02 11:50:00.445 | DEBUG    | stock_bot.live.runner:_news_tick:840 - news 241560 new=0/1 (모두 중복)
2026-10-02 11:50:00.627 | INFO     | stock_bot.news.crawler:fetch_naver_news:207 - news relevance filter: 3 → 1 (제외 2건) [123330]
2026-10-02 11:50:00.628 | INFO     | stock_bot.news.crawler:fetch_naver_news:212 - fetched 1 news items for 123330
2026-10-02 11:50:00.636 | DEBUG    | stock_bot.live.runner:_news_tick:840 - news 123330 new=0/1 (모두 중복)
2026-10-02 11:50:18.979 | INFO     | stock_bot.live.runner:_tick:1546 - 034020 두산에너빌리티 [ensemble] HOLD score=+0.14 B0/S0 | 현재가 81,000원 | 손절 -1.62%(ATR)
    VWAP 80,985원 +0.02% ─홀드 (+0.000)
    ST 하락추세 ─홀드 (+0.000)
    RSI 44.9 (기준 30/74) ─홀드 (+0.000)
    BB 80,528~81,277원 현재 81,000원 ─홀드 (+0.000)  ← 중간 [──────●───] 63%
    DC  ─홀드  ← 미보유 또는 청산 조건 미해당 (+0.000)
    거래량  MA25대비 0.27x  〰(neutral) (+0.0000)  ← 임계 미달 (기준 ≥1.2/≤0.7x) → 중립
    뉴스  bias=+0.140 (3건)
2026-10-02 11:50:33.081 | INFO     | stock_bot.live.runner:_tick:1546 - 241560 두산밥캣 [ensemble] HOLD score=+0.00 B0/S0 | 현재가 54,900원 | 손절 -2.34%(ATR)
    VWAP 54,908원 -0.01% ─홀드 (+0.000)
    ST 상승추세 ─홀드 (+0.000)
    RSI 51.6 (기준 30/74) ─홀드 (+0.000)
    BB 54,579~55,121원 현재 54,900원 ─홀드 (+0.000)  ← 중간 [─────●────] 59%
    DC  ─홀드  ← 미보유 또는 청산 조건 미해당 (+0.000)
    거래량  MA25대비 1.59x  〰(neutral) (+0.0000)  ← 임계 미달 (기준 ≥1.2/≤0.7x) → 중립
2026-10-02 11:50:44.812 | INFO     | stock_bot.live.runner:_tick:1546 - 123330 제닉 [ensemble] HOLD score=+0.00 B0/S0 | 현재가 21,950원 | 손절 -3.41%(ATR)
    VWAP 21,849원 +0.46% ─홀드 (+0.000)
    ST 하락추세 ─홀드 (+0.000)
    RSI 45.3 (기준 30/74) ─홀드 (+0.000)
    BB 21,699~22,046원 현재 21,950원 ─홀드 (+0.000)  ← 중간 [───────●──] 72%
    DC  ─홀드  ← 미보유 또는 청산 조건 미해당 (+0.000)
    거래량  MA25대비 0.10x  〰(neutral) (+0.0000)  ← 임계 미달 (기준 ≥1.2/≤0.7x) → 중립
2026-10-02 11:55:00.241 | INFO     | stock_bot.news.crawler:fetch_naver_news:207 - news relevance filter: 3 → 1 (제외 2건) [034020]
2026-10-02 11:55:00.242 | INFO     | stock_bot.news.crawler:fetch_naver_news:212 - fetched 1 news items for 034020
2026-10-02 11:55:00.249 | DEBUG    | stock_bot.live.runner:_news_tick:840 - news 034020 new=0/1 (모두 중복)
2026-10-02 11:55:00.409 | INFO     | stock_bot.news.crawler:fetch_naver_news:207 - news relevance filter: 3 → 1 (제외 2건) [241560]
2026-10-02 11:55:00.410 | INFO     | stock_bot.news.crawler:fetch_naver_news:212 - fetched 1 news items for 241560
2026-10-02 11:55:00.418 | DEBUG    | stock_bot.live.runner:_news_tick:840 - news 241560 new=0/1 (모두 중복)
2026-10-02 11:55:00.588 | INFO     | stock_bot.news.crawler:fetch_naver_news:207 - news relevance filter: 3 → 1 (제외 2건) [123330]
2026-10-02 11:55:00.590 | INFO     | stock_bot.news.crawler:fetch_naver_news:212 - fetched 1 news items for 123330
2026-10-02 11:55:00.598 | DEBUG    | stock_bot.live.runner:_news_tick:840 - news 123330 new=0/1 (모두 중복)
2026-10-02 11:55:05.200 | INFO     | stock_bot.live.runner:_tick:1546 - 034020 두산에너빌리티 [ensemble] HOLD score=+0.14 B0/S0 | 현재가 80,900원 | 손절 -1.55%(ATR)
    VWAP 80,985원 -0.10% ─홀드 (+0.000)
    ST 하락추세 ─홀드 (+0.000)
    RSI 43.3 (기준 30/74) ─홀드 (+0.000)
    BB 80,557~81,198원 현재 80,900원 ─홀드 (+0.000)  ← 중간 [─────●────] 54%
    DC  ─홀드  ← 미보유 또는 청산 조건 미해당 (+0.000)
    거래량  MA25대비 0.25x  〰(neutral) (+0.0000)  ← 임계 미달 (기준 ≥1.2/≤0.7x) → 중립
    뉴스  bias=+0.140 (3건)
2026-10-02 11:55:09.544 | INFO     | stock_bot.live.runner:_tick:1546 - 241560 두산밥캣 [ensemble] HOLD score=+0.00 B0/S0 | 현재가 54,900원 | 손절 -2.29%(ATR)
    VWAP 54,908원 -0.01% ─홀드 (+0.000)
    ST 상승추세 ─홀드 (+0.000)
    RSI 51.6 (기준 30/74) ─홀드 (+0.000)
    BB 54,584~55,126원 현재 54,900원 ─홀드 (+0.000)  ← 중간 [─────●────] 58%
    DC  ─홀드  ← 미보유 또는 청산 조건 미해당 (+0.000)
    거래량  MA25대비 0.66x  〰(neutral) (+0.0000)  ← 임계 미달 (기준 ≥1.2/≤0.7x) → 중립
2026-10-02 11:55:15.196 | INFO     | stock_bot.live.runner:_tick:1546 - 123330 제닉 [ensemble] HOLD score=+0.00 B0/S0 | 현재가 21,800원 | 손절 -3.27%(ATR)
    VWAP 21,849원 -0.22% ─홀드 (+0.000)
    ST 하락추세 ─홀드 (+0.000)
    RSI 38.9 (기준 30/74) ─홀드 (+0.000)
    BB 21,721~21,984원 현재 21,800원 ─홀드 (+0.000)  ← 중간 [───●──────] 30%
    DC  ─홀드  ← 미보유 또는 청산 조건 미해당 (+0.000)
    거래량  MA25대비 0.14x  〰(neutral) (+0.0000)  ← 임계 미달 (기준 ≥1.2/≤0.7x) → 중립
2026-10-02 12:00:00.194 | INFO     | stock_bot.news.crawler:fetch_naver_news:207 - news relevance filter: 3 → 1 (제외 2건) [034020]
2026-10-02 12:00:00.196 | INFO     | stock_bot.news.crawler:fetch_naver_news:212 - fetched 1 news items for 034020
2026-10-02 12:00:00.205 | DEBUG    | stock_bot.live.runner:_news_tick:840 - news 034020 new=0/1 (모두 중복)
2026-10-02 12:00:00.371 | INFO     | stock_bot.news.crawler:fetch_naver_news:207 - news relevance filter: 3 → 1 (제외 2건) [241560]
2026-10-02 12:00:00.372 | INFO     | stock_bot.news.crawler:fetch_naver_news:212 - fetched 1 news items for 241560
2026-10-02 12:00:00.381 | DEBUG    | stock_bot.live.runner:_news_tick:840 - news 241560 new=0/1 (모두 중복)
2026-10-02 12:00:00.537 | INFO     | stock_bot.news.crawler:fetch_naver_news:207 - news relevance filter: 3 → 1 (제외 2건) [123330]
2026-10-02 12:00:00.538 | INFO     | stock_bot.news.crawler:fetch_naver_news:212 - fetched 1 news items for 123330
2026-10-02 12:00:00.545 | DEBUG    | stock_bot.live.runner:_news_tick:840 - news 123330 new=0/1 (모두 중복)
2026-10-02 12:00:08.744 | INFO     | stock_bot.live.runner:_tick:1546 - 034020 두산에너빌리티 [ensemble] HOLD score=+0.14 B0/S0 | 현재가 81,000원 | 손절 -1.49%(ATR)
    VWAP 80,984원 +0.02% ─홀드 (+0.000)
    ST 하락추세 ─홀드 (+0.000)
    RSI 45.6 (기준 30/74) ─홀드 (+0.000)
    BB 80,579~81,156원 현재 81,000원 ─홀드 (+0.000)  ← 중간 [───────●──] 73%
    DC  ─홀드  ← 미보유 또는 청산 조건 미해당 (+0.000)
    거래량  MA25대비 0.26x  〰(neutral) (+0.0000)  ← 임계 미달 (기준 ≥1.2/≤0.7x) → 중립
    뉴스  bias=+0.140 (3건)
2026-10-02 12:00:16.201 | INFO     | stock_bot.live.runner:_tick:1546 - 241560 두산밥캣 [ensemble] HOLD score=+0.00 B0/S0 | 현재가 55,000원 | 손절 -2.13%(ATR)
    VWAP 54,909원 +0.17% ─홀드 (+0.000)
    ST 상승추세 ─홀드 (+0.000)
    RSI 54.2 (기준 30/74) ─홀드 (+0.000)
    BB 54,601~55,149원 현재 55,000원 ─홀드 (+0.000)  ← 중간 [───────●──] 73%
    DC  ─홀드  ← 미보유 또는 청산 조건 미해당 (+0.000)
    거래량  MA25대비 0.34x  〰(neutral) (+0.0000)  ← 임계 미달 (기준 ≥1.2/≤0.7x) → 중립
2026-10-02 12:00:23.102 | INFO     | stock_bot.live.runner:_tick:1546 - 123330 제닉 [ensemble] HOLD score=+0.00 B0/S0 | 현재가 21,850원 | 손절 -3.18%(ATR)
    VWAP 21,849원 +0.00% ─홀드 (+0.000)
    ST 하락추세 ─홀드 (+0.000)
    RSI 41.5 (기준 30/74) ─홀드 (+0.000)
    BB 21,733~21,957원 현재 21,850원 ─홀드 (+0.000)  ← 중간 [─────●────] 52%
    DC  ─홀드  ← 미보유 또는 청산 조건 미해당 (+0.000)
    거래량  MA25대비 0.16x  〰(neutral) (+0.0000)  ← 임계 미달 (기준 ≥1.2/≤0.7x) → 중립
2026-10-02 12:05:00.251 | INFO     | stock_bot.news.crawler:fetch_naver_news:207 - news relevance filter: 3 → 1 (제외 2건) [034020]
2026-10-02 12:05:00.253 | INFO     | stock_bot.news.crawler:fetch_naver_news:212 - fetched 1 news items for 034020
2026-10-02 12:05:00.261 | DEBUG    | stock_bot.live.runner:_news_tick:840 - news 034020 new=0/1 (모두 중복)
2026-10-02 12:05:00.456 | INFO     | stock_bot.news.crawler:fetch_naver_news:207 - news relevance filter: 3 → 1 (제외 2건) [241560]
2026-10-02 12:05:00.459 | INFO     | stock_bot.news.crawler:fetch_naver_news:212 - fetched 1 news items for 241560
2026-10-02 12:05:00.467 | DEBUG    | stock_bot.live.runner:_news_tick:840 - news 241560 new=0/1 (모두 중복)
2026-10-02 12:05:00.652 | INFO     | stock_bot.news.crawler:fetch_naver_news:207 - news relevance filter: 3 → 1 (제외 2건) [123330]
2026-10-02 12:05:00.654 | INFO     | stock_bot.news.crawler:fetch_naver_news:212 - fetched 1 news items for 123330
2026-10-02 12:05:00.663 | DEBUG    | stock_bot.live.runner:_news_tick:840 - news 123330 new=0/1 (모두 중복)
2026-10-02 12:05:13.226 | INFO     | stock_bot.live.runner:_tick:1546 - 034020 두산에너빌리티 [ensemble] HOLD score=+0.14 B0/S0 | 현재가 81,200원 | 손절 -1.50%(ATR)
    VWAP 80,989원 +0.26% ─홀드 (+0.000)
    ST 하락추세 ─홀드 (+0.000)
    RSI 49.9 (기준 30/74) ─홀드 (+0.000)
    BB 80,553~81,207원 현재 81,200원 ─홀드 (+0.000)  ← 상단근접 [─────────●] 99%
    DC  ─홀드  ← 미보유 또는 청산 조건 미해당 (+0.000)
    거래량  MA25대비 1.59x  〰(neutral) (+0.0000)  ← 임계 미달 (기준 ≥1.2/≤0.7x) → 중립
    뉴스  bias=+0.140 (3건)
2026-10-02 12:05:22.883 | INFO     | stock_bot.live.runner:_tick:1546 - 241560 두산밥캣 [ensemble] HOLD score=+0.00 B0/S0 | 현재가 55,100원 | 손절 -2.10%(ATR)
    VWAP 54,912원 +0.34% ─홀드 (+0.000)
    ST 상승추세 ─홀드 (+0.000)
    RSI 56.7 (기준 30/74) ─홀드 (+0.000)
    BB 54,640~55,160원 현재 55,100원 ─홀드 (+0.000)  ← 상단근접 [────────●─] 89%
    DC  ─홀드  ← 미보유 또는 청산 조건 미해당 (+0.000)
    거래량  MA25대비 1.35x  〰(neutral) (+0.0000)  ← 임계 미달 (기준 ≥1.2/≤0.7x) → 중립
2026-10-02 12:05:31.797 | INFO     | stock_bot.live.runner:_tick:1546 - 123330 제닉 [ensemble] HOLD score=+0.00 B0/S0 | 현재가 21,850원 | 손절 -3.35%(ATR)
    VWAP 21,849원 +0.00% ─홀드 (+0.000)
    ST 하락추세 ─홀드 (+0.000)
    RSI 42.7 (기준 30/74) ─홀드 (+0.000)
    BB 21,733~21,957원 현재 21,850원 ─홀드 (+0.000)  ← 중간 [─────●────] 52%
    DC  ─홀드  ← 미보유 또는 청산 조건 미해당 (+0.000)
    거래량  MA25대비 0.20x  〰(neutral) (+0.0000)  ← 임계 미달 (기준 ≥1.2/≤0.7x) → 중립
2026-10-02 12:10:00.507 | INFO     | stock_bot.news.crawler:fetch_naver_news:207 - news relevance filter: 3 → 1 (제외 2건) [034020]
2026-10-02 12:10:00.536 | INFO     | stock_bot.news.crawler:fetch_naver_news:212 - fetched 1 news items for 034020
2026-10-02 12:10:00.552 | DEBUG    | stock_bot.live.runner:_news_tick:840 - news 034020 new=0/1 (모두 중복)
2026-10-02 12:10:00.757 | INFO     | stock_bot.news.crawler:fetch_naver_news:207 - news relevance filter: 3 → 1 (제외 2건) [241560]
2026-10-02 12:10:00.758 | INFO     | stock_bot.news.crawler:fetch_naver_news:212 - fetched 1 news items for 241560
2026-10-02 12:10:00.767 | DEBUG    | stock_bot.live.runner:_news_tick:840 - news 241560 new=0/1 (모두 중복)
2026-10-02 12:10:00.994 | INFO     | stock_bot.news.crawler:fetch_naver_news:207 - news relevance filter: 3 → 1 (제외 2건) [123330]
2026-10-02 12:10:00.996 | INFO     | stock_bot.news.crawler:fetch_naver_news:212 - fetched 1 news items for 123330
2026-10-02 12:10:01.007 | DEBUG    | stock_bot.live.runner:_news_tick:840 - news 123330 new=0/1 (모두 중복)
2026-10-02 12:10:22.613 | INFO     | stock_bot.live.runner:_tick:1546 - 034020 두산에너빌리티 [ensemble] HOLD score=+0.14 B0/S0 | 현재가 81,100원 | 손절 -1.48%(ATR)
    VWAP 80,991원 +0.13% ─홀드 (+0.000)
    ST 하락추세 ─홀드 (+0.000)
    RSI 47.9 (기준 30/74) ─홀드 (+0.000)
    BB 80,636~81,174원 현재 81,100원 ─홀드 (+0.000)  ← 상단근접 [────────●─] 86%
    DC  ─홀드  ← 미보유 또는 청산 조건 미해당 (+0.000)
    거래량  MA25대비 0.51x  〰(neutral) (+0.0000)  ← 임계 미달 (기준 ≥1.2/≤0.7x) → 중립
    뉴스  bias=+0.140 (3건)
2026-10-02 12:10:31.630 | INFO     | stock_bot.live.runner:_tick:1546 - 241560 두산밥캣 [ensemble] HOLD score=+0.00 B0/S0 | 현재가 55,000원 | 손절 -2.10%(ATR)
    VWAP 54,917원 +0.15% ─홀드 (+0.000)
    ST 상승추세 ─홀드 (+0.000)
    RSI 53.5 (기준 30/74) ─홀드 (+0.000)
    BB 54,670~55,155원 현재 55,000원 ─홀드 (+0.000)  ← 중간 [──────●───] 68%
    DC  ─홀드  ← 미보유 또는 청산 조건 미해당 (+0.000)
    거래량  MA25대비 0.73x  〰(neutral) (+0.0000)  ← 임계 미달 (기준 ≥1.2/≤0.7x) → 중립
2026-10-02 12:10:35.309 | INFO     | stock_bot.live.runner:_tick:1546 - 123330 제닉 [ensemble] HOLD score=+0.00 B0/S0 | 현재가 21,800원 | 손절 -3.04%(ATR)
    VWAP 21,849원 -0.22% ─홀드 (+0.000)
    ST 하락추세 ─홀드 (+0.000)
    RSI 39.8 (기준 30/74) ─홀드 (+0.000)
    BB 21,732~21,938원 현재 21,800원 ─홀드 (+0.000)  ← 중간 [───●──────] 33%
    DC  ─홀드  ← 미보유 또는 청산 조건 미해당 (+0.000)
    거래량  MA25대비 0.38x  〰(neutral) (+0.0000)  ← 임계 미달 (기준 ≥1.2/≤0.7x) → 중립
2026-10-02 12:15:00.768 | INFO     | stock_bot.news.crawler:fetch_naver_news:207 - news relevance filter: 3 → 1 (제외 2건) [034020]
2026-10-02 12:15:00.790 | INFO     | stock_bot.news.crawler:fetch_naver_news:212 - fetched 1 news items for 034020
2026-10-02 12:15:00.808 | DEBUG    | stock_bot.live.runner:_news_tick:840 - news 034020 new=0/1 (모두 중복)
2026-10-02 12:15:01.047 | INFO     | stock_bot.news.crawler:fetch_naver_news:207 - news relevance filter: 3 → 1 (제외 2건) [241560]
2026-10-02 12:15:01.048 | INFO     | stock_bot.news.crawler:fetch_naver_news:212 - fetched 1 news items for 241560
2026-10-02 12:15:01.066 | DEBUG    | stock_bot.live.runner:_news_tick:840 - news 241560 new=0/1 (모두 중복)
2026-10-02 12:15:01.367 | INFO     | stock_bot.news.crawler:fetch_naver_news:207 - news relevance filter: 3 → 1 (제외 2건) [123330]
2026-10-02 12:15:01.370 | INFO     | stock_bot.news.crawler:fetch_naver_news:212 - fetched 1 news items for 123330
2026-10-02 12:15:01.379 | DEBUG    | stock_bot.live.runner:_news_tick:840 - news 123330 new=0/1 (모두 중복)
2026-10-02 12:15:19.931 | INFO     | stock_bot.live.runner:_tick:1546 - 034020 두산에너빌리티 [ensemble] HOLD score=+0.14 B0/S0 | 현재가 81,000원 | 손절 -1.42%(ATR)
    VWAP 80,992원 +0.01% ─홀드 (+0.000)
    ST 하락추세 ─홀드 (+0.000)
    RSI 45.7 (기준 30/74) ─홀드 (+0.000)
    BB 80,647~81,183원 현재 81,000원 ─홀드 (+0.000)  ← 중간 [──────●───] 66%
    DC  ─홀드  ← 미보유 또는 청산 조건 미해당 (+0.000)
    거래량  MA25대비 0.23x  〰(neutral) (+0.0000)  ← 임계 미달 (기준 ≥1.2/≤0.7x) → 중립
    뉴스  bias=+0.140 (3건)
2026-10-02 12:15:32.647 | INFO     | stock_bot.live.runner:_tick:1546 - 241560 두산밥캣 [ensemble] HOLD score=+0.00 B0/S0 | 현재가 54,900원 | 손절 -2.05%(ATR)
    VWAP 54,917원 -0.03% ─홀드 (+0.000)
    ST 상승추세 ─홀드 (+0.000)
    RSI 50.6 (기준 30/74) ─홀드 (+0.000)
    BB 54,701~55,144원 현재 54,900원 ─홀드 (+0.000)  ← 중간 [────●─────] 45%
    DC  ─홀드  ← 미보유 또는 청산 조건 미해당 (+0.000)
    거래량  MA25대비 0.39x  〰(neutral) (+0.0000)  ← 임계 미달 (기준 ≥1.2/≤0.7x) → 중립
2026-10-02 12:15:43.515 | INFO     | stock_bot.live.runner:_tick:1546 - 123330 제닉 [ensemble] HOLD score=+0.00 B0/S0 | 현재가 21,750원 | 손절 -3.06%(ATR)
    VWAP 21,848원 -0.45% ─홀드 (+0.000)
    ST 하락추세 ─홀드 (+0.000)
    RSI 37.9 (기준 30/74) ─홀드 (+0.000)
    BB 21,716~21,944원 현재 21,750원 ─홀드 (+0.000)  ← 하단근접 [─●────────] 15%
    DC  ─홀드  ← 미보유 또는 청산 조건 미해당 (+0.000)
    거래량  MA25대비 0.47x  〰(neutral) (+0.0000)  ← 임계 미달 (기준 ≥1.2/≤0.7x) → 중립
2026-10-02 12:20:00.923 | INFO     | stock_bot.news.crawler:fetch_naver_news:207 - news relevance filter: 3 → 1 (제외 2건) [034020]
2026-10-02 12:20:00.973 | INFO     | stock_bot.news.crawler:fetch_naver_news:212 - fetched 1 news items for 034020
2026-10-02 12:20:00.991 | DEBUG    | stock_bot.live.runner:_news_tick:840 - news 034020 new=0/1 (모두 중복)
2026-10-02 12:20:01.296 | INFO     | stock_bot.news.crawler:fetch_naver_news:207 - news relevance filter: 3 → 1 (제외 2건) [241560]
2026-10-02 12:20:01.299 | INFO     | stock_bot.news.crawler:fetch_naver_news:212 - fetched 1 news items for 241560
2026-10-02 12:20:01.313 | DEBUG    | stock_bot.live.runner:_news_tick:840 - news 241560 new=0/1 (모두 중복)
2026-10-02 12:20:01.580 | INFO     | stock_bot.news.crawler:fetch_naver_news:207 - news relevance filter: 3 → 1 (제외 2건) [123330]
2026-10-02 12:20:01.581 | INFO     | stock_bot.news.crawler:fetch_naver_news:212 - fetched 1 news items for 123330
2026-10-02 12:20:01.595 | DEBUG    | stock_bot.live.runner:_news_tick:840 - news 123330 new=0/1 (모두 중복)
2026-10-02 12:20:22.332 | INFO     | stock_bot.live.runner:_tick:1546 - 034020 두산에너빌리티 [ensemble] HOLD score=+0.14 B0/S0 | 현재가 81,000원 | 손절 -1.36%(ATR)
    VWAP 80,993원 +0.01% ─홀드 (+0.000)
    ST 하락추세 ─홀드 (+0.000)
    RSI 45.6 (기준 30/74) ─홀드 (+0.000)
    BB 80,730~81,145원 현재 81,000원 ─홀드 (+0.000)  ← 중간 [──────●───] 65%
    DC  ─홀드  ← 미보유 또는 청산 조건 미해당 (+0.000)
    거래량  MA25대비 0.66x  〰(neutral) (+0.0000)  ← 임계 미달 (기준 ≥1.2/≤0.7x) → 중립
    뉴스  bias=+0.140 (3건)
2026-10-02 12:20:37.452 | INFO     | stock_bot.live.runner:_tick:1546 - 241560 두산밥캣 [ensemble] HOLD score=+0.00 B0/S0 | 현재가 54,800원 | 손절 -2.03%(ATR)
    VWAP 54,914원 -0.21% ─홀드 (+0.000)
    ST 상승추세 ─홀드 (+0.000)
    RSI 48.1 (기준 30/74) ─홀드 (+0.000)
    BB 54,711~55,134원 현재 54,800원 ─홀드 (+0.000)  ← 하단근접 [──●───────] 21%
    DC  ─홀드  ← 미보유 또는 청산 조건 미해당 (+0.000)
    거래량  MA25대비 1.74x  〰(neutral) (+0.0000)  ← 임계 미달 (기준 ≥1.2/≤0.7x) → 중립
2026-10-02 12:20:48.048 | INFO     | stock_bot.live.runner:_tick:1546 - 123330 제닉 [ensemble] HOLD score=+0.00 B0/S0 | 현재가 21,800원 | 손절 -2.99%(ATR)
    VWAP 21,847원 -0.22% ─홀드 (+0.000)
    ST 하락추세 ─홀드 (+0.000)
    RSI 40.9 (기준 30/74) ─홀드 (+0.000)
    BB 21,724~21,941원 현재 21,800원 ─홀드 (+0.000)  ← 중간 [───●──────] 35%
    DC  ─홀드  ← 미보유 또는 청산 조건 미해당 (+0.000)
    거래량  MA25대비 0.17x  〰(neutral) (+0.0000)  ← 임계 미달 (기준 ≥1.2/≤0.7x) → 중립
2026-10-02 12:25:00.821 | INFO     | stock_bot.news.crawler:fetch_naver_news:207 - news relevance filter: 3 → 1 (제외 2건) [034020]
2026-10-02 12:25:00.846 | INFO     | stock_bot.news.crawler:fetch_naver_news:212 - fetched 1 news items for 034020
2026-10-02 12:25:00.863 | DEBUG    | stock_bot.live.runner:_news_tick:840 - news 034020 new=0/1 (모두 중복)
2026-10-02 12:25:01.080 | INFO     | stock_bot.news.crawler:fetch_naver_news:207 - news relevance filter: 3 → 1 (제외 2건) [241560]
2026-10-02 12:25:01.082 | INFO     | stock_bot.news.crawler:fetch_naver_news:212 - fetched 1 news items for 241560
2026-10-02 12:25:01.093 | DEBUG    | stock_bot.live.runner:_news_tick:840 - news 241560 new=0/1 (모두 중복)
2026-10-02 12:25:01.318 | INFO     | stock_bot.news.crawler:fetch_naver_news:207 - news relevance filter: 3 → 1 (제외 2건) [123330]
2026-10-02 12:25:01.319 | INFO     | stock_bot.news.crawler:fetch_naver_news:212 - fetched 1 news items for 123330
2026-10-02 12:25:01.328 | DEBUG    | stock_bot.live.runner:_news_tick:840 - news 123330 new=0/1 (모두 중복)
2026-10-02 12:25:11.276 | INFO     | stock_bot.live.runner:_tick:1546 - 034020 두산에너빌리티 [ensemble] HOLD score=+0.14 B0/S0 | 현재가 80,900원 | 손절 -1.27%(ATR)
    VWAP 80,992원 -0.11% ─홀드 (+0.000)
    ST 하락추세 ─홀드 (+0.000)
    RSI 43.6 (기준 30/74) ─홀드 (+0.000)
    BB 80,767~81,118원 현재 80,900원 ─홀드 (+0.000)  ← 중간 [───●──────] 38%
    DC  ─홀드  ← 미보유 또는 청산 조건 미해당 (+0.000)
    거래량  MA25대비 0.34x  〰(neutral) (+0.0000)  ← 임계 미달 (기준 ≥1.2/≤0.7x) → 중립
    뉴스  bias=+0.140 (3건)
2026-10-02 12:25:17.012 | INFO     | stock_bot.live.runner:_tick:1546 - 241560 두산밥캣 [ensemble] HOLD score=+0.00 B0/S0 | 현재가 54,800원 | 손절 -1.95%(ATR)
    VWAP 54,914원 -0.21% ─홀드 (+0.000)
    ST 상승추세 ─홀드 (+0.000)
    RSI 48.1 (기준 30/74) ─홀드 (+0.000)
    BB 54,724~55,131원 현재 54,800원 ─홀드 (+0.000)  ← 하단근접 [─●────────] 19%
    DC  ─홀드  ← 미보유 또는 청산 조건 미해당 (+0.000)
    거래량  MA25대비 0.15x  〰(neutral) (+0.0000)  ← 임계 미달 (기준 ≥1.2/≤0.7x) → 중립
2026-10-02 12:25:24.083 | INFO     | stock_bot.live.runner:_tick:1546 - 123330 제닉 [ensemble] HOLD score=+0.00 B0/S0 | 현재가 21,850원 | 손절 -2.85%(ATR)
    VWAP 21,847원 +0.01% ─홀드 (+0.000)
    ST 하락추세 ─홀드 (+0.000)
    RSI 43.7 (기준 30/74) ─홀드 (+0.000)
    BB 21,755~21,930원 현재 21,850원 ─홀드 (+0.000)  ← 중간 [─────●────] 54%
    DC  ─홀드  ← 미보유 또는 청산 조건 미해당 (+0.000)
    거래량  MA25대비 0.32x  〰(neutral) (+0.0000)  ← 임계 미달 (기준 ≥1.2/≤0.7x) → 중립
2026-10-02 12:30:00.526 | INFO     | stock_bot.news.crawler:fetch_naver_news:207 - news relevance filter: 3 → 1 (제외 2건) [034020]
2026-10-02 12:30:00.540 | INFO     | stock_bot.news.crawler:fetch_naver_news:212 - fetched 1 news items for 034020
2026-10-02 12:30:00.554 | DEBUG    | stock_bot.live.runner:_news_tick:840 - news 034020 new=0/1 (모두 중복)
2026-10-02 12:30:00.797 | INFO     | stock_bot.news.crawler:fetch_naver_news:207 - news relevance filter: 3 → 1 (제외 2건) [241560]
2026-10-02 12:30:00.799 | INFO     | stock_bot.news.crawler:fetch_naver_news:212 - fetched 1 news items for 241560
2026-10-02 12:30:00.821 | DEBUG    | stock_bot.live.runner:_news_tick:840 - news 241560 new=0/1 (모두 중복)
2026-10-02 12:30:01.093 | INFO     | stock_bot.news.crawler:fetch_naver_news:207 - news relevance filter: 3 → 1 (제외 2건) [123330]
2026-10-02 12:30:01.095 | INFO     | stock_bot.news.crawler:fetch_naver_news:212 - fetched 1 news items for 123330
2026-10-02 12:30:01.108 | DEBUG    | stock_bot.live.runner:_news_tick:840 - news 123330 new=0/1 (모두 중복)
2026-10-02 12:30:24.697 | INFO     | stock_bot.live.runner:_tick:1546 - 034020 두산에너빌리티 [ensemble] HOLD score=+0.14 B0/S0 | 현재가 81,000원 | 손절 -1.26%(ATR)
    VWAP 80,991원 +0.01% ─홀드 (+0.000)
    ST 하락추세 ─홀드 (+0.000)
    RSI 46.2 (기준 30/74) ─홀드 (+0.000)
    BB 80,771~81,124원 현재 81,000원 ─홀드 (+0.000)  ← 중간 [──────●───] 65%
    DC  ─홀드  ← 미보유 또는 청산 조건 미해당 (+0.000)
    거래량  MA25대비 0.41x  〰(neutral) (+0.0000)  ← 임계 미달 (기준 ≥1.2/≤0.7x) → 중립
    뉴스  bias=+0.140 (3건)
2026-10-02 12:30:29.434 | INFO     | stock_bot.live.runner:_tick:1546 - 241560 두산밥캣 [ensemble] HOLD score=+0.00 B0/S0 | 현재가 54,900원 | 손절 -1.87%(ATR)
    VWAP 54,914원 -0.02% ─홀드 (+0.000)
    ST 상승추세 ─홀드 (+0.000)
    RSI 50.8 (기준 30/74) ─홀드 (+0.000)
    BB 54,724~55,131원 현재 54,900원 ─홀드 (+0.000)  ← 중간 [────●─────] 43%
    DC  ─홀드  ← 미보유 또는 청산 조건 미해당 (+0.000)
    거래량  MA25대비 0.35x  〰(neutral) (+0.0000)  ← 임계 미달 (기준 ≥1.2/≤0.7x) → 중립
2026-10-02 12:30:34.165 | INFO     | stock_bot.live.runner:_tick:1546 - 123330 제닉 [ensemble] HOLD score=+0.00 B0/S0 | 현재가 21,900원 | 손절 -2.87%(ATR)
    VWAP 21,847원 +0.24% ─홀드 (+0.000)
    ST 하락추세 ─홀드 (+0.000)
    RSI 46.1 (기준 30/74) ─홀드 (+0.000)
    BB 21,753~21,942원 현재 21,900원 ─홀드 (+0.000)  ← 상단근접 [───────●──] 78%
    DC  ─홀드  ← 미보유 또는 청산 조건 미해당 (+0.000)
    거래량  MA25대비 0.13x  〰(neutral) (+0.0000)  ← 임계 미달 (기준 ≥1.2/≤0.7x) → 중립
2026-10-02 12:35:00.219 | INFO     | stock_bot.news.crawler:fetch_naver_news:207 - news relevance filter: 3 → 1 (제외 2건) [034020]
2026-10-02 12:35:00.222 | INFO     | stock_bot.news.crawler:fetch_naver_news:212 - fetched 1 news items for 034020
2026-10-02 12:35:00.229 | DEBUG    | stock_bot.live.runner:_news_tick:840 - news 034020 new=0/1 (모두 중복)
2026-10-02 12:35:00.399 | INFO     | stock_bot.news.crawler:fetch_naver_news:207 - news relevance filter: 3 → 1 (제외 2건) [241560]
2026-10-02 12:35:00.401 | INFO     | stock_bot.news.crawler:fetch_naver_news:212 - fetched 1 news items for 241560
2026-10-02 12:35:00.410 | DEBUG    | stock_bot.live.runner:_news_tick:840 - news 241560 new=0/1 (모두 중복)
2026-10-02 12:35:00.575 | INFO     | stock_bot.news.crawler:fetch_naver_news:207 - news relevance filter: 3 → 1 (제외 2건) [123330]
2026-10-02 12:35:00.576 | INFO     | stock_bot.news.crawler:fetch_naver_news:212 - fetched 1 news items for 123330
2026-10-02 12:35:00.583 | DEBUG    | stock_bot.live.runner:_news_tick:840 - news 123330 new=0/1 (모두 중복)
2026-10-02 12:35:07.179 | INFO     | stock_bot.live.runner:_tick:1546 - 034020 두산에너빌리티 [ensemble] HOLD score=+0.14 B0/S0 | 현재가 80,900원 | 손절 -1.22%(ATR)
    VWAP 80,990원 -0.11% ─홀드 (+0.000)
    ST 하락추세 ─홀드 (+0.000)
    RSI 43.4 (기준 30/74) ─홀드 (+0.000)
    BB 80,784~81,111원 현재 80,900원 ─홀드 (+0.000)  ← 중간 [───●──────] 35%
    DC  ─홀드  ← 미보유 또는 청산 조건 미해당 (+0.000)
    거래량  MA25대비 0.54x  〰(neutral) (+0.0000)  ← 임계 미달 (기준 ≥1.2/≤0.7x) → 중립
    뉴스  bias=+0.140 (3건)
2026-10-02 12:35:11.911 | INFO     | stock_bot.live.runner:_tick:1546 - 241560 두산밥캣 [ensemble] HOLD score=+0.00 B0/S0 | 현재가 54,900원 | 손절 -1.74%(ATR)
    VWAP 54,913원 -0.02% ─홀드 (+0.000)
    ST 상승추세 ─홀드 (+0.000)
    RSI 50.9 (기준 30/74) ─홀드 (+0.000)
    BB 54,737~55,128원 현재 54,900원 ─홀드 (+0.000)  ← 중간 [────●─────] 42%
    DC  ─홀드  ← 미보유 또는 청산 조건 미해당 (+0.000)
    거래량  MA25대비 0.32x  〰(neutral) (+0.0000)  ← 임계 미달 (기준 ≥1.2/≤0.7x) → 중립
2026-10-02 12:35:16.394 | INFO     | stock_bot.live.runner:_tick:1546 - 123330 제닉 [ensemble] HOLD score=+0.00 B0/S0 | 현재가 21,900원 | 손절 -2.83%(ATR)
    VWAP 21,847원 +0.24% ─홀드 (+0.000)
    ST 하락추세 ─홀드 (+0.000)
    RSI 46.6 (기준 30/74) ─홀드 (+0.000)
    BB 21,758~21,942원 현재 21,900원 ─홀드 (+0.000)  ← 상단근접 [───────●──] 77%
    DC  ─홀드  ← 미보유 또는 청산 조건 미해당 (+0.000)
    거래량  MA25대비 0.08x  〰(neutral) (+0.0000)  ← 임계 미달 (기준 ≥1.2/≤0.7x) → 중립
2026-10-02 12:40:00.193 | INFO     | stock_bot.news.crawler:fetch_naver_news:207 - news relevance filter: 3 → 1 (제외 2건) [034020]
2026-10-02 12:40:00.198 | INFO     | stock_bot.news.crawler:fetch_naver_news:212 - fetched 1 news items for 034020
2026-10-02 12:40:00.209 | DEBUG    | stock_bot.live.runner:_news_tick:840 - news 034020 new=0/1 (모두 중복)
2026-10-02 12:40:00.404 | INFO     | stock_bot.news.crawler:fetch_naver_news:207 - news relevance filter: 3 → 1 (제외 2건) [241560]
2026-10-02 12:40:00.406 | INFO     | stock_bot.news.crawler:fetch_naver_news:212 - fetched 1 news items for 241560
2026-10-02 12:40:00.416 | DEBUG    | stock_bot.live.runner:_news_tick:840 - news 241560 new=0/1 (모두 중복)
2026-10-02 12:40:00.629 | INFO     | stock_bot.news.crawler:fetch_naver_news:207 - news relevance filter: 3 → 1 (제외 2건) [123330]
2026-10-02 12:40:00.631 | INFO     | stock_bot.news.crawler:fetch_naver_news:212 - fetched 1 news items for 123330
2026-10-02 12:40:00.639 | DEBUG    | stock_bot.live.runner:_news_tick:840 - news 123330 new=0/1 (모두 중복)
2026-10-02 12:40:13.218 | INFO     | stock_bot.live.runner:_tick:1546 - 034020 두산에너빌리티 [ensemble] HOLD score=+0.14 B0/S0 | 현재가 80,800원 | 손절 -1.22%(ATR)
    VWAP 80,989원 -0.23% ─홀드 (+0.000)
    ST 하락추세 ─홀드 (+0.000)
    RSI 41.3 (기준 30/74) ─홀드 (+0.000)
    BB 80,763~81,117원 현재 80,800원 ─홀드 (+0.000)  ← 하단근접 [─●────────] 10%
    DC  ─홀드  ← 미보유 또는 청산 조건 미해당 (+0.000)
    거래량  MA25대비 0.71x  〰(neutral) (+0.0000)  ← 임계 미달 (기준 ≥1.2/≤0.7x) → 중립
    뉴스  bias=+0.140 (3건)
2026-10-02 12:40:21.563 | INFO     | stock_bot.live.runner:_tick:1546 - 241560 두산밥캣 [ensemble] HOLD score=+0.00 B0/S0 | 현재가 54,800원 | 손절 -1.74%(ATR)
    VWAP 54,913원 -0.21% ─홀드 (+0.000)
    ST 상승추세 ─홀드 (+0.000)
    RSI 48.1 (기준 30/74) ─홀드 (+0.000)
    BB 54,724~55,131원 현재 54,800원 ─홀드 (+0.000)  ← 하단근접 [─●────────] 19%
    DC  ─홀드  ← 미보유 또는 청산 조건 미해당 (+0.000)
    거래량  MA25대비 0.33x  〰(neutral) (+0.0000)  ← 임계 미달 (기준 ≥1.2/≤0.7x) → 중립
2026-10-02 12:40:27.190 | INFO     | stock_bot.live.runner:_tick:1546 - 123330 제닉 [ensemble] HOLD score=+0.00 B0/S0 | 현재가 21,850원 | 손절 -2.63%(ATR)
    VWAP 21,847원 +0.01% ─홀드 (+0.000)
    ST 하락추세 ─홀드 (+0.000)
    RSI 44.1 (기준 30/74) ─홀드 (+0.000)
    BB 21,759~21,936원 현재 21,850원 ─홀드 (+0.000)  ← 중간 [─────●────] 51%
    DC  ─홀드  ← 미보유 또는 청산 조건 미해당 (+0.000)
    거래량  MA25대비 0.45x  〰(neutral) (+0.0000)  ← 임계 미달 (기준 ≥1.2/≤0.7x) → 중립
2026-10-02 12:45:00.166 | INFO     | stock_bot.news.crawler:fetch_naver_news:207 - news relevance filter: 3 → 1 (제외 2건) [034020]
2026-10-02 12:45:00.167 | INFO     | stock_bot.news.crawler:fetch_naver_news:212 - fetched 1 news items for 034020
2026-10-02 12:45:00.174 | DEBUG    | stock_bot.live.runner:_news_tick:840 - news 034020 new=0/1 (모두 중복)
2026-10-02 12:45:00.339 | INFO     | stock_bot.news.crawler:fetch_naver_news:207 - news relevance filter: 3 → 1 (제외 2건) [241560]
2026-10-02 12:45:00.340 | INFO     | stock_bot.news.crawler:fetch_naver_news:212 - fetched 1 news items for 241560
2026-10-02 12:45:00.349 | DEBUG    | stock_bot.live.runner:_news_tick:840 - news 241560 new=0/1 (모두 중복)
2026-10-02 12:45:00.521 | INFO     | stock_bot.news.crawler:fetch_naver_news:207 - news relevance filter: 3 → 1 (제외 2건) [123330]
2026-10-02 12:45:00.522 | INFO     | stock_bot.news.crawler:fetch_naver_news:212 - fetched 1 news items for 123330
2026-10-02 12:45:00.530 | DEBUG    | stock_bot.live.runner:_news_tick:840 - news 123330 new=0/1 (모두 중복)
2026-10-02 12:45:19.376 | INFO     | stock_bot.live.runner:_tick:1546 - 034020 두산에너빌리티 [ensemble] HOLD score=+0.14 B0/S0 | 현재가 80,800원 | 손절 -1.15%(ATR)
    VWAP 80,987원 -0.23% ─홀드 (+0.000)
    ST 하락추세 ─홀드 (+0.000)
    RSI 41.2 (기준 30/74) ─홀드 (+0.000)
    BB 80,748~81,122원 현재 80,800원 ─홀드 (+0.000)  ← 하단근접 [─●────────] 14%
    DC  ─홀드  ← 미보유 또는 청산 조건 미해당 (+0.000)
    거래량  MA25대비 0.72x  〰(neutral) (+0.0000)  ← 임계 미달 (기준 ≥1.2/≤0.7x) → 중립
    뉴스  bias=+0.140 (3건)
2026-10-02 12:45:29.167 | INFO     | stock_bot.live.runner:_tick:1546 - 241560 두산밥캣 [ensemble] HOLD score=+0.00 B0/S0 | 현재가 54,800원 | 손절 -1.68%(ATR)
    VWAP 54,912원 -0.20% ─홀드 (+0.000)
    ST 상승추세 ─홀드 (+0.000)
    RSI 47.9 (기준 30/74) ─홀드 (+0.000)
    BB 54,724~55,131원 현재 54,800원 ─홀드 (+0.000)  ← 하단근접 [─●────────] 19%
    DC  ─홀드  ← 미보유 또는 청산 조건 미해당 (+0.000)
    거래량  MA25대비 0.20x  〰(neutral) (+0.0000)  ← 임계 미달 (기준 ≥1.2/≤0.7x) → 중립
2026-10-02 12:45:38.972 | INFO     | stock_bot.live.runner:_tick:1546 - 123330 제닉 [ensemble] HOLD score=+0.00 B0/S0 | 현재가 21,850원 | 손절 -2.59%(ATR)
    VWAP 21,847원 +0.01% ─홀드 (+0.000)
    ST 하락추세 ─홀드 (+0.000)
    RSI 44.0 (기준 30/74) ─홀드 (+0.000)
    BB 21,760~21,930원 현재 21,850원 ─홀드 (+0.000)  ← 중간 [─────●────] 53%
    DC  ─홀드  ← 미보유 또는 청산 조건 미해당 (+0.000)
    거래량  MA25대비 0.44x  〰(neutral) (+0.0000)  ← 임계 미달 (기준 ≥1.2/≤0.7x) → 중립
2026-10-02 12:50:00.208 | INFO     | stock_bot.news.crawler:fetch_naver_news:207 - news relevance filter: 3 → 1 (제외 2건) [034020]
2026-10-02 12:50:00.210 | INFO     | stock_bot.news.crawler:fetch_naver_news:212 - fetched 1 news items for 034020
2026-10-02 12:50:00.219 | DEBUG    | stock_bot.live.runner:_news_tick:840 - news 034020 new=0/1 (모두 중복)
2026-10-02 12:50:00.403 | INFO     | stock_bot.news.crawler:fetch_naver_news:207 - news relevance filter: 3 → 1 (제외 2건) [241560]
2026-10-02 12:50:00.405 | INFO     | stock_bot.news.crawler:fetch_naver_news:212 - fetched 1 news items for 241560
2026-10-02 12:50:00.413 | DEBUG    | stock_bot.live.runner:_news_tick:840 - news 241560 new=0/1 (모두 중복)
2026-10-02 12:50:00.608 | INFO     | stock_bot.news.crawler:fetch_naver_news:207 - news relevance filter: 3 → 1 (제외 2건) [123330]
2026-10-02 12:50:00.609 | INFO     | stock_bot.news.crawler:fetch_naver_news:212 - fetched 1 news items for 123330
2026-10-02 12:50:00.617 | DEBUG    | stock_bot.live.runner:_news_tick:840 - news 123330 new=0/1 (모두 중복)
2026-10-02 12:50:13.246 | INFO     | stock_bot.live.runner:_tick:1546 - 034020 두산에너빌리티 [ensemble] HOLD score=+0.14 B0/S0 | 현재가 80,600원 | 손절 -1.22%(ATR)
    VWAP 80,977원 -0.47% ─홀드 (+0.000)
    ST 하락추세 ─홀드 (+0.000)
    RSI 37.0 (기준 30/74) ─홀드 (+0.000)
    BB 80,661~81,169원 현재 80,600원 ─홀드 (+0.000)  ← 하단근접 [●──────────] -12%
    DC  ─홀드  ← 미보유 또는 청산 조건 미해당 (+0.000)
    거래량  MA25대비 1.98x  〰(neutral) (+0.0000)  ← 임계 미달 (기준 ≥1.2/≤0.7x) → 중립
    뉴스  bias=+0.140 (3건)
2026-10-02 12:50:20.788 | INFO     | stock_bot.live.runner:_tick:1546 - 241560 두산밥캣 [ensemble] HOLD score=+0.31 B1/S0 | 현재가 54,700원 | 손절 -1.75%(ATR)
    VWAP 54,892원 -0.35% ─홀드 (+0.000)
    ST 상승추세 ─홀드 (+0.000)
    RSI 45.5 (기준 30/74) ─홀드 (+0.000)
    BB 54,670~55,155원 현재 54,700원 ▲매수 (+0.212)
    DC  ─홀드  ← 미보유 또는 청산 조건 미해당 (+0.000)
    거래량  MA25대비 4.45x  ▲(boost) (+0.1000)  ← 점수 조정 +0.1000
2026-10-02 12:50:27.222 | INFO     | stock_bot.live.runner:_tick:1546 - 123330 제닉 [ensemble] HOLD score=+0.00 B0/S0 | 현재가 21,750원 | 손절 -2.57%(ATR)
    VWAP 21,847원 -0.44% ─홀드 (+0.000)
    ST 하락추세 ─홀드 (+0.000)
    RSI 39.8 (기준 30/74) ─홀드 (+0.000)
    BB 21,732~21,938원 현재 21,750원 ─홀드 (+0.000)  ← 하단근접 [●─────────] 9%
    DC  ─홀드  ← 미보유 또는 청산 조건 미해당 (+0.000)
    거래량  MA25대비 0.68x  〰(neutral) (+0.0000)  ← 임계 미달 (기준 ≥1.2/≤0.7x) → 중립
2026-10-02 12:55:00.182 | INFO     | stock_bot.news.crawler:fetch_naver_news:207 - news relevance filter: 4 → 1 (제외 3건) [034020]
2026-10-02 12:55:00.185 | INFO     | stock_bot.news.crawler:fetch_naver_news:212 - fetched 1 news items for 034020
2026-10-02 12:55:00.192 | DEBUG    | stock_bot.live.runner:_news_tick:840 - news 034020 new=0/1 (모두 중복)
2026-10-02 12:55:00.359 | INFO     | stock_bot.news.crawler:fetch_naver_news:207 - news relevance filter: 4 → 1 (제외 3건) [241560]
2026-10-02 12:55:00.361 | INFO     | stock_bot.news.crawler:fetch_naver_news:212 - fetched 1 news items for 241560
2026-10-02 12:55:00.370 | DEBUG    | stock_bot.live.runner:_news_tick:840 - news 241560 new=0/1 (모두 중복)
2026-10-02 12:55:00.540 | INFO     | stock_bot.news.crawler:fetch_naver_news:207 - news relevance filter: 3 → 1 (제외 2건) [123330]
2026-10-02 12:55:00.541 | INFO     | stock_bot.news.crawler:fetch_naver_news:212 - fetched 1 news items for 123330
2026-10-02 12:55:00.549 | DEBUG    | stock_bot.live.runner:_news_tick:840 - news 123330 new=0/1 (모두 중복)
2026-10-02 12:55:15.394 | INFO     | stock_bot.live.runner:_tick:1546 - 034020 두산에너빌리티 [ensemble] HOLD score=+0.14 B0/S0 | 현재가 80,500원 | 손절 -1.22%(ATR)
    VWAP 80,964원 -0.57% ─홀드 (+0.000)
    ST 하락추세 ─홀드 (+0.000)
    RSI 35.1 (기준 30/74) ─홀드 (+0.000)
    BB 80,552~81,218원 현재 80,500원 ─홀드 (+0.000)  ← 하단근접 [●─────────] -8%
    DC  ─홀드  ← 미보유 또는 청산 조건 미해당 (+0.000)
    거래량  MA25대비 1.73x  〰(neutral) (+0.0000)  ← 임계 미달 (기준 ≥1.2/≤0.7x) → 중립
    뉴스  bias=+0.140 (3건)
2026-10-02 12:55:29.276 | INFO     | stock_bot.live.runner:_tick:1546 - 241560 두산밥캣 [ensemble] HOLD score=+0.00 B0/S0 | 현재가 54,800원 | 손절 -1.75%(ATR)
    VWAP 54,890원 -0.16% ─홀드 (+0.000)
    ST 상승추세 ─홀드 (+0.000)
    RSI 48.4 (기준 30/74) ─홀드 (+0.000)
    BB 54,687~55,098원 현재 54,800원 ─홀드 (+0.000)  ← 중간 [──●───────] 28%
    DC  ─홀드  ← 미보유 또는 청산 조건 미해당 (+0.000)
    거래량  MA25대비 0.48x  〰(neutral) (+0.0000)  ← 임계 미달 (기준 ≥1.2/≤0.7x) → 중립
2026-10-02 12:55:39.399 | INFO     | stock_bot.live.runner:_tick:1546 - 123330 제닉 [ensemble] HOLD score=+0.00 B0/S0 | 현재가 21,800원 | 손절 -2.53%(ATR)
    VWAP 21,846원 -0.21% ─홀드 (+0.000)
    ST 하락추세 ─홀드 (+0.000)
    RSI 42.8 (기준 30/74) ─홀드 (+0.000)
    BB 21,737~21,933원 현재 21,800원 ─홀드 (+0.000)  ← 중간 [───●──────] 32%
    DC  ─홀드  ← 미보유 또는 청산 조건 미해당 (+0.000)
    거래량  MA25대비 0.63x  〰(neutral) (+0.0000)  ← 임계 미달 (기준 ≥1.2/≤0.7x) → 중립
2026-10-02 13:00:00.211 | INFO     | stock_bot.news.crawler:fetch_naver_news:207 - news relevance filter: 4 → 1 (제외 3건) [034020]
2026-10-02 13:00:00.214 | INFO     | stock_bot.news.crawler:fetch_naver_news:212 - fetched 1 news items for 034020
2026-10-02 13:00:00.222 | DEBUG    | stock_bot.live.runner:_news_tick:840 - news 034020 new=0/1 (모두 중복)
2026-10-02 13:00:00.377 | INFO     | stock_bot.news.crawler:fetch_naver_news:207 - news relevance filter: 4 → 1 (제외 3건) [241560]
2026-10-02 13:00:00.378 | INFO     | stock_bot.news.crawler:fetch_naver_news:212 - fetched 1 news items for 241560
2026-10-02 13:00:00.386 | DEBUG    | stock_bot.live.runner:_news_tick:840 - news 241560 new=0/1 (모두 중복)
2026-10-02 13:00:00.552 | INFO     | stock_bot.news.crawler:fetch_naver_news:207 - news relevance filter: 3 → 1 (제외 2건) [123330]
2026-10-02 13:00:00.554 | INFO     | stock_bot.news.crawler:fetch_naver_news:212 - fetched 1 news items for 123330
2026-10-02 13:00:00.563 | DEBUG    | stock_bot.live.runner:_news_tick:840 - news 123330 new=0/1 (모두 중복)
2026-10-02 13:00:10.562 | INFO     | stock_bot.live.runner:_tick:1546 - 034020 두산에너빌리티 [ensemble] HOLD score=+0.14 B0/S0 | 현재가 80,700원 | 손절 -1.21%(ATR)
    VWAP 80,947원 -0.31% ─홀드 (+0.000)
    ST 하락추세 ─홀드 (+0.000)
    RSI 41.5 (기준 30/74) ─홀드 (+0.000)
    BB 80,558~81,202원 현재 80,700원 ─홀드 (+0.000)  ← 하단근접 [──●───────] 22%
    DC  ─홀드  ← 미보유 또는 청산 조건 미해당 (+0.000)
    거래량  MA25대비 2.39x  〰(neutral) (+0.0000)  ← 임계 미달 (기준 ≥1.2/≤0.7x) → 중립
    뉴스  bias=+0.140 (3건)
2026-10-02 13:00:19.749 | INFO     | stock_bot.live.runner:_tick:1546 - 241560 두산밥캣 [ensemble] HOLD score=+0.00 B0/S0 | 현재가 54,700원 | 손절 -1.69%(ATR)
    VWAP 54,889원 -0.35% ─홀드 (+0.000)
    ST 상승추세 ─홀드 (+0.000)
    RSI 45.6 (기준 30/74) ─홀드 (+0.000)
    BB 54,679~55,086원 현재 54,700원 ─홀드 (+0.000)  ← 하단근접 [●─────────] 5%
    DC  ─홀드  ← 미보유 또는 청산 조건 미해당 (+0.000)
    거래량  MA25대비 0.09x  〰(neutral) (+0.0000)  ← 임계 미달 (기준 ≥1.2/≤0.7x) → 중립
2026-10-02 13:00:30.416 | INFO     | stock_bot.live.runner:_tick:1546 - 123330 제닉 [ensemble] HOLD score=+0.00 B0/S0 | 현재가 21,900원 | 손절 -2.58%(ATR)
    VWAP 21,846원 +0.25% ─홀드 (+0.000)
    ST 하락추세 ─홀드 (+0.000)
    RSI 48.2 (기준 30/74) ─홀드 (+0.000)
    BB 21,736~21,939원 현재 21,900원 ─홀드 (+0.000)  ← 상단근접 [────────●─] 81%
    DC  ─홀드  ← 미보유 또는 청산 조건 미해당 (+0.000)
    거래량  MA25대비 0.42x  〰(neutral) (+0.0000)  ← 임계 미달 (기준 ≥1.2/≤0.7x) → 중립
2026-10-02 13:05:00.161 | INFO     | stock_bot.news.crawler:fetch_naver_news:207 - news relevance filter: 4 → 1 (제외 3건) [034020]
2026-10-02 13:05:00.162 | INFO     | stock_bot.news.crawler:fetch_naver_news:212 - fetched 1 news items for 034020
2026-10-02 13:05:00.169 | DEBUG    | stock_bot.live.runner:_news_tick:840 - news 034020 new=0/1 (모두 중복)
2026-10-02 13:05:00.323 | INFO     | stock_bot.news.crawler:fetch_naver_news:207 - news relevance filter: 4 → 1 (제외 3건) [241560]
2026-10-02 13:05:00.324 | INFO     | stock_bot.news.crawler:fetch_naver_news:212 - fetched 1 news items for 241560
2026-10-02 13:05:00.331 | DEBUG    | stock_bot.live.runner:_news_tick:840 - news 241560 new=0/1 (모두 중복)
2026-10-02 13:05:00.494 | INFO     | stock_bot.news.crawler:fetch_naver_news:207 - news relevance filter: 3 → 1 (제외 2건) [123330]
2026-10-02 13:05:00.496 | INFO     | stock_bot.news.crawler:fetch_naver_news:212 - fetched 1 news items for 123330
2026-10-02 13:05:00.502 | DEBUG    | stock_bot.live.runner:_news_tick:840 - news 123330 new=0/1 (모두 중복)
2026-10-02 13:05:19.624 | INFO     | stock_bot.live.runner:_tick:1546 - 034020 두산에너빌리티 [ensemble] HOLD score=+0.14 B0/S0 | 현재가 80,600원 | 손절 -1.17%(ATR)
    VWAP 80,945원 -0.43% ─홀드 (+0.000)
    ST 하락추세 ─홀드 (+0.000)
    RSI 38.3 (기준 30/74) ─홀드 (+0.000)
    BB 80,508~81,222원 현재 80,600원 ─홀드 (+0.000)  ← 하단근접 [─●────────] 13%
    DC  ─홀드  ← 미보유 또는 청산 조건 미해당 (+0.000)
    거래량  MA25대비 0.34x  〰(neutral) (+0.0000)  ← 임계 미달 (기준 ≥1.2/≤0.7x) → 중립
    뉴스  bias=+0.140 (3건)
2026-10-02 13:05:30.767 | INFO     | stock_bot.live.runner:_tick:1546 - 241560 두산밥캣 [ensemble] HOLD score=+0.00 B0/S0 | 현재가 54,900원 | 손절 -1.69%(ATR)
    VWAP 54,885원 +0.03% ─홀드 (+0.000)
    ST 상승추세 ─홀드 (+0.000)
    RSI 51.3 (기준 30/74) ─홀드 (+0.000)
    BB 54,679~55,086원 현재 54,900원 ─홀드 (+0.000)  ← 중간 [─────●────] 54%
    DC  ─홀드  ← 미보유 또는 청산 조건 미해당 (+0.000)
    거래량  MA25대비 2.00x  〰(neutral) (+0.0000)  ← 임계 미달 (기준 ≥1.2/≤0.7x) → 중립
2026-10-02 13:05:38.273 | INFO     | stock_bot.live.runner:_tick:1546 - 123330 제닉 [ensemble] HOLD score=+0.00 B0/S0 | 현재가 21,800원 | 손절 -2.48%(ATR)
    VWAP 21,846원 -0.21% ─홀드 (+0.000)
    ST 하락추세 ─홀드 (+0.000)
    RSI 43.8 (기준 30/74) ─홀드 (+0.000)
    BB 21,732~21,938원 현재 21,800원 ─홀드 (+0.000)  ← 중간 [───●──────] 33%
    DC  ─홀드  ← 미보유 또는 청산 조건 미해당 (+0.000)
    거래량  MA25대비 0.94x  〰(neutral) (+0.0000)  ← 임계 미달 (기준 ≥1.2/≤0.7x) → 중립
2026-10-02 13:10:00.163 | INFO     | stock_bot.news.crawler:fetch_naver_news:207 - news relevance filter: 4 → 1 (제외 3건) [034020]
2026-10-02 13:10:00.164 | INFO     | stock_bot.news.crawler:fetch_naver_news:212 - fetched 1 news items for 034020
2026-10-02 13:10:00.171 | DEBUG    | stock_bot.live.runner:_news_tick:840 - news 034020 new=0/1 (모두 중복)
2026-10-02 13:10:00.313 | INFO     | stock_bot.news.crawler:fetch_naver_news:207 - news relevance filter: 4 → 1 (제외 3건) [241560]
2026-10-02 13:10:00.314 | INFO     | stock_bot.news.crawler:fetch_naver_news:212 - fetched 1 news items for 241560
2026-10-02 13:10:00.321 | DEBUG    | stock_bot.live.runner:_news_tick:840 - news 241560 new=0/1 (모두 중복)
2026-10-02 13:10:00.496 | INFO     | stock_bot.news.crawler:fetch_naver_news:207 - news relevance filter: 3 → 1 (제외 2건) [123330]
2026-10-02 13:10:00.497 | INFO     | stock_bot.news.crawler:fetch_naver_news:212 - fetched 1 news items for 123330
2026-10-02 13:10:00.502 | DEBUG    | stock_bot.live.runner:_news_tick:840 - news 123330 new=0/1 (모두 중복)
2026-10-02 13:10:16.308 | INFO     | stock_bot.live.runner:_tick:1546 - 034020 두산에너빌리티 [ensemble] HOLD score=+0.14 B0/S0 | 현재가 80,600원 | 손절 -1.13%(ATR)
    VWAP 80,935원 -0.41% ─홀드 (+0.000)
    ST 하락추세 ─홀드 (+0.000)
    RSI 39.4 (기준 30/74) ─홀드 (+0.000)
    BB 80,491~81,219원 현재 80,600원 ─홀드 (+0.000)  ← 하단근접 [─●────────] 15%
    DC  ─홀드  ← 미보유 또는 청산 조건 미해당 (+0.000)
    거래량  MA25대비 2.01x  〰(neutral) (+0.0000)  ← 임계 미달 (기준 ≥1.2/≤0.7x) → 중립
    뉴스  bias=+0.140 (3건)
2026-10-02 13:10:27.437 | INFO     | stock_bot.live.runner:_tick:1546 - 241560 두산밥캣 [ensemble] HOLD score=+0.00 B0/S0 | 현재가 54,900원 | 손절 -1.57%(ATR)
    VWAP 54,885원 +0.03% ─홀드 (+0.000)
    ST 상승추세 ─홀드 (+0.000)
    RSI 51.2 (기준 30/74) ─홀드 (+0.000)
    BB 54,679~55,086원 현재 54,900원 ─홀드 (+0.000)  ← 중간 [─────●────] 54%
    DC  ─홀드  ← 미보유 또는 청산 조건 미해당 (+0.000)
    거래량  MA25대비 0.73x  〰(neutral) (+0.0000)  ← 임계 미달 (기준 ≥1.2/≤0.7x) → 중립
2026-10-02 13:10:37.296 | INFO     | stock_bot.live.runner:_tick:1546 - 123330 제닉 [ensemble] HOLD score=+0.00 B0/S0 | 현재가 21,850원 | 손절 -2.45%(ATR)
    VWAP 21,846원 +0.02% ─홀드 (+0.000)
    ST 하락추세 ─홀드 (+0.000)
    RSI 46.3 (기준 30/74) ─홀드 (+0.000)
    BB 21,737~21,933원 현재 21,850원 ─홀드 (+0.000)  ← 중간 [─────●────] 58%
    DC  ─홀드  ← 미보유 또는 청산 조건 미해당 (+0.000)
    거래량  MA25대비 0.72x  〰(neutral) (+0.0000)  ← 임계 미달 (기준 ≥1.2/≤0.7x) → 중립
2026-10-02 13:15:00.177 | INFO     | stock_bot.news.crawler:fetch_naver_news:207 - news relevance filter: 4 → 1 (제외 3건) [034020]
2026-10-02 13:15:00.180 | INFO     | stock_bot.news.crawler:fetch_naver_news:212 - fetched 1 news items for 034020
2026-10-02 13:15:00.187 | DEBUG    | stock_bot.live.runner:_news_tick:840 - news 034020 new=0/1 (모두 중복)
2026-10-02 13:15:00.324 | INFO     | stock_bot.news.crawler:fetch_naver_news:207 - news relevance filter: 4 → 1 (제외 3건) [241560]
2026-10-02 13:15:00.325 | INFO     | stock_bot.news.crawler:fetch_naver_news:212 - fetched 1 news items for 241560
2026-10-02 13:15:00.331 | DEBUG    | stock_bot.live.runner:_news_tick:840 - news 241560 new=0/1 (모두 중복)
2026-10-02 13:15:00.467 | INFO     | stock_bot.news.crawler:fetch_naver_news:207 - news relevance filter: 3 → 1 (제외 2건) [123330]
2026-10-02 13:15:00.469 | INFO     | stock_bot.news.crawler:fetch_naver_news:212 - fetched 1 news items for 123330
2026-10-02 13:15:00.475 | DEBUG    | stock_bot.live.runner:_news_tick:840 - news 123330 new=0/1 (모두 중복)
2026-10-02 13:15:15.853 | INFO     | stock_bot.live.runner:_tick:1546 - 034020 두산에너빌리티 [ensemble] HOLD score=+0.14 B0/S0 | 현재가 80,700원 | 손절 -1.14%(ATR)
    VWAP 80,931원 -0.29% ─홀드 (+0.000)
    ST 하락추세 ─홀드 (+0.000)
    RSI 41.6 (기준 30/74) ─홀드 (+0.000)
    BB 80,492~81,208원 현재 80,700원 ─홀드 (+0.000)  ← 중간 [──●───────] 29%
    DC  ─홀드  ← 미보유 또는 청산 조건 미해당 (+0.000)
    거래량  MA25대비 0.98x  〰(neutral) (+0.0000)  ← 임계 미달 (기준 ≥1.2/≤0.7x) → 중립
    뉴스  bias=+0.140 (3건)
2026-10-02 13:15:25.427 | INFO     | stock_bot.live.runner:_tick:1546 - 241560 두산밥캣 [ensemble] HOLD score=+0.00 B0/S0 | 현재가 54,900원 | 손절 -1.59%(ATR)
    VWAP 54,884원 +0.03% ─홀드 (+0.000)
    ST 상승추세 ─홀드 (+0.000)
    RSI 51.3 (기준 30/74) ─홀드 (+0.000)
    BB 54,671~55,084원 현재 54,900원 ─홀드 (+0.000)  ← 중간 [─────●────] 55%
    DC  ─홀드  ← 미보유 또는 청산 조건 미해당 (+0.000)
    거래량  MA25대비 0.64x  〰(neutral) (+0.0000)  ← 임계 미달 (기준 ≥1.2/≤0.7x) → 중립
2026-10-02 13:15:35.959 | INFO     | stock_bot.live.runner:_tick:1546 - 123330 제닉 [ensemble] HOLD score=+0.00 B0/S0 | 현재가 21,800원 | 손절 -2.37%(ATR)
    VWAP 21,846원 -0.21% ─홀드 (+0.000)
    ST 하락추세 ─홀드 (+0.000)
    RSI 44.1 (기준 30/74) ─홀드 (+0.000)
    BB 21,736~21,924원 현재 21,800원 ─홀드 (+0.000)  ← 중간 [───●──────] 34%
    DC  ─홀드  ← 미보유 또는 청산 조건 미해당 (+0.000)
    거래량  MA25대비 0.42x  〰(neutral) (+0.0000)  ← 임계 미달 (기준 ≥1.2/≤0.7x) → 중립
2026-10-02 13:20:00.143 | INFO     | stock_bot.news.crawler:fetch_naver_news:207 - news relevance filter: 4 → 1 (제외 3건) [034020]
2026-10-02 13:20:00.145 | INFO     | stock_bot.news.crawler:fetch_naver_news:212 - fetched 1 news items for 034020
2026-10-02 13:20:00.150 | DEBUG    | stock_bot.live.runner:_news_tick:840 - news 034020 new=0/1 (모두 중복)
2026-10-02 13:20:00.286 | INFO     | stock_bot.news.crawler:fetch_naver_news:207 - news relevance filter: 4 → 1 (제외 3건) [241560]
2026-10-02 13:20:00.287 | INFO     | stock_bot.news.crawler:fetch_naver_news:212 - fetched 1 news items for 241560
2026-10-02 13:20:00.294 | DEBUG    | stock_bot.live.runner:_news_tick:840 - news 241560 new=0/1 (모두 중복)
2026-10-02 13:20:00.426 | INFO     | stock_bot.news.crawler:fetch_naver_news:207 - news relevance filter: 3 → 1 (제외 2건) [123330]
2026-10-02 13:20:00.428 | INFO     | stock_bot.news.crawler:fetch_naver_news:212 - fetched 1 news items for 123330
2026-10-02 13:20:00.434 | DEBUG    | stock_bot.live.runner:_news_tick:840 - news 123330 new=0/1 (모두 중복)
2026-10-02 13:20:06.387 | INFO     | stock_bot.live.runner:_tick:1546 - 034020 두산에너빌리티 [ensemble] HOLD score=+0.14 B0/S0 | 현재가 80,600원 | 손절 -1.10%(ATR)
    VWAP 80,928원 -0.41% ─홀드 (+0.000)
    ST 하락추세 ─홀드 (+0.000)
    RSI 39.4 (기준 30/74) ─홀드 (+0.000)
    BB 80,447~81,203원 현재 80,600원 ─홀드 (+0.000)  ← 하단근접 [──●───────] 20%
    DC  ─홀드  ← 미보유 또는 청산 조건 미해당 (+0.000)
    거래량  MA25대비 0.68x  〰(neutral) (+0.0000)  ← 임계 미달 (기준 ≥1.2/≤0.7x) → 중립
    뉴스  bias=+0.140 (3건)
2026-10-02 13:20:11.512 | INFO     | stock_bot.live.runner:_tick:1546 - 241560 두산밥캣 [ensemble] HOLD score=+0.00 B0/S0 | 현재가 54,900원 | 손절 -1.47%(ATR)
    VWAP 54,884원 +0.03% ─홀드 (+0.000)
    ST 상승추세 ─홀드 (+0.000)
    RSI 51.3 (기준 30/74) ─홀드 (+0.000)
    BB 54,674~55,071원 현재 54,900원 ─홀드 (+0.000)  ← 중간 [─────●────] 57%
    DC  ─홀드  ← 미보유 또는 청산 조건 미해당 (+0.000)
    거래량  MA25대비 0.20x  〰(neutral) (+0.0000)  ← 임계 미달 (기준 ≥1.2/≤0.7x) → 중립
2026-10-02 13:20:17.280 | INFO     | stock_bot.live.runner:_tick:1546 - 123330 제닉 [ensemble] HOLD score=+0.00 B0/S0 | 현재가 21,800원 | 손절 -2.27%(ATR)
    VWAP 21,846원 -0.21% ─홀드 (+0.000)
    ST 하락추세 ─홀드 (+0.000)
    RSI 44.1 (기준 30/74) ─홀드 (+0.000)
    BB 21,733~21,922원 현재 21,800원 ─홀드 (+0.000)  ← 중간 [───●──────] 35%
    DC  ─홀드  ← 미보유 또는 청산 조건 미해당 (+0.000)
    거래량  MA25대비 0.61x  〰(neutral) (+0.0000)  ← 임계 미달 (기준 ≥1.2/≤0.7x) → 중립
2026-10-02 13:25:00.142 | INFO     | stock_bot.news.crawler:fetch_naver_news:207 - news relevance filter: 4 → 1 (제외 3건) [034020]
2026-10-02 13:25:00.143 | INFO     | stock_bot.news.crawler:fetch_naver_news:212 - fetched 1 news items for 034020
2026-10-02 13:25:00.148 | DEBUG    | stock_bot.live.runner:_news_tick:840 - news 034020 new=0/1 (모두 중복)
2026-10-02 13:25:00.295 | INFO     | stock_bot.news.crawler:fetch_naver_news:207 - news relevance filter: 4 → 1 (제외 3건) [241560]
2026-10-02 13:25:00.296 | INFO     | stock_bot.news.crawler:fetch_naver_news:212 - fetched 1 news items for 241560
2026-10-02 13:25:00.302 | DEBUG    | stock_bot.live.runner:_news_tick:840 - news 241560 new=0/1 (모두 중복)
2026-10-02 13:25:00.479 | INFO     | stock_bot.news.crawler:fetch_naver_news:207 - news relevance filter: 3 → 1 (제외 2건) [123330]
2026-10-02 13:25:00.480 | INFO     | stock_bot.news.crawler:fetch_naver_news:212 - fetched 1 news items for 123330
2026-10-02 13:25:00.486 | DEBUG    | stock_bot.live.runner:_news_tick:840 - news 123330 new=0/1 (모두 중복)
2026-10-02 13:25:14.838 | INFO     | stock_bot.live.runner:_tick:1546 - 034020 두산에너빌리티 [ensemble] HOLD score=+0.14 B0/S0 | 현재가 80,700원 | 손절 -1.14%(ATR)
    VWAP 80,925원 -0.28% ─홀드 (+0.000)
    ST 하락추세 ─홀드 (+0.000)
    RSI 42.7 (기준 30/74) ─홀드 (+0.000)
    BB 80,452~81,178원 현재 80,700원 ─홀드 (+0.000)  ← 중간 [───●──────] 34%
    DC  ─홀드  ← 미보유 또는 청산 조건 미해당 (+0.000)
    거래량  MA25대비 0.84x  〰(neutral) (+0.0000)  ← 임계 미달 (기준 ≥1.2/≤0.7x) → 중립
    뉴스  bias=+0.140 (3건)
2026-10-02 13:25:21.681 | INFO     | stock_bot.live.runner:_tick:1546 - 241560 두산밥캣 [ensemble] HOLD score=+0.00 B0/S0 | 현재가 54,800원 | 손절 -1.50%(ATR)
    VWAP 54,884원 -0.15% ─홀드 (+0.000)
    ST 상승추세 ─홀드 (+0.000)
    RSI 48.4 (기준 30/74) ─홀드 (+0.000)
    BB 54,674~55,071원 현재 54,800원 ─홀드 (+0.000)  ← 중간 [───●──────] 32%
    DC  ─홀드  ← 미보유 또는 청산 조건 미해당 (+0.000)
    거래량  MA25대비 0.27x  〰(neutral) (+0.0000)  ← 임계 미달 (기준 ≥1.2/≤0.7x) → 중립
2026-10-02 13:25:27.119 | INFO     | stock_bot.live.runner:_tick:1546 - 123330 제닉 [ensemble] HOLD score=+0.00 B0/S0 | 현재가 21,900원 | 손절 -2.33%(ATR)
    VWAP 21,846원 +0.25% ─홀드 (+0.000)
    ST 하락추세 ─홀드 (+0.000)
    RSI 49.2 (기준 30/74) ─홀드 (+0.000)
    BB 21,734~21,931원 현재 21,900원 ─홀드 (+0.000)  ← 상단근접 [────────●─] 84%
    DC  ─홀드  ← 미보유 또는 청산 조건 미해당 (+0.000)
    거래량  MA25대비 0.75x  〰(neutral) (+0.0000)  ← 임계 미달 (기준 ≥1.2/≤0.7x) → 중립
2026-10-02 13:30:00.154 | INFO     | stock_bot.news.crawler:fetch_naver_news:207 - news relevance filter: 4 → 1 (제외 3건) [034020]
2026-10-02 13:30:00.155 | INFO     | stock_bot.news.crawler:fetch_naver_news:212 - fetched 1 news items for 034020
2026-10-02 13:30:00.164 | DEBUG    | stock_bot.live.runner:_news_tick:840 - news 034020 new=0/1 (모두 중복)
2026-10-02 13:30:00.289 | INFO     | stock_bot.news.crawler:fetch_naver_news:207 - news relevance filter: 4 → 1 (제외 3건) [241560]
2026-10-02 13:30:00.290 | INFO     | stock_bot.news.crawler:fetch_naver_news:212 - fetched 1 news items for 241560
2026-10-02 13:30:00.296 | DEBUG    | stock_bot.live.runner:_news_tick:840 - news 241560 new=0/1 (모두 중복)
2026-10-02 13:30:00.444 | INFO     | stock_bot.news.crawler:fetch_naver_news:207 - news relevance filter: 3 → 1 (제외 2건) [123330]
2026-10-02 13:30:00.445 | INFO     | stock_bot.news.crawler:fetch_naver_news:212 - fetched 1 news items for 123330
2026-10-02 13:30:00.451 | DEBUG    | stock_bot.live.runner:_news_tick:840 - news 123330 new=0/1 (모두 중복)
2026-10-02 13:30:24.063 | INFO     | stock_bot.live.runner:_tick:1546 - 034020 두산에너빌리티 [ensemble] HOLD score=+0.14 B0/S0 | 현재가 80,800원 | 손절 -1.11%(ATR)
    VWAP 80,924원 -0.15% ─홀드 (+0.000)
    ST 하락추세 ─홀드 (+0.000)
    RSI 45.9 (기준 30/74) ─홀드 (+0.000)
    BB 80,449~81,171원 현재 80,800원 ─홀드 (+0.000)  ← 중간 [────●─────] 49%
    DC  ─홀드  ← 미보유 또는 청산 조건 미해당 (+0.000)
    거래량  MA25대비 0.42x  〰(neutral) (+0.0000)  ← 임계 미달 (기준 ≥1.2/≤0.7x) → 중립
    뉴스  bias=+0.140 (3건)
2026-10-02 13:30:33.935 | INFO     | stock_bot.live.runner:_tick:1546 - 241560 두산밥캣 [ensemble] HOLD score=+0.00 B0/S0 | 현재가 54,900원 | 손절 -1.39%(ATR)
    VWAP 54,884원 +0.03% ─홀드 (+0.000)
    ST 상승추세 ─홀드 (+0.000)
    RSI 51.3 (기준 30/74) ─홀드 (+0.000)
    BB 54,682~55,073원 현재 54,900원 ─홀드 (+0.000)  ← 중간 [─────●────] 56%
    DC  ─홀드  ← 미보유 또는 청산 조건 미해당 (+0.000)
    거래량  MA25대비 0.56x  〰(neutral) (+0.0000)  ← 임계 미달 (기준 ≥1.2/≤0.7x) → 중립
2026-10-02 13:30:43.272 | INFO     | stock_bot.live.runner:_tick:1546 - 123330 제닉 [ensemble] HOLD score=+0.00 B0/S0 | 현재가 21,750원 | 손절 -2.42%(ATR)
    VWAP 21,846원 -0.44% ─홀드 (+0.000)
    ST 하락추세 ─홀드 (+0.000)
    RSI 42.9 (기준 30/74) ─홀드 (+0.000)
    BB 21,725~21,925원 현재 21,750원 ─홀드 (+0.000)  ← 하단근접 [─●────────] 13%
    DC  ─홀드  ← 미보유 또는 청산 조건 미해당 (+0.000)
    거래량  MA25대비 1.62x  〰(neutral) (+0.0000)  ← 임계 미달 (기준 ≥1.2/≤0.7x) → 중립
2026-10-02 13:35:00.152 | INFO     | stock_bot.news.crawler:fetch_naver_news:207 - news relevance filter: 4 → 1 (제외 3건) [034020]
2026-10-02 13:35:00.153 | INFO     | stock_bot.news.crawler:fetch_naver_news:212 - fetched 1 news items for 034020
2026-10-02 13:35:00.159 | DEBUG    | stock_bot.live.runner:_news_tick:840 - news 034020 new=0/1 (모두 중복)
2026-10-02 13:35:00.292 | INFO     | stock_bot.news.crawler:fetch_naver_news:207 - news relevance filter: 4 → 1 (제외 3건) [241560]
2026-10-02 13:35:00.293 | INFO     | stock_bot.news.crawler:fetch_naver_news:212 - fetched 1 news items for 241560
2026-10-02 13:35:00.299 | DEBUG    | stock_bot.live.runner:_news_tick:840 - news 241560 new=0/1 (모두 중복)
2026-10-02 13:35:00.439 | INFO     | stock_bot.news.crawler:fetch_naver_news:207 - news relevance filter: 3 → 1 (제외 2건) [123330]
2026-10-02 13:35:00.440 | INFO     | stock_bot.news.crawler:fetch_naver_news:212 - fetched 1 news items for 123330
2026-10-02 13:35:00.446 | DEBUG    | stock_bot.live.runner:_news_tick:840 - news 123330 new=0/1 (모두 중복)
2026-10-02 13:35:16.221 | INFO     | stock_bot.live.runner:_tick:1546 - 034020 두산에너빌리티 [ensemble] HOLD score=+0.14 B0/S0 | 현재가 81,100원 | 손절 -1.23%(ATR)
    VWAP 80,928원 +0.21% ─홀드 (+0.000)
    ST 하락추세 ─홀드 (+0.000)
    RSI 53.8 (기준 30/74) ─홀드 (+0.000)
    BB 80,434~81,236원 현재 81,100원 ─홀드 (+0.000)  ← 상단근접 [────────●─] 83%
    DC  ─홀드  ← 미보유 또는 청산 조건 미해당 (+0.000)
    거래량  MA25대비 3.40x  〰(neutral) (+0.0000)  ← 임계 미달 (기준 ≥1.2/≤0.7x) → 중립
    뉴스  bias=+0.140 (3건)
2026-10-02 13:35:25.576 | INFO     | stock_bot.live.runner:_tick:1546 - 241560 두산밥캣 [ensemble] HOLD score=+0.00 B0/S0 | 현재가 54,800원 | 손절 -1.41%(ATR)
    VWAP 54,883원 -0.15% ─홀드 (+0.000)
    ST 상승추세 ─홀드 (+0.000)
    RSI 48.2 (기준 30/74) ─홀드 (+0.000)
    BB 54,678~55,057원 현재 54,800원 ─홀드 (+0.000)  ← 중간 [───●──────] 32%
    DC  ─홀드  ← 미보유 또는 청산 조건 미해당 (+0.000)
    거래량  MA25대비 0.28x  〰(neutral) (+0.0000)  ← 임계 미달 (기준 ≥1.2/≤0.7x) → 중립
2026-10-02 13:35:34.073 | INFO     | stock_bot.live.runner:_tick:1546 - 123330 제닉 [ensemble] HOLD score=+0.00 B0/S0 | 현재가 21,750원 | 손절 -2.24%(ATR)
    VWAP 21,846원 -0.44% ─홀드 (+0.000)
    ST 하락추세 ─홀드 (+0.000)
    RSI 42.9 (기준 30/74) ─홀드 (+0.000)
    BB 21,715~21,925원 현재 21,750원 ─홀드 (+0.000)  ← 하단근접 [─●────────] 17%
    DC  ─홀드  ← 미보유 또는 청산 조건 미해당 (+0.000)
    거래량  MA25대비 0.36x  〰(neutral) (+0.0000)  ← 임계 미달 (기준 ≥1.2/≤0.7x) → 중립
2026-10-02 13:40:00.166 | INFO     | stock_bot.news.crawler:fetch_naver_news:207 - news relevance filter: 4 → 1 (제외 3건) [034020]
2026-10-02 13:40:00.167 | INFO     | stock_bot.news.crawler:fetch_naver_news:212 - fetched 1 news items for 034020
2026-10-02 13:40:00.173 | DEBUG    | stock_bot.live.runner:_news_tick:840 - news 034020 new=0/1 (모두 중복)
2026-10-02 13:40:00.302 | INFO     | stock_bot.news.crawler:fetch_naver_news:207 - news relevance filter: 4 → 1 (제외 3건) [241560]
2026-10-02 13:40:00.302 | INFO     | stock_bot.news.crawler:fetch_naver_news:212 - fetched 1 news items for 241560
2026-10-02 13:40:00.308 | DEBUG    | stock_bot.live.runner:_news_tick:840 - news 241560 new=0/1 (모두 중복)
2026-10-02 13:40:00.434 | INFO     | stock_bot.news.crawler:fetch_naver_news:207 - news relevance filter: 3 → 1 (제외 2건) [123330]
2026-10-02 13:40:00.435 | INFO     | stock_bot.news.crawler:fetch_naver_news:212 - fetched 1 news items for 123330
2026-10-02 13:40:00.441 | DEBUG    | stock_bot.live.runner:_news_tick:840 - news 123330 new=0/1 (모두 중복)
2026-10-02 13:40:12.067 | INFO     | stock_bot.live.runner:_tick:1546 - 034020 두산에너빌리티 [ensemble] HOLD score=+0.14 B0/S0 | 현재가 81,000원 | 손절 -1.23%(ATR)
    VWAP 80,929원 +0.09% ─홀드 (+0.000)
    ST 하락추세 ─홀드 (+0.000)
    RSI 51.1 (기준 30/74) ─홀드 (+0.000)
    BB 80,450~81,190원 현재 81,000원 ─홀드 (+0.000)  ← 중간 [───────●──] 74%
    DC  ─홀드  ← 미보유 또는 청산 조건 미해당 (+0.000)
    거래량  MA25대비 0.67x  〰(neutral) (+0.0000)  ← 임계 미달 (기준 ≥1.2/≤0.7x) → 중립
    뉴스  bias=+0.140 (3건)
2026-10-02 13:40:27.202 | INFO     | stock_bot.live.runner:_tick:1546 - 241560 두산밥캣 [ensemble] HOLD score=+0.00 B0/S0 | 현재가 54,900원 | 손절 -1.38%(ATR)
    VWAP 54,882원 +0.03% ─홀드 (+0.000)
    ST 상승추세 ─홀드 (+0.000)
    RSI 51.4 (기준 30/74) ─홀드 (+0.000)
    BB 54,695~55,010원 현재 54,900원 ─홀드 (+0.000)  ← 중간 [──────●───] 65%
    DC  ─홀드  ← 미보유 또는 청산 조건 미해당 (+0.000)
    거래량  MA25대비 0.78x  〰(neutral) (+0.0000)  ← 임계 미달 (기준 ≥1.2/≤0.7x) → 중립
2026-10-02 13:40:38.053 | INFO     | stock_bot.live.runner:_tick:1546 - 123330 제닉 [ensemble] HOLD score=+0.00 B0/S0 | 현재가 21,800원 | 손절 -2.31%(ATR)
    VWAP 21,846원 -0.21% ─홀드 (+0.000)
    ST 하락추세 ─홀드 (+0.000)
    RSI 45.7 (기준 30/74) ─홀드 (+0.000)
    BB 21,723~21,922원 현재 21,800원 ─홀드 (+0.000)  ← 중간 [───●──────] 39%
    DC  ─홀드  ← 미보유 또는 청산 조건 미해당 (+0.000)
    거래량  MA25대비 1.60x  〰(neutral) (+0.0000)  ← 임계 미달 (기준 ≥1.2/≤0.7x) → 중립
2026-10-02 13:45:00.143 | INFO     | stock_bot.news.crawler:fetch_naver_news:207 - news relevance filter: 4 → 1 (제외 3건) [034020]
2026-10-02 13:45:00.144 | INFO     | stock_bot.news.crawler:fetch_naver_news:212 - fetched 1 news items for 034020
2026-10-02 13:45:00.150 | DEBUG    | stock_bot.live.runner:_news_tick:840 - news 034020 new=0/1 (모두 중복)
2026-10-02 13:45:00.288 | INFO     | stock_bot.news.crawler:fetch_naver_news:207 - news relevance filter: 4 → 1 (제외 3건) [241560]
2026-10-02 13:45:00.289 | INFO     | stock_bot.news.crawler:fetch_naver_news:212 - fetched 1 news items for 241560
2026-10-02 13:45:00.294 | DEBUG    | stock_bot.live.runner:_news_tick:840 - news 241560 new=0/1 (모두 중복)
2026-10-02 13:45:00.429 | INFO     | stock_bot.news.crawler:fetch_naver_news:207 - news relevance filter: 3 → 1 (제외 2건) [123330]
2026-10-02 13:45:00.430 | INFO     | stock_bot.news.crawler:fetch_naver_news:212 - fetched 1 news items for 123330
2026-10-02 13:45:00.436 | DEBUG    | stock_bot.live.runner:_news_tick:840 - news 123330 new=0/1 (모두 중복)
2026-10-02 13:45:11.670 | INFO     | stock_bot.live.runner:_tick:1546 - 034020 두산에너빌리티 [ensemble] HOLD score=+0.14 B0/S0 | 현재가 80,900원 | 손절 -1.19%(ATR)
    VWAP 80,929원 -0.04% ─홀드 (+0.000)
    ST 하락추세 ─홀드 (+0.000)
    RSI 48.9 (기준 30/74) ─홀드 (+0.000)
    BB 80,465~81,145원 현재 80,900원 ─홀드 (+0.000)  ← 중간 [──────●───] 64%
    DC  ─홀드  ← 미보유 또는 청산 조건 미해당 (+0.000)
    거래량  MA25대비 0.61x  〰(neutral) (+0.0000)  ← 임계 미달 (기준 ≥1.2/≤0.7x) → 중립
    뉴스  bias=+0.140 (3건)
2026-10-02 13:45:19.011 | INFO     | stock_bot.live.runner:_tick:1546 - 241560 두산밥캣 [ensemble] HOLD score=+0.00 B0/S0 | 현재가 54,900원 | 손절 -1.34%(ATR)
    VWAP 54,882원 +0.03% ─홀드 (+0.000)
    ST 상승추세 ─홀드 (+0.000)
    RSI 51.5 (기준 30/74) ─홀드 (+0.000)
    BB 54,698~55,002원 현재 54,900원 ─홀드 (+0.000)  ← 중간 [──────●───] 66%
    DC  ─홀드  ← 미보유 또는 청산 조건 미해당 (+0.000)
    거래량  MA25대비 0.40x  〰(neutral) (+0.0000)  ← 임계 미달 (기준 ≥1.2/≤0.7x) → 중립
2026-10-02 13:45:24.786 | INFO     | stock_bot.live.runner:_tick:1546 - 123330 제닉 [ensemble] HOLD score=+0.00 B0/S0 | 현재가 21,800원 | 손절 -2.23%(ATR)
    VWAP 21,846원 -0.21% ─홀드 (+0.000)
    ST 하락추세 ─홀드 (+0.000)
    RSI 45.7 (기준 30/74) ─홀드 (+0.000)
    BB 21,725~21,925원 현재 21,800원 ─홀드 (+0.000)  ← 중간 [───●──────] 38%
    DC  ─홀드  ← 미보유 또는 청산 조건 미해당 (+0.000)
    거래량  MA25대비 1.54x  〰(neutral) (+0.0000)  ← 임계 미달 (기준 ≥1.2/≤0.7x) → 중립
2026-10-02 13:50:00.189 | INFO     | stock_bot.news.crawler:fetch_naver_news:207 - news relevance filter: 4 → 1 (제외 3건) [034020]
2026-10-02 13:50:00.191 | INFO     | stock_bot.news.crawler:fetch_naver_news:212 - fetched 1 news items for 034020
2026-10-02 13:50:00.198 | DEBUG    | stock_bot.live.runner:_news_tick:840 - news 034020 new=0/1 (모두 중복)
2026-10-02 13:50:00.340 | INFO     | stock_bot.news.crawler:fetch_naver_news:207 - news relevance filter: 4 → 1 (제외 3건) [241560]
2026-10-02 13:50:00.341 | INFO     | stock_bot.news.crawler:fetch_naver_news:212 - fetched 1 news items for 241560
2026-10-02 13:50:00.348 | DEBUG    | stock_bot.live.runner:_news_tick:840 - news 241560 new=0/1 (모두 중복)
2026-10-02 13:50:00.502 | INFO     | stock_bot.news.crawler:fetch_naver_news:207 - news relevance filter: 3 → 1 (제외 2건) [123330]
2026-10-02 13:50:00.502 | INFO     | stock_bot.news.crawler:fetch_naver_news:212 - fetched 1 news items for 123330
2026-10-02 13:50:00.508 | DEBUG    | stock_bot.live.runner:_news_tick:840 - news 123330 new=0/1 (모두 중복)
2026-10-02 13:50:03.179 | INFO     | stock_bot.live.runner:_tick:1546 - 034020 두산에너빌리티 [ensemble] HOLD score=+0.14 B0/S0 | 현재가 80,800원 | 손절 -1.14%(ATR)
    VWAP 80,928원 -0.16% ─홀드 (+0.000)
    ST 하락추세 ─홀드 (+0.000)
    RSI 46.4 (기준 30/74) ─홀드 (+0.000)
    BB 80,479~81,091원 현재 80,800원 ─홀드 (+0.000)  ← 중간 [─────●────] 52%
    DC  ─홀드  ← 미보유 또는 청산 조건 미해당 (+0.000)
    거래량  MA25대비 1.17x  〰(neutral) (+0.0000)  ← 임계 미달 (기준 ≥1.2/≤0.7x) → 중립
    뉴스  bias=+0.140 (3건)
2026-10-02 13:50:05.492 | INFO     | stock_bot.live.runner:_tick:1546 - 241560 두산밥캣 [ensemble] HOLD score=+0.00 B0/S0 | 현재가 54,800원 | 손절 -1.31%(ATR)
    VWAP 54,882원 -0.15% ─홀드 (+0.000)
    ST 상승추세 ─홀드 (+0.000)
    RSI 48.2 (기준 30/74) ─홀드 (+0.000)
    BB 54,704~54,976원 현재 54,800원 ─홀드 (+0.000)  ← 중간 [───●──────] 35%
    DC  ─홀드  ← 미보유 또는 청산 조건 미해당 (+0.000)
    거래량  MA25대비 0.58x  〰(neutral) (+0.0000)  ← 임계 미달 (기준 ≥1.2/≤0.7x) → 중립
2026-10-02 13:50:07.874 | INFO     | stock_bot.live.runner:_tick:1546 - 123330 제닉 [ensemble] HOLD score=+0.00 B0/S0 | 현재가 21,800원 | 손절 -2.15%(ATR)
    VWAP 21,846원 -0.21% ─홀드 (+0.000)
    ST 하락추세 ─홀드 (+0.000)
    RSI 45.6 (기준 30/74) ─홀드 (+0.000)
    BB 21,733~21,922원 현재 21,800원 ─홀드 (+0.000)  ← 중간 [───●──────] 35%
    DC  ─홀드  ← 미보유 또는 청산 조건 미해당 (+0.000)
    거래량  MA25대비 0.57x  〰(neutral) (+0.0000)  ← 임계 미달 (기준 ≥1.2/≤0.7x) → 중립
2026-10-02 13:55:00.209 | INFO     | stock_bot.news.crawler:fetch_naver_news:207 - news relevance filter: 4 → 1 (제외 3건) [034020]
2026-10-02 13:55:00.210 | INFO     | stock_bot.news.crawler:fetch_naver_news:212 - fetched 1 news items for 034020
2026-10-02 13:55:00.217 | DEBUG    | stock_bot.live.runner:_news_tick:840 - news 034020 new=0/1 (모두 중복)
2026-10-02 13:55:00.351 | INFO     | stock_bot.news.crawler:fetch_naver_news:207 - news relevance filter: 4 → 1 (제외 3건) [241560]
2026-10-02 13:55:00.352 | INFO     | stock_bot.news.crawler:fetch_naver_news:212 - fetched 1 news items for 241560
2026-10-02 13:55:00.358 | DEBUG    | stock_bot.live.runner:_news_tick:840 - news 241560 new=0/1 (모두 중복)
2026-10-02 13:55:00.487 | INFO     | stock_bot.news.crawler:fetch_naver_news:207 - news relevance filter: 3 → 1 (제외 2건) [123330]
2026-10-02 13:55:00.488 | INFO     | stock_bot.news.crawler:fetch_naver_news:212 - fetched 1 news items for 123330
2026-10-02 13:55:00.494 | DEBUG    | stock_bot.live.runner:_news_tick:840 - news 123330 new=0/1 (모두 중복)
2026-10-02 13:55:09.172 | INFO     | stock_bot.live.runner:_tick:1546 - 034020 두산에너빌리티 [ensemble] HOLD score=+0.14 B0/S0 | 현재가 80,900원 | 손절 -1.15%(ATR)
    VWAP 80,927원 -0.03% ─홀드 (+0.000)
    ST 하락추세 ─홀드 (+0.000)
    RSI 49.0 (기준 30/74) ─홀드 (+0.000)
    BB 80,486~81,084원 현재 80,900원 ─홀드 (+0.000)  ← 중간 [──────●───] 69%
    DC  ─홀드  ← 미보유 또는 청산 조건 미해당 (+0.000)
    거래량  MA25대비 0.69x  〰(neutral) (+0.0000)  ← 임계 미달 (기준 ≥1.2/≤0.7x) → 중립
    뉴스  bias=+0.140 (3건)
2026-10-02 13:55:14.924 | INFO     | stock_bot.live.runner:_tick:1546 - 241560 두산밥캣 [ensemble] HOLD score=+0.00 B0/S0 | 현재가 54,800원 | 손절 -1.22%(ATR)
    VWAP 54,882원 -0.15% ─홀드 (+0.000)
    ST 상승추세 ─홀드 (+0.000)
    RSI 48.2 (기준 30/74) ─홀드 (+0.000)
    BB 54,704~54,976원 현재 54,800원 ─홀드 (+0.000)  ← 중간 [───●──────] 35%
    DC  ─홀드  ← 미보유 또는 청산 조건 미해당 (+0.000)
    거래량  MA25대비 0.44x  〰(neutral) (+0.0000)  ← 임계 미달 (기준 ≥1.2/≤0.7x) → 중립
2026-10-02 13:55:20.975 | INFO     | stock_bot.live.runner:_tick:1546 - 123330 제닉 [ensemble] HOLD score=+0.00 B0/S0 | 현재가 21,800원 | 손절 -2.15%(ATR)
    VWAP 21,845원 -0.21% ─홀드 (+0.000)
    ST 하락추세 ─홀드 (+0.000)
    RSI 45.9 (기준 30/74) ─홀드 (+0.000)
    BB 21,745~21,920원 현재 21,800원 ─홀드 (+0.000)  ← 중간 [───●──────] 31%
    DC  ─홀드  ← 미보유 또는 청산 조건 미해당 (+0.000)
    거래량  MA25대비 0.44x  〰(neutral) (+0.0000)  ← 임계 미달 (기준 ≥1.2/≤0.7x) → 중립
2026-10-02 14:00:00.151 | INFO     | stock_bot.news.crawler:fetch_naver_news:207 - news relevance filter: 4 → 1 (제외 3건) [034020]
2026-10-02 14:00:00.152 | INFO     | stock_bot.news.crawler:fetch_naver_news:212 - fetched 1 news items for 034020
2026-10-02 14:00:00.158 | DEBUG    | stock_bot.live.runner:_news_tick:840 - news 034020 new=0/1 (모두 중복)
2026-10-02 14:00:00.307 | INFO     | stock_bot.news.crawler:fetch_naver_news:207 - news relevance filter: 4 → 1 (제외 3건) [241560]
2026-10-02 14:00:00.308 | INFO     | stock_bot.news.crawler:fetch_naver_news:212 - fetched 1 news items for 241560
2026-10-02 14:00:00.314 | DEBUG    | stock_bot.live.runner:_news_tick:840 - news 241560 new=0/1 (모두 중복)
2026-10-02 14:00:00.444 | INFO     | stock_bot.news.crawler:fetch_naver_news:207 - news relevance filter: 3 → 1 (제외 2건) [123330]
2026-10-02 14:00:00.445 | INFO     | stock_bot.news.crawler:fetch_naver_news:212 - fetched 1 news items for 123330
2026-10-02 14:00:00.451 | DEBUG    | stock_bot.live.runner:_news_tick:840 - news 123330 new=0/1 (모두 중복)
2026-10-02 14:00:24.100 | INFO     | stock_bot.live.runner:_tick:1546 - 034020 두산에너빌리티 [ensemble] HOLD score=+0.14 B0/S0 | 현재가 81,000원 | 손절 -1.15%(ATR)
    VWAP 80,926원 +0.09% ─홀드 (+0.000)
    ST 하락추세 ─홀드 (+0.000)
    RSI 51.8 (기준 30/74) ─홀드 (+0.000)
    BB 80,479~81,101원 현재 81,000원 ─홀드 (+0.000)  ← 상단근접 [────────●─] 84%
    DC  ─홀드  ← 미보유 또는 청산 조건 미해당 (+0.000)
    거래량  MA25대비 1.05x  〰(neutral) (+0.0000)  ← 임계 미달 (기준 ≥1.2/≤0.7x) → 중립
    뉴스  bias=+0.140 (3건)
2026-10-02 14:00:40.696 | INFO     | stock_bot.live.runner:_tick:1546 - 241560 두산밥캣 [ensemble] HOLD score=+0.00 B0/S0 | 현재가 54,900원 | 손절 -1.26%(ATR)
    VWAP 54,881원 +0.03% ─홀드 (+0.000)
    ST 상승추세 ─홀드 (+0.000)
    RSI 51.5 (기준 30/74) ─홀드 (+0.000)
    BB 54,704~54,976원 현재 54,900원 ─홀드 (+0.000)  ← 중간 [───────●──] 72%
    DC  ─홀드  ← 미보유 또는 청산 조건 미해당 (+0.000)
    거래량  MA25대비 0.55x  〰(neutral) (+0.0000)  ← 임계 미달 (기준 ≥1.2/≤0.7x) → 중립
2026-10-02 14:00:52.461 | INFO     | stock_bot.live.runner:_tick:1546 - 123330 제닉 [ensemble] HOLD score=+0.00 B0/S0 | 현재가 21,800원 | 손절 -2.07%(ATR)
    VWAP 21,845원 -0.21% ─홀드 (+0.000)
    ST 하락추세 ─홀드 (+0.000)
    RSI 45.8 (기준 30/74) ─홀드 (+0.000)
    BB 21,742~21,918원 현재 21,800원 ─홀드 (+0.000)  ← 중간 [───●──────] 33%
    DC  ─홀드  ← 미보유 또는 청산 조건 미해당 (+0.000)
    거래량  MA25대비 0.39x  〰(neutral) (+0.0000)  ← 임계 미달 (기준 ≥1.2/≤0.7x) → 중립
2026-10-02 14:05:00.171 | INFO     | stock_bot.news.crawler:fetch_naver_news:207 - news relevance filter: 4 → 1 (제외 3건) [034020]
2026-10-02 14:05:00.172 | INFO     | stock_bot.news.crawler:fetch_naver_news:212 - fetched 1 news items for 034020
2026-10-02 14:05:00.179 | DEBUG    | stock_bot.live.runner:_news_tick:840 - news 034020 new=0/1 (모두 중복)
2026-10-02 14:05:00.320 | INFO     | stock_bot.news.crawler:fetch_naver_news:207 - news relevance filter: 5 → 2 (제외 3건) [241560]
2026-10-02 14:05:00.321 | INFO     | stock_bot.news.crawler:fetch_naver_news:212 - fetched 2 news items for 241560
2026-10-02 14:05:21.455 | INFO     | stock_bot.live.runner:_tick:1546 - 034020 두산에너빌리티 [ensemble] HOLD score=+0.14 B0/S0 | 현재가 81,000원 | 손절 -1.19%(ATR)
    VWAP 80,929원 +0.09% ─홀드 (+0.000)
    ST 하락추세 ─홀드 (+0.000)
    RSI 51.4 (기준 30/74) ─홀드 (+0.000)
    BB 80,463~81,137원 현재 81,000원 ─홀드 (+0.000)  ← 상단근접 [───────●──] 80%
    DC  ─홀드  ← 미보유 또는 청산 조건 미해당 (+0.000)
    거래량  MA25대비 1.10x  〰(neutral) (+0.0000)  ← 임계 미달 (기준 ≥1.2/≤0.7x) → 중립
    뉴스  bias=+0.140 (3건)
2026-10-02 14:05:31.149 | INFO     | stock_bot.live.runner:_news_tick:879 - news 241560 new=1/2 critical=0 llm_batch=1
2026-10-02 14:05:31.281 | INFO     | stock_bot.news.crawler:fetch_naver_news:207 - news relevance filter: 3 → 1 (제외 2건) [123330]
2026-10-02 14:05:31.282 | INFO     | stock_bot.news.crawler:fetch_naver_news:212 - fetched 1 news items for 123330
2026-10-02 14:05:31.289 | DEBUG    | stock_bot.live.runner:_news_tick:840 - news 123330 new=0/1 (모두 중복)
2026-10-02 14:05:35.416 | INFO     | stock_bot.live.runner:_tick:1546 - 241560 두산밥캣 [ensemble] HOLD score=+0.00 B0/S0 | 현재가 55,000원 | 손절 -1.35%(ATR)
    VWAP 54,888원 +0.20% ─홀드 (+0.000)
    ST 상승추세 ─홀드 (+0.000)
    RSI 54.5 (기준 30/74) ─홀드 (+0.000)
    BB 54,690~55,020원 현재 55,000원 ─홀드 (+0.000)  ← 상단근접 [─────────●] 94%
    DC  ─홀드  ← 미보유 또는 청산 조건 미해당 (+0.000)
    거래량  MA25대비 4.36x  〰(neutral) (+0.0000)  ← 임계 미달 (기준 ≥1.2/≤0.7x) → 중립
    뉴스  bias=+0.000 (1건)
2026-10-02 14:05:45.668 | INFO     | stock_bot.live.runner:_tick:1546 - 123330 제닉 [ensemble] HOLD score=+0.00 B0/S0 | 현재가 21,750원 | 손절 -2.16%(ATR)
    VWAP 21,845원 -0.44% ─홀드 (+0.000)
    ST 하락추세 ─홀드 (+0.000)
    RSI 43.8 (기준 30/74) ─홀드 (+0.000)
    BB 21,734~21,911원 현재 21,750원 ─홀드 (+0.000)  ← 하단근접 [●─────────] 9%
    DC  ─홀드  ← 미보유 또는 청산 조건 미해당 (+0.000)
    거래량  MA25대비 1.84x  〰(neutral) (+0.0000)  ← 임계 미달 (기준 ≥1.2/≤0.7x) → 중립
2026-10-02 14:10:00.168 | INFO     | stock_bot.news.crawler:fetch_naver_news:207 - news relevance filter: 4 → 1 (제외 3건) [034020]
2026-10-02 14:10:00.171 | INFO     | stock_bot.news.crawler:fetch_naver_news:212 - fetched 1 news items for 034020
2026-10-02 14:10:00.177 | DEBUG    | stock_bot.live.runner:_news_tick:840 - news 034020 new=0/1 (모두 중복)
2026-10-02 14:10:00.312 | INFO     | stock_bot.news.crawler:fetch_naver_news:212 - fetched 1 news items for 241560
2026-10-02 14:10:00.318 | DEBUG    | stock_bot.live.runner:_news_tick:840 - news 241560 new=0/1 (모두 중복)
2026-10-02 14:10:00.455 | INFO     | stock_bot.news.crawler:fetch_naver_news:207 - news relevance filter: 3 → 1 (제외 2건) [123330]
2026-10-02 14:10:00.456 | INFO     | stock_bot.news.crawler:fetch_naver_news:212 - fetched 1 news items for 123330
2026-10-02 14:10:00.461 | DEBUG    | stock_bot.live.runner:_news_tick:840 - news 123330 new=0/1 (모두 중복)
2026-10-02 14:10:19.618 | INFO     | stock_bot.live.runner:_tick:1546 - 034020 두산에너빌리티 [ensemble] HOLD score=+0.14 B0/S0 | 현재가 81,000원 | 손절 -1.24%(ATR)
    VWAP 80,931원 +0.09% ─홀드 (+0.000)
    ST 하락추세 ─홀드 (+0.000)
    RSI 51.5 (기준 30/74) ─홀드 (+0.000)
    BB 80,459~81,151원 현재 81,000원 ─홀드 (+0.000)  ← 상단근접 [───────●──] 78%
    DC  ─홀드  ← 미보유 또는 청산 조건 미해당 (+0.000)
    거래량  MA25대비 1.62x  〰(neutral) (+0.0000)  ← 임계 미달 (기준 ≥1.2/≤0.7x) → 중립
    뉴스  bias=+0.140 (3건)
2026-10-02 14:10:30.888 | INFO     | stock_bot.live.runner:_tick:1546 - 241560 두산밥캣 [ensemble] HOLD score=+0.00 B0/S0 | 현재가 54,900원 | 손절 -1.38%(ATR)
    VWAP 54,889원 +0.02% ─홀드 (+0.000)
    ST 상승추세 ─홀드 (+0.000)
    RSI 51.1 (기준 30/74) ─홀드 (+0.000)
    BB 54,690~55,020원 현재 54,900원 ─홀드 (+0.000)  ← 중간 [──────●───] 64%
    DC  ─홀드  ← 미보유 또는 청산 조건 미해당 (+0.000)
    거래량  MA25대비 0.64x  〰(neutral) (+0.0000)  ← 임계 미달 (기준 ≥1.2/≤0.7x) → 중립
    뉴스  bias=+0.000 (1건)
2026-10-02 14:10:40.560 | INFO     | stock_bot.live.runner:_tick:1546 - 123330 제닉 [ensemble] HOLD score=+0.00 B0/S0 | 현재가 21,750원 | 손절 -2.09%(ATR)
    VWAP 21,845원 -0.44% ─홀드 (+0.000)
    ST 하락추세 ─홀드 (+0.000)
    RSI 43.6 (기준 30/74) ─홀드 (+0.000)
    BB 21,732~21,908원 현재 21,750원 ─홀드 (+0.000)  ← 하단근접 [─●────────] 10%
    DC  ─홀드  ← 미보유 또는 청산 조건 미해당 (+0.000)
    거래량  MA25대비 0.57x  〰(neutral) (+0.0000)  ← 임계 미달 (기준 ≥1.2/≤0.7x) → 중립
2026-10-02 14:15:00.148 | INFO     | stock_bot.news.crawler:fetch_naver_news:207 - news relevance filter: 4 → 1 (제외 3건) [034020]
2026-10-02 14:15:00.150 | INFO     | stock_bot.news.crawler:fetch_naver_news:212 - fetched 1 news items for 034020
2026-10-02 14:15:00.157 | DEBUG    | stock_bot.live.runner:_news_tick:840 - news 034020 new=0/1 (모두 중복)
2026-10-02 14:15:00.310 | INFO     | stock_bot.news.crawler:fetch_naver_news:212 - fetched 1 news items for 241560
2026-10-02 14:15:00.316 | DEBUG    | stock_bot.live.runner:_news_tick:840 - news 241560 new=0/1 (모두 중복)
2026-10-02 14:15:00.474 | INFO     | stock_bot.news.crawler:fetch_naver_news:207 - news relevance filter: 3 → 1 (제외 2건) [123330]
2026-10-02 14:15:00.475 | INFO     | stock_bot.news.crawler:fetch_naver_news:212 - fetched 1 news items for 123330
2026-10-02 14:15:00.481 | DEBUG    | stock_bot.live.runner:_news_tick:840 - news 123330 new=0/1 (모두 중복)
2026-10-02 14:15:16.275 | INFO     | stock_bot.live.runner:_tick:1546 - 034020 두산에너빌리티 [ensemble] HOLD score=+0.14 B0/S0 | 현재가 81,100원 | 손절 -1.19%(ATR)
    VWAP 80,932원 +0.21% ─홀드 (+0.000)
    ST 하락추세 ─홀드 (+0.000)
    RSI 53.8 (기준 30/74) ─홀드 (+0.000)
    BB 80,446~81,184원 현재 81,100원 ─홀드 (+0.000)  ← 상단근접 [────────●─] 89%
    DC  ─홀드  ← 미보유 또는 청산 조건 미해당 (+0.000)
    거래량  MA25대비 0.81x  〰(neutral) (+0.0000)  ← 임계 미달 (기준 ≥1.2/≤0.7x) → 중립
    뉴스  bias=+0.140 (3건)
2026-10-02 14:15:25.566 | INFO     | stock_bot.live.runner:_tick:1546 - 241560 두산밥캣 [ensemble] HOLD score=+0.00 B0/S0 | 현재가 54,900원 | 손절 -1.35%(ATR)
    VWAP 54,890원 +0.02% ─홀드 (+0.000)
    ST 상승추세 ─홀드 (+0.000)
    RSI 50.9 (기준 30/74) ─홀드 (+0.000)
    BB 54,683~55,037원 현재 54,900원 ─홀드 (+0.000)  ← 중간 [──────●───] 61%
    DC  ─홀드  ← 미보유 또는 청산 조건 미해당 (+0.000)
    거래량  MA25대비 0.54x  〰(neutral) (+0.0000)  ← 임계 미달 (기준 ≥1.2/≤0.7x) → 중립
    뉴스  bias=+0.000 (1건)
2026-10-02 14:15:34.483 | INFO     | stock_bot.live.runner:_tick:1546 - 123330 제닉 [ensemble] HOLD score=+0.00 B0/S0 | 현재가 21,750원 | 손절 -2.02%(ATR)
    VWAP 21,845원 -0.43% ─홀드 (+0.000)
    ST 하락추세 ─홀드 (+0.000)
    RSI 44.3 (기준 30/74) ─홀드 (+0.000)
    BB 21,723~21,907원 현재 21,750원 ─홀드 (+0.000)  ← 하단근접 [─●────────] 15%
    DC  ─홀드  ← 미보유 또는 청산 조건 미해당 (+0.000)
    거래량  MA25대비 0.48x  〰(neutral) (+0.0000)  ← 임계 미달 (기준 ≥1.2/≤0.7x) → 중립
2026-10-02 14:20:00.165 | INFO     | stock_bot.news.crawler:fetch_naver_news:207 - news relevance filter: 4 → 1 (제외 3건) [034020]
2026-10-02 14:20:00.166 | INFO     | stock_bot.news.crawler:fetch_naver_news:212 - fetched 1 news items for 034020
2026-10-02 14:20:00.172 | DEBUG    | stock_bot.live.runner:_news_tick:840 - news 034020 new=0/1 (모두 중복)
2026-10-02 14:20:00.315 | INFO     | stock_bot.news.crawler:fetch_naver_news:212 - fetched 1 news items for 241560
2026-10-02 14:20:00.321 | DEBUG    | stock_bot.live.runner:_news_tick:840 - news 241560 new=0/1 (모두 중복)
2026-10-02 14:20:00.455 | INFO     | stock_bot.news.crawler:fetch_naver_news:207 - news relevance filter: 3 → 1 (제외 2건) [123330]
2026-10-02 14:20:00.457 | INFO     | stock_bot.news.crawler:fetch_naver_news:212 - fetched 1 news items for 123330
2026-10-02 14:20:00.462 | DEBUG    | stock_bot.live.runner:_news_tick:840 - news 123330 new=0/1 (모두 중복)
2026-10-02 14:20:15.257 | INFO     | stock_bot.live.runner:_tick:1546 - 034020 두산에너빌리티 [ensemble] HOLD score=+0.14 B0/S0 | 현재가 81,050원 | 손절 -1.15%(ATR)
    VWAP 80,933원 +0.14% ─홀드 (+0.000)
    ST 하락추세 ─홀드 (+0.000)
    RSI 52.8 (기준 30/74) ─홀드 (+0.000)
    BB 80,452~81,193원 현재 81,050원 ─홀드 (+0.000)  ← 상단근접 [────────●─] 81%
    DC  ─홀드  ← 미보유 또는 청산 조건 미해당 (+0.000)
    거래량  MA25대비 0.71x  〰(neutral) (+0.0000)  ← 임계 미달 (기준 ≥1.2/≤0.7x) → 중립
    뉴스  bias=+0.140 (3건)
2026-10-02 14:20:24.138 | INFO     | stock_bot.live.runner:_tick:1546 - 241560 두산밥캣 [ensemble] HOLD score=+0.00 B0/S0 | 현재가 55,000원 | 손절 -1.31%(ATR)
    VWAP 54,890원 +0.20% ─홀드 (+0.000)
    ST 상승추세 ─홀드 (+0.000)
    RSI 54.0 (기준 30/74) ─홀드 (+0.000)
    BB 54,678~55,052원 현재 55,000원 ─홀드 (+0.000)  ← 상단근접 [────────●─] 86%
    DC  ─홀드  ← 미보유 또는 청산 조건 미해당 (+0.000)
    거래량  MA25대비 0.66x  〰(neutral) (+0.0000)  ← 임계 미달 (기준 ≥1.2/≤0.7x) → 중립
    뉴스  bias=+0.000 (1건)
2026-10-02 14:20:31.297 | INFO     | stock_bot.live.runner:_tick:1546 - 123330 제닉 [ensemble] HOLD score=+0.00 B0/S0 | 현재가 21,750원 | 손절 -1.96%(ATR)
    VWAP 21,844원 -0.43% ─홀드 (+0.000)
    ST 하락추세 ─홀드 (+0.000)
    RSI 43.9 (기준 30/74) ─홀드 (+0.000)
    BB 21,721~21,904원 현재 21,750원 ─홀드 (+0.000)  ← 하단근접 [─●────────] 16%
    DC  ─홀드  ← 미보유 또는 청산 조건 미해당 (+0.000)
    거래량  MA25대비 1.30x  〰(neutral) (+0.0000)  ← 임계 미달 (기준 ≥1.2/≤0.7x) → 중립
2026-10-02 14:25:00.186 | INFO     | stock_bot.news.crawler:fetch_naver_news:207 - news relevance filter: 4 → 1 (제외 3건) [034020]
2026-10-02 14:25:00.187 | INFO     | stock_bot.news.crawler:fetch_naver_news:212 - fetched 1 news items for 034020
2026-10-02 14:25:00.193 | DEBUG    | stock_bot.live.runner:_news_tick:840 - news 034020 new=0/1 (모두 중복)
2026-10-02 14:25:00.323 | INFO     | stock_bot.news.crawler:fetch_naver_news:212 - fetched 1 news items for 241560
2026-10-02 14:25:00.329 | DEBUG    | stock_bot.live.runner:_news_tick:840 - news 241560 new=0/1 (모두 중복)
2026-10-02 14:25:00.467 | INFO     | stock_bot.news.crawler:fetch_naver_news:207 - news relevance filter: 3 → 1 (제외 2건) [123330]
2026-10-02 14:25:00.468 | INFO     | stock_bot.news.crawler:fetch_naver_news:212 - fetched 1 news items for 123330
2026-10-02 14:25:00.474 | DEBUG    | stock_bot.live.runner:_news_tick:840 - news 123330 new=0/1 (모두 중복)
2026-10-02 14:25:16.854 | INFO     | stock_bot.live.runner:_tick:1546 - 034020 두산에너빌리티 [ensemble] HOLD score=+0.14 B0/S0 | 현재가 80,900원 | 손절 -1.16%(ATR)
    VWAP 80,933원 -0.04% ─홀드 (+0.000)
    ST 하락추세 ─홀드 (+0.000)
    RSI 48.6 (기준 30/74) ─홀드 (+0.000)
    BB 80,470~81,180원 현재 80,900원 ─홀드 (+0.000)  ← 중간 [──────●───] 61%
    DC  ─홀드  ← 미보유 또는 청산 조건 미해당 (+0.000)
    거래량  MA25대비 0.81x  〰(neutral) (+0.0000)  ← 임계 미달 (기준 ≥1.2/≤0.7x) → 중립
    뉴스  bias=+0.140 (3건)
2026-10-02 14:25:24.421 | INFO     | stock_bot.live.runner:_tick:1546 - 241560 두산밥캣 [ensemble] HOLD score=+0.00 B0/S0 | 현재가 54,900원 | 손절 -1.29%(ATR)
    VWAP 54,891원 +0.02% ─홀드 (+0.000)
    ST 상승추세 ─홀드 (+0.000)
    RSI 50.6 (기준 30/74) ─홀드 (+0.000)
    BB 54,705~55,045원 현재 54,900원 ─홀드 (+0.000)  ← 중간 [─────●────] 57%
    DC  ─홀드  ← 미보유 또는 청산 조건 미해당 (+0.000)
    거래량  MA25대비 1.22x  〰(neutral) (+0.0000)  ← 임계 미달 (기준 ≥1.2/≤0.7x) → 중립
    뉴스  bias=+0.000 (1건)
2026-10-02 14:25:33.807 | INFO     | stock_bot.live.runner:_tick:1546 - 123330 제닉 [ensemble] HOLD score=+0.00 B0/S0 | 현재가 21,750원 | 손절 -1.82%(ATR)
    VWAP 21,844원 -0.43% ─홀드 (+0.000)
    ST 하락추세 ─홀드 (+0.000)
    RSI 44.1 (기준 30/74) ─홀드 (+0.000)
    BB 21,721~21,904원 현재 21,750원 ─홀드 (+0.000)  ← 하단근접 [─●────────] 16%
    DC  ─홀드  ← 미보유 또는 청산 조건 미해당 (+0.000)
    거래량  MA25대비 2.14x  〰(neutral) (+0.0000)  ← 임계 미달 (기준 ≥1.2/≤0.7x) → 중립
2026-10-02 14:30:00.167 | INFO     | stock_bot.news.crawler:fetch_naver_news:207 - news relevance filter: 4 → 1 (제외 3건) [034020]
2026-10-02 14:30:00.168 | INFO     | stock_bot.news.crawler:fetch_naver_news:212 - fetched 1 news items for 034020
2026-10-02 14:30:00.174 | DEBUG    | stock_bot.live.runner:_news_tick:840 - news 034020 new=0/1 (모두 중복)
2026-10-02 14:30:00.308 | INFO     | stock_bot.news.crawler:fetch_naver_news:212 - fetched 1 news items for 241560
2026-10-02 14:30:00.315 | DEBUG    | stock_bot.live.runner:_news_tick:840 - news 241560 new=0/1 (모두 중복)
2026-10-02 14:30:00.442 | INFO     | stock_bot.news.crawler:fetch_naver_news:207 - news relevance filter: 3 → 1 (제외 2건) [123330]
2026-10-02 14:30:00.443 | INFO     | stock_bot.news.crawler:fetch_naver_news:212 - fetched 1 news items for 123330
2026-10-02 14:30:00.449 | DEBUG    | stock_bot.live.runner:_news_tick:840 - news 123330 new=0/1 (모두 중복)
2026-10-02 14:30:23.451 | INFO     | stock_bot.live.runner:_tick:1546 - 034020 두산에너빌리티 [ensemble] HOLD score=+0.14 B0/S0 | 현재가 81,100원 | 손절 -1.16%(ATR)
    VWAP 80,936원 +0.20% ─홀드 (+0.000)
    ST 하락추세 ─홀드 (+0.000)
    RSI 54.0 (기준 30/74) ─홀드 (+0.000)
    BB 80,514~81,206원 현재 81,100원 ─홀드 (+0.000)  ← 상단근접 [────────●─] 85%
    DC  ─홀드  ← 미보유 또는 청산 조건 미해당 (+0.000)
    거래량  MA25대비 2.31x  〰(neutral) (+0.0000)  ← 임계 미달 (기준 ≥1.2/≤0.7x) → 중립
    뉴스  bias=+0.140 (3건)
2026-10-02 14:30:34.023 | INFO     | stock_bot.live.runner:_tick:1546 - 241560 두산밥캣 [ensemble] HOLD score=+0.00 B0/S0 | 현재가 55,000원 | 손절 -1.19%(ATR)
    VWAP 54,892원 +0.20% ─홀드 (+0.000)
    ST 상승추세 ─홀드 (+0.000)
    RSI 54.1 (기준 30/74) ─홀드 (+0.000)
    BB 54,708~55,072원 현재 55,000원 ─홀드 (+0.000)  ← 상단근접 [────────●─] 80%
    DC  ─홀드  ← 미보유 또는 청산 조건 미해당 (+0.000)
    거래량  MA25대비 0.74x  〰(neutral) (+0.0000)  ← 임계 미달 (기준 ≥1.2/≤0.7x) → 중립
    뉴스  bias=+0.000 (1건)
2026-10-02 14:30:42.998 | INFO     | stock_bot.live.runner:_tick:1546 - 123330 제닉 [ensemble] HOLD score=+0.00 B0/S0 | 현재가 21,800원 | 손절 -1.76%(ATR)
    VWAP 21,843원 -0.20% ─홀드 (+0.000)
    ST 하락추세 ─홀드 (+0.000)
    RSI 46.8 (기준 30/74) ─홀드 (+0.000)
    BB 21,729~21,901원 현재 21,800원 ─홀드 (+0.000)  ← 중간 [────●─────] 41%
    DC  ─홀드  ← 미보유 또는 청산 조건 미해당 (+0.000)
    거래량  MA25대비 2.53x  〰(neutral) (+0.0000)  ← 임계 미달 (기준 ≥1.2/≤0.7x) → 중립
2026-10-02 14:35:00.190 | INFO     | stock_bot.news.crawler:fetch_naver_news:207 - news relevance filter: 4 → 1 (제외 3건) [034020]
2026-10-02 14:35:00.191 | INFO     | stock_bot.news.crawler:fetch_naver_news:212 - fetched 1 news items for 034020
2026-10-02 14:35:00.197 | DEBUG    | stock_bot.live.runner:_news_tick:840 - news 034020 new=0/1 (모두 중복)
2026-10-02 14:35:00.333 | INFO     | stock_bot.news.crawler:fetch_naver_news:212 - fetched 1 news items for 241560
2026-10-02 14:35:00.339 | DEBUG    | stock_bot.live.runner:_news_tick:840 - news 241560 new=0/1 (모두 중복)
2026-10-02 14:35:00.468 | INFO     | stock_bot.news.crawler:fetch_naver_news:207 - news relevance filter: 3 → 1 (제외 2건) [123330]
2026-10-02 14:35:00.469 | INFO     | stock_bot.news.crawler:fetch_naver_news:212 - fetched 1 news items for 123330
2026-10-02 14:35:00.475 | DEBUG    | stock_bot.live.runner:_news_tick:840 - news 123330 new=0/1 (모두 중복)
2026-10-02 14:35:12.308 | INFO     | stock_bot.live.runner:_tick:1546 - 034020 두산에너빌리티 [ensemble] HOLD score=+0.14 B0/S0 | 현재가 80,900원 | 손절 -1.16%(ATR)
    VWAP 80,936원 -0.05% ─홀드 (+0.000)
    ST 하락추세 ─홀드 (+0.000)
    RSI 48.6 (기준 30/74) ─홀드 (+0.000)
    BB 80,559~81,171원 현재 80,900원 ─홀드 (+0.000)  ← 중간 [─────●────] 56%
    DC  ─홀드  ← 미보유 또는 청산 조건 미해당 (+0.000)
    거래량  MA25대비 1.36x  〰(neutral) (+0.0000)  ← 임계 미달 (기준 ≥1.2/≤0.7x) → 중립
    뉴스  bias=+0.140 (3건)
2026-10-02 14:35:19.999 | INFO     | stock_bot.live.runner:_tick:1546 - 241560 두산밥캣 [ensemble] HOLD score=+0.00 B0/S0 | 현재가 54,900원 | 손절 -1.24%(ATR)
    VWAP 54,893원 +0.01% ─홀드 (+0.000)
    ST 상승추세 ─홀드 (+0.000)
    RSI 50.1 (기준 30/74) ─홀드 (+0.000)
    BB 54,741~55,059원 현재 54,900원 ─홀드 (+0.000)  ← 중간 [─────●────] 50%
    DC  ─홀드  ← 미보유 또는 청산 조건 미해당 (+0.000)
    거래량  MA25대비 0.97x  〰(neutral) (+0.0000)  ← 임계 미달 (기준 ≥1.2/≤0.7x) → 중립
    뉴스  bias=+0.000 (1건)
2026-10-02 14:35:27.459 | INFO     | stock_bot.live.runner:_tick:1546 - 123330 제닉 [ensemble] HOLD score=+0.00 B0/S0 | 현재가 21,800원 | 손절 -1.80%(ATR)
    VWAP 21,843원 -0.20% ─홀드 (+0.000)
    ST 하락추세 ─홀드 (+0.000)
    RSI 47.1 (기준 30/74) ─홀드 (+0.000)
    BB 21,734~21,891원 현재 21,800원 ─홀드 (+0.000)  ← 중간 [────●─────] 42%
    DC  ─홀드  ← 미보유 또는 청산 조건 미해당 (+0.000)
    거래량  MA25대비 0.62x  〰(neutral) (+0.0000)  ← 임계 미달 (기준 ≥1.2/≤0.7x) → 중립
2026-10-02 14:40:00.151 | INFO     | stock_bot.news.crawler:fetch_naver_news:207 - news relevance filter: 4 → 1 (제외 3건) [034020]
2026-10-02 14:40:00.152 | INFO     | stock_bot.news.crawler:fetch_naver_news:212 - fetched 1 news items for 034020
2026-10-02 14:40:00.158 | DEBUG    | stock_bot.live.runner:_news_tick:840 - news 034020 new=0/1 (모두 중복)
2026-10-02 14:40:00.318 | INFO     | stock_bot.news.crawler:fetch_naver_news:212 - fetched 1 news items for 241560
2026-10-02 14:40:00.324 | DEBUG    | stock_bot.live.runner:_news_tick:840 - news 241560 new=0/1 (모두 중복)
2026-10-02 14:40:00.458 | INFO     | stock_bot.news.crawler:fetch_naver_news:207 - news relevance filter: 3 → 1 (제외 2건) [123330]
2026-10-02 14:40:00.459 | INFO     | stock_bot.news.crawler:fetch_naver_news:212 - fetched 1 news items for 123330
2026-10-02 14:40:00.465 | DEBUG    | stock_bot.live.runner:_news_tick:840 - news 123330 new=0/1 (모두 중복)
2026-10-02 14:40:13.312 | INFO     | stock_bot.live.runner:_tick:1546 - 034020 두산에너빌리티 [ensemble] HOLD score=+0.14 B0/S0 | 현재가 80,900원 | 손절 -1.20%(ATR)
    VWAP 80,938원 -0.05% ─홀드 (+0.000)
    ST 하락추세 ─홀드 (+0.000)
    RSI 48.6 (기준 30/74) ─홀드 (+0.000)
    BB 80,600~81,160원 현재 80,900원 ─홀드 (+0.000)  ← 중간 [─────●────] 54%
    DC  ─홀드  ← 미보유 또는 청산 조건 미해당 (+0.000)
    거래량  MA25대비 1.17x  〰(neutral) (+0.0000)  ← 임계 미달 (기준 ≥1.2/≤0.7x) → 중립
    뉴스  bias=+0.140 (3건)
2026-10-02 14:40:22.882 | INFO     | stock_bot.live.runner:_tick:1546 - 241560 두산밥캣 [ensemble] HOLD score=+0.00 B0/S0 | 현재가 55,000원 | 손절 -1.21%(ATR)
    VWAP 54,894원 +0.19% ─홀드 (+0.000)
    ST 상승추세 ─홀드 (+0.000)
    RSI 54.1 (기준 30/74) ─홀드 (+0.000)
    BB 54,752~55,078원 현재 55,000원 ─홀드 (+0.000)  ← 상단근접 [───────●──] 76%
    DC  ─홀드  ← 미보유 또는 청산 조건 미해당 (+0.000)
    거래량  MA25대비 0.79x  〰(neutral) (+0.0000)  ← 임계 미달 (기준 ≥1.2/≤0.7x) → 중립
    뉴스  bias=+0.000 (1건)
2026-10-02 14:40:32.208 | INFO     | stock_bot.live.runner:_tick:1546 - 123330 제닉 [ensemble] HOLD score=+0.00 B0/S0 | 현재가 21,800원 | 손절 -1.67%(ATR)
    VWAP 21,843원 -0.20% ─홀드 (+0.000)
    ST 하락추세 ─홀드 (+0.000)
    RSI 46.8 (기준 30/74) ─홀드 (+0.000)
    BB 21,733~21,887원 현재 21,800원 ─홀드 (+0.000)  ← 중간 [────●─────] 43%
    DC  ─홀드  ← 미보유 또는 청산 조건 미해당 (+0.000)
    거래량  MA25대비 0.04x  〰(neutral) (+0.0000)  ← 임계 미달 (기준 ≥1.2/≤0.7x) → 중립
2026-10-02 14:45:00.156 | INFO     | stock_bot.news.crawler:fetch_naver_news:207 - news relevance filter: 4 → 1 (제외 3건) [034020]
2026-10-02 14:45:00.157 | INFO     | stock_bot.news.crawler:fetch_naver_news:212 - fetched 1 news items for 034020
2026-10-02 14:45:00.164 | DEBUG    | stock_bot.live.runner:_news_tick:840 - news 034020 new=0/1 (모두 중복)
2026-10-02 14:45:00.308 | INFO     | stock_bot.news.crawler:fetch_naver_news:212 - fetched 1 news items for 241560
2026-10-02 14:45:00.314 | DEBUG    | stock_bot.live.runner:_news_tick:840 - news 241560 new=0/1 (모두 중복)
2026-10-02 14:45:00.453 | INFO     | stock_bot.news.crawler:fetch_naver_news:207 - news relevance filter: 3 → 1 (제외 2건) [123330]
2026-10-02 14:45:00.454 | INFO     | stock_bot.news.crawler:fetch_naver_news:212 - fetched 1 news items for 123330
2026-10-02 14:45:00.460 | DEBUG    | stock_bot.live.runner:_news_tick:840 - news 123330 new=0/1 (모두 중복)
2026-10-02 14:45:11.595 | INFO     | stock_bot.live.runner:_tick:1546 - 034020 두산에너빌리티 [ensemble] HOLD score=+0.14 B0/S0 | 현재가 80,900원 | 손절 -1.20%(ATR)
    VWAP 80,937원 -0.05% ─홀드 (+0.000)
    ST 하락추세 ─홀드 (+0.000)
    RSI 48.5 (기준 30/74) ─홀드 (+0.000)
    BB 80,623~81,157원 현재 80,900원 ─홀드 (+0.000)  ← 중간 [─────●────] 52%
    DC  ─홀드  ← 미보유 또는 청산 조건 미해당 (+0.000)
    거래량  MA25대비 1.05x  〰(neutral) (+0.0000)  ← 임계 미달 (기준 ≥1.2/≤0.7x) → 중립
    뉴스  bias=+0.140 (3건)
2026-10-02 14:45:19.287 | INFO     | stock_bot.live.runner:_tick:1546 - 241560 두산밥캣 [ensemble] HOLD score=+0.00 B0/S0 | 현재가 55,000원 | 손절 -1.19%(ATR)
    VWAP 54,895원 +0.19% ─홀드 (+0.000)
    ST 상승추세 ─홀드 (+0.000)
    RSI 53.8 (기준 30/74) ─홀드 (+0.000)
    BB 54,752~55,078원 현재 55,000원 ─홀드 (+0.000)  ← 상단근접 [───────●──] 76%
    DC  ─홀드  ← 미보유 또는 청산 조건 미해당 (+0.000)
    거래량  MA25대비 0.93x  〰(neutral) (+0.0000)  ← 임계 미달 (기준 ≥1.2/≤0.7x) → 중립
    뉴스  bias=+0.000 (1건)
2026-10-02 14:45:27.054 | INFO     | stock_bot.live.runner:_tick:1546 - 123330 제닉 [ensemble] HOLD score=+0.00 B0/S0 | 현재가 21,850원 | 손절 -1.63%(ATR)
    VWAP 21,843원 +0.03% ─홀드 (+0.000)
    ST 하락추세 ─홀드 (+0.000)
    RSI 49.9 (기준 30/74) ─홀드 (+0.000)
    BB 21,733~21,887원 현재 21,850원 ─홀드 (+0.000)  ← 상단근접 [───────●──] 76%
    DC  ─홀드  ← 미보유 또는 청산 조건 미해당 (+0.000)
    거래량  MA25대비 0.34x  〰(neutral) (+0.0000)  ← 임계 미달 (기준 ≥1.2/≤0.7x) → 중립
2026-10-02 14:50:00.181 | INFO     | stock_bot.news.crawler:fetch_naver_news:207 - news relevance filter: 5 → 1 (제외 4건) [034020]
2026-10-02 14:50:00.183 | INFO     | stock_bot.news.crawler:fetch_naver_news:212 - fetched 1 news items for 034020
2026-10-02 14:50:00.189 | DEBUG    | stock_bot.live.runner:_news_tick:840 - news 034020 new=0/1 (모두 중복)
2026-10-02 14:50:00.336 | INFO     | stock_bot.news.crawler:fetch_naver_news:212 - fetched 1 news items for 241560
2026-10-02 14:50:00.342 | DEBUG    | stock_bot.live.runner:_news_tick:840 - news 241560 new=0/1 (모두 중복)
2026-10-02 14:50:00.481 | INFO     | stock_bot.news.crawler:fetch_naver_news:207 - news relevance filter: 3 → 1 (제외 2건) [123330]
2026-10-02 14:50:00.482 | INFO     | stock_bot.news.crawler:fetch_naver_news:212 - fetched 1 news items for 123330
2026-10-02 14:50:00.487 | DEBUG    | stock_bot.live.runner:_news_tick:840 - news 123330 new=0/1 (모두 중복)
2026-10-02 14:50:16.978 | INFO     | stock_bot.live.runner:_tick:1546 - 034020 두산에너빌리티 [ensemble] HOLD score=+0.14 B0/S0 | 현재가 81,000원 | 손절 -1.24%(ATR)
    VWAP 80,939원 +0.08% ─홀드 (+0.000)
    ST 하락추세 ─홀드 (+0.000)
    RSI 51.7 (기준 30/74) ─홀드 (+0.000)
    BB 80,651~81,169원 현재 81,000원 ─홀드 (+0.000)  ← 중간 [──────●───] 67%
    DC  ─홀드  ← 미보유 또는 청산 조건 미해당 (+0.000)
    거래량  MA25대비 1.43x  〰(neutral) (+0.0000)  ← 임계 미달 (기준 ≥1.2/≤0.7x) → 중립
    뉴스  bias=+0.140 (3건)
2026-10-02 14:50:30.195 | INFO     | stock_bot.live.runner:_tick:1546 - 241560 두산밥캣 [ensemble] HOLD score=+0.00 B0/S0 | 현재가 55,100원 | 손절 -1.23%(ATR)
    VWAP 54,898원 +0.37% ─홀드 (+0.000)
    ST 상승추세 ─홀드 (+0.000)
    RSI 57.9 (기준 30/74) ─홀드 (+0.000)
    BB 54,760~55,110원 현재 55,100원 ─홀드 (+0.000)  ← 상단근접 [─────────●] 97%
    DC  ─홀드  ← 미보유 또는 청산 조건 미해당 (+0.000)
    거래량  MA25대비 1.51x  〰(neutral) (+0.0000)  ← 임계 미달 (기준 ≥1.2/≤0.7x) → 중립
    뉴스  bias=+0.000 (1건)
2026-10-02 14:50:40.841 | INFO     | stock_bot.live.runner:_tick:1546 - 123330 제닉 [ensemble] HOLD score=+0.00 B0/S0 | 현재가 21,800원 | 손절 -1.60%(ATR)
    VWAP 21,842원 -0.19% ─홀드 (+0.000)
    ST 하락추세 ─홀드 (+0.000)
    RSI 47.0 (기준 30/74) ─홀드 (+0.000)
    BB 21,733~21,877원 현재 21,800원 ─홀드 (+0.000)  ← 중간 [────●─────] 47%
    DC  ─홀드  ← 미보유 또는 청산 조건 미해당 (+0.000)
    거래량  MA25대비 2.95x  〰(neutral) (+0.0000)  ← 임계 미달 (기준 ≥1.2/≤0.7x) → 중립
2026-10-02 14:55:00.161 | INFO     | stock_bot.news.crawler:fetch_naver_news:207 - news relevance filter: 5 → 1 (제외 4건) [034020]
2026-10-02 14:55:00.162 | INFO     | stock_bot.news.crawler:fetch_naver_news:212 - fetched 1 news items for 034020
2026-10-02 14:55:00.167 | DEBUG    | stock_bot.live.runner:_news_tick:840 - news 034020 new=0/1 (모두 중복)
2026-10-02 14:55:00.304 | INFO     | stock_bot.news.crawler:fetch_naver_news:212 - fetched 1 news items for 241560
2026-10-02 14:55:00.311 | DEBUG    | stock_bot.live.runner:_news_tick:840 - news 241560 new=0/1 (모두 중복)
2026-10-02 14:55:00.457 | INFO     | stock_bot.news.crawler:fetch_naver_news:207 - news relevance filter: 3 → 1 (제외 2건) [123330]
2026-10-02 14:55:00.458 | INFO     | stock_bot.news.crawler:fetch_naver_news:212 - fetched 1 news items for 123330
2026-10-02 14:55:00.463 | DEBUG    | stock_bot.live.runner:_news_tick:840 - news 123330 new=0/1 (모두 중복)
2026-10-02 14:55:25.556 | INFO     | stock_bot.live.runner:_tick:1546 - 034020 두산에너빌리티 [ensemble] HOLD score=+0.14 B0/S0 | 현재가 81,000원 | 손절 -1.24%(ATR)
    VWAP 80,942원 +0.07% ─홀드 (+0.000)
    ST 하락추세 ─홀드 (+0.000)
    RSI 51.4 (기준 30/74) ─홀드 (+0.000)
    BB 80,708~81,162원 현재 81,000원 ─홀드 (+0.000)  ← 중간 [──────●───] 64%
    DC  ─홀드  ← 미보유 또는 청산 조건 미해당 (+0.000)
    거래량  MA25대비 1.45x  〰(neutral) (+0.0000)  ← 임계 미달 (기준 ≥1.2/≤0.7x) → 중립
    뉴스  bias=+0.140 (3건)
2026-10-02 14:55:43.407 | INFO     | stock_bot.live.runner:_tick:1546 - 241560 두산밥캣 [ensemble] HOLD score=+0.00 B0/S0 | 현재가 55,000원 | 손절 -1.21%(ATR)
    VWAP 54,899원 +0.18% ─홀드 (+0.000)
    ST 상승추세 ─홀드 (+0.000)
    RSI 53.2 (기준 30/74) ─홀드 (+0.000)
    BB 54,763~55,117원 현재 55,000원 ─홀드 (+0.000)  ← 중간 [──────●───] 67%
    DC  ─홀드  ← 미보유 또는 청산 조건 미해당 (+0.000)
    거래량  MA25대비 0.32x  〰(neutral) (+0.0000)  ← 임계 미달 (기준 ≥1.2/≤0.7x) → 중립
    뉴스  bias=+0.000 (1건)
2026-10-02 14:55:56.938 | INFO     | stock_bot.live.runner:_tick:1546 - 123330 제닉 [ensemble] HOLD score=+0.00 B0/S0 | 현재가 21,800원 | 손절 -1.64%(ATR)
    VWAP 21,842원 -0.19% ─홀드 (+0.000)
    ST 하락추세 ─홀드 (+0.000)
    RSI 46.9 (기준 30/74) ─홀드 (+0.000)
    BB 21,733~21,877원 현재 21,800원 ─홀드 (+0.000)  ← 중간 [────●─────] 47%
    DC  ─홀드  ← 미보유 또는 청산 조건 미해당 (+0.000)
    거래량  MA25대비 0.35x  〰(neutral) (+0.0000)  ← 임계 미달 (기준 ≥1.2/≤0.7x) → 중립
2026-10-02 15:00:00.146 | INFO     | stock_bot.news.crawler:fetch_naver_news:207 - news relevance filter: 4 → 1 (제외 3건) [034020]
2026-10-02 15:00:00.147 | INFO     | stock_bot.news.crawler:fetch_naver_news:212 - fetched 1 news items for 034020
2026-10-02 15:00:00.153 | DEBUG    | stock_bot.live.runner:_news_tick:840 - news 034020 new=0/1 (모두 중복)
2026-10-02 15:00:00.302 | INFO     | stock_bot.news.crawler:fetch_naver_news:212 - fetched 1 news items for 241560
2026-10-02 15:00:00.309 | DEBUG    | stock_bot.live.runner:_news_tick:840 - news 241560 new=0/1 (모두 중복)
2026-10-02 15:00:00.448 | INFO     | stock_bot.news.crawler:fetch_naver_news:207 - news relevance filter: 3 → 1 (제외 2건) [123330]
2026-10-02 15:00:00.449 | INFO     | stock_bot.news.crawler:fetch_naver_news:212 - fetched 1 news items for 123330
2026-10-02 15:00:00.455 | DEBUG    | stock_bot.live.runner:_news_tick:840 - news 123330 new=0/1 (모두 중복)
2026-10-02 15:00:36.407 | INFO     | stock_bot.live.runner:_tick:1546 - 034020 두산에너빌리티 [ensemble] HOLD score=+0.14 B0/S0 | 현재가 81,000원 | 손절 -1.20%(ATR)
    VWAP 80,943원 +0.07% ─홀드 (+0.000)
    ST 하락추세 ─홀드 (+0.000)
    RSI 51.4 (기준 30/74) ─홀드 (+0.000)
    BB 80,750~81,150원 현재 81,000원 ─홀드 (+0.000)  ← 중간 [──────●───] 63%
    DC  ─홀드  ← 미보유 또는 청산 조건 미해당 (+0.000)
    거래량  MA25대비 1.03x  〰(neutral) (+0.0000)  ← 임계 미달 (기준 ≥1.2/≤0.7x) → 중립
    뉴스  bias=+0.140 (3건)
2026-10-02 15:00:59.179 | INFO     | stock_bot.live.runner:_tick:1546 - 241560 두산밥캣 [ensemble] HOLD score=+0.00 B0/S0 | 현재가 55,000원 | 손절 -1.19%(ATR)
    VWAP 54,900원 +0.18% ─홀드 (+0.000)
    ST 상승추세 ─홀드 (+0.000)
    RSI 53.3 (기준 30/74) ─홀드 (+0.000)
    BB 54,768~55,122원 현재 55,000원 ─홀드 (+0.000)  ← 중간 [──────●───] 66%
    DC  ─홀드  ← 미보유 또는 청산 조건 미해당 (+0.000)
    거래량  MA25대비 0.66x  〰(neutral) (+0.0000)  ← 임계 미달 (기준 ≥1.2/≤0.7x) → 중립
    뉴스  bias=+0.000 (1건)
2026-10-02 15:01:33.543 | INFO     | stock_bot.live.runner:_tick:1546 - 123330 제닉 [ensemble] HOLD score=+0.00 B0/S0 | 현재가 21,800원 | 손절 -1.60%(ATR)
    VWAP 21,842원 -0.19% ─홀드 (+0.000)
    ST 하락추세 ─홀드 (+0.000)
    RSI 46.9 (기준 30/74) ─홀드 (+0.000)
    BB 21,744~21,856원 현재 21,800원 ─홀드 (+0.000)  ← 중간 [─────●────] 50%
    DC  ─홀드  ← 미보유 또는 청산 조건 미해당 (+0.000)
    거래량  MA25대비 1.23x  〰(neutral) (+0.0000)  ← 임계 미달 (기준 ≥1.2/≤0.7x) → 중립
2026-10-02 15:05:00.146 | INFO     | stock_bot.news.crawler:fetch_naver_news:207 - news relevance filter: 4 → 1 (제외 3건) [034020]
2026-10-02 15:05:00.146 | INFO     | stock_bot.news.crawler:fetch_naver_news:212 - fetched 1 news items for 034020
2026-10-02 15:05:00.153 | DEBUG    | stock_bot.live.runner:_news_tick:840 - news 034020 new=0/1 (모두 중복)
2026-10-02 15:05:00.290 | INFO     | stock_bot.news.crawler:fetch_naver_news:212 - fetched 1 news items for 241560
2026-10-02 15:05:00.296 | DEBUG    | stock_bot.live.runner:_news_tick:840 - news 241560 new=0/1 (모두 중복)
2026-10-02 15:05:00.423 | INFO     | stock_bot.news.crawler:fetch_naver_news:207 - news relevance filter: 3 → 1 (제외 2건) [123330]
2026-10-02 15:05:00.423 | INFO     | stock_bot.news.crawler:fetch_naver_news:212 - fetched 1 news items for 123330
2026-10-02 15:05:00.430 | DEBUG    | stock_bot.live.runner:_news_tick:840 - news 123330 new=0/1 (모두 중복)
2026-10-02 15:05:20.251 | INFO     | stock_bot.live.runner:_tick:1546 - 034020 두산에너빌리티 [ensemble] HOLD score=+0.14 B0/S0 | 현재가 81,000원 | 손절 -1.18%(ATR)
    VWAP 80,948원 +0.06% ─홀드 (+0.000)
    ST 하락추세 ─홀드 (+0.000)
    RSI 51.1 (기준 30/74) ─홀드 (+0.000)
    BB 80,797~81,143원 현재 81,000원 ─홀드 (+0.000)  ← 중간 [─────●────] 59%
    DC  ─홀드  ← 미보유 또는 청산 조건 미해당 (+0.000)
    거래량  MA25대비 1.17x  〰(neutral) (+0.0000)  ← 임계 미달 (기준 ≥1.2/≤0.7x) → 중립
    뉴스  bias=+0.140 (3건)
2026-10-02 15:05:31.268 | INFO     | stock_bot.live.runner:_tick:1546 - 241560 두산밥캣 [ensemble] HOLD score=+0.00 B0/S0 | 현재가 55,100원 | 손절 -1.16%(ATR)
    VWAP 54,903원 +0.36% ─홀드 (+0.000)
    ST 상승추세 ─홀드 (+0.000)
    RSI 56.9 (기준 30/74) ─홀드 (+0.000)
    BB 54,766~55,144원 현재 55,100원 ─홀드 (+0.000)  ← 상단근접 [────────●─] 88%
    DC  ─홀드  ← 미보유 또는 청산 조건 미해당 (+0.000)
    거래량  MA25대비 1.48x  〰(neutral) (+0.0000)  ← 임계 미달 (기준 ≥1.2/≤0.7x) → 중립
    뉴스  bias=+0.000 (1건)
2026-10-02 15:05:40.150 | INFO     | stock_bot.live.runner:_tick:1546 - 123330 제닉 [ensemble] HOLD score=+0.00 B0/S0 | 현재가 21,850원 | 손절 -1.63%(ATR)
    VWAP 21,841원 +0.04% ─홀드 (+0.000)
    ST 하락추세 ─홀드 (+0.000)
    RSI 50.6 (기준 30/74) ─홀드 (+0.000)
    BB 21,741~21,869원 현재 21,850원 ─홀드 (+0.000)  ← 상단근접 [────────●─] 85%
    DC  ─홀드  ← 미보유 또는 청산 조건 미해당 (+0.000)
    거래량  MA25대비 1.54x  〰(neutral) (+0.0000)  ← 임계 미달 (기준 ≥1.2/≤0.7x) → 중립
2026-10-02 15:10:00.152 | INFO     | stock_bot.news.crawler:fetch_naver_news:207 - news relevance filter: 4 → 1 (제외 3건) [034020]
2026-10-02 15:10:00.153 | INFO     | stock_bot.news.crawler:fetch_naver_news:212 - fetched 1 news items for 034020
2026-10-02 15:10:00.160 | DEBUG    | stock_bot.live.runner:_news_tick:840 - news 034020 new=0/1 (모두 중복)
2026-10-02 15:10:00.298 | INFO     | stock_bot.news.crawler:fetch_naver_news:212 - fetched 1 news items for 241560
2026-10-02 15:10:00.304 | DEBUG    | stock_bot.live.runner:_news_tick:840 - news 241560 new=0/1 (모두 중복)
2026-10-02 15:10:00.454 | INFO     | stock_bot.news.crawler:fetch_naver_news:207 - news relevance filter: 3 → 1 (제외 2건) [123330]
2026-10-02 15:10:00.455 | INFO     | stock_bot.news.crawler:fetch_naver_news:212 - fetched 1 news items for 123330
2026-10-02 15:10:00.462 | DEBUG    | stock_bot.live.runner:_news_tick:840 - news 123330 new=0/1 (모두 중복)
2026-10-02 15:10:14.178 | INFO     | stock_bot.live.runner:_tick:1546 - 034020 두산에너빌리티 [ensemble] HOLD score=+0.14 B0/S0 | 현재가 81,000원 | 손절 -1.14%(ATR)
    VWAP 80,949원 +0.06% ─홀드 (+0.000)
    ST 하락추세 ─홀드 (+0.000)
    RSI 51.2 (기준 30/74) ─홀드 (+0.000)
    BB 80,802~81,128원 현재 81,000원 ─홀드 (+0.000)  ← 중간 [──────●───] 61%
    DC  ─홀드  ← 미보유 또는 청산 조건 미해당 (+0.000)
    거래량  MA25대비 2.71x  〰(neutral) (+0.0000)  ← 임계 미달 (기준 ≥1.2/≤0.7x) → 중립
    뉴스  bias=+0.140 (3건)
2026-10-02 15:10:24.929 | INFO     | stock_bot.live.runner:_tick:1546 - 241560 두산밥캣 [ensemble] HOLD score=+0.00 B0/S0 | 현재가 55,000원 | 손절 -1.15%(ATR)
    VWAP 54,906원 +0.17% ─홀드 (+0.000)
    ST 상승추세 ─홀드 (+0.000)
    RSI 53.4 (기준 30/74) ─홀드 (+0.000)
    BB 54,796~55,124원 현재 55,000원 ─홀드 (+0.000)  ← 중간 [──────●───] 62%
    DC  ─홀드  ← 미보유 또는 청산 조건 미해당 (+0.000)
    거래량  MA25대비 1.65x  〰(neutral) (+0.0000)  ← 임계 미달 (기준 ≥1.2/≤0.7x) → 중립
    뉴스  bias=+0.000 (1건)
2026-10-02 15:10:35.772 | INFO     | stock_bot.live.runner:_tick:1546 - 123330 제닉 [ensemble] HOLD score=+0.00 B0/S0 | 현재가 21,800원 | 손절 -1.75%(ATR)
    VWAP 21,841원 -0.19% ─홀드 (+0.000)
    ST 하락추세 ─홀드 (+0.000)
    RSI 46.8 (기준 30/74) ─홀드 (+0.000)
    BB 21,749~21,866원 현재 21,800원 ─홀드 (+0.000)  ← 중간 [────●─────] 44%
    DC  ─홀드  ← 미보유 또는 청산 조건 미해당 (+0.000)
    거래량  MA25대비 1.04x  〰(neutral) (+0.0000)  ← 임계 미달 (기준 ≥1.2/≤0.7x) → 중립
2026-10-02 15:15:00.166 | INFO     | stock_bot.news.crawler:fetch_naver_news:207 - news relevance filter: 4 → 1 (제외 3건) [034020]
2026-10-02 15:15:00.167 | INFO     | stock_bot.news.crawler:fetch_naver_news:212 - fetched 1 news items for 034020
2026-10-02 15:15:00.173 | DEBUG    | stock_bot.live.runner:_news_tick:840 - news 034020 new=0/1 (모두 중복)
2026-10-02 15:15:00.315 | INFO     | stock_bot.news.crawler:fetch_naver_news:212 - fetched 1 news items for 241560
2026-10-02 15:15:00.322 | DEBUG    | stock_bot.live.runner:_news_tick:840 - news 241560 new=0/1 (모두 중복)
2026-10-02 15:15:00.468 | INFO     | stock_bot.news.crawler:fetch_naver_news:207 - news relevance filter: 3 → 1 (제외 2건) [123330]
2026-10-02 15:15:00.470 | INFO     | stock_bot.news.crawler:fetch_naver_news:212 - fetched 1 news items for 123330
2026-10-02 15:15:00.476 | DEBUG    | stock_bot.live.runner:_news_tick:840 - news 123330 new=0/1 (모두 중복)
2026-10-02 15:15:18.133 | INFO     | stock_bot.live.runner:_tick:1546 - 034020 두산에너빌리티 [ensemble] HOLD score=+0.14 B0/S0 | 현재가 81,100원 | 손절 -1.14%(ATR)
    VWAP 80,954원 +0.18% ─홀드 (+0.000)
    ST 하락추세 ─홀드 (+0.000)
    RSI 53.8 (기준 30/74) ─홀드 (+0.000)
    BB 80,801~81,159원 현재 81,100원 ─홀드 (+0.000)  ← 상단근접 [────────●─] 84%
    DC  ─홀드  ← 미보유 또는 청산 조건 미해당 (+0.000)
    거래량  MA25대비 1.99x  〰(neutral) (+0.0000)  ← 임계 미달 (기준 ≥1.2/≤0.7x) → 중립
    뉴스  bias=+0.140 (3건)
2026-10-02 15:15:30.483 | INFO     | stock_bot.live.runner:_tick:1546 - 241560 두산밥캣 [ensemble] HOLD score=+0.00 B0/S0 | 현재가 55,000원 | 손절 -1.25%(ATR)
    VWAP 54,922원 +0.14% ─홀드 (+0.000)
    ST 상승추세 ─홀드 (+0.000)
    RSI 52.5 (기준 30/74) ─홀드 (+0.000)
    BB 54,818~55,132원 현재 55,000원 ─홀드 (+0.000)  ← 중간 [─────●────] 58%
    DC  ─홀드  ← 미보유 또는 청산 조건 미해당 (+0.000)
    거래량  MA25대비 6.76x  〰(neutral) (+0.0000)  ← 임계 미달 (기준 ≥1.2/≤0.7x) → 중립
    뉴스  bias=+0.000 (1건)
2026-10-02 15:15:40.469 | INFO     | stock_bot.live.runner:_tick:1546 - 123330 제닉 [ensemble] HOLD score=+0.00 B0/S0 | 현재가 21,750원 | 손절 -1.79%(ATR)
    VWAP 21,841원 -0.42% ─홀드 (+0.000)
    ST 하락추세 ─홀드 (+0.000)
    RSI 43.9 (기준 30/74) ─홀드 (+0.000)
    BB 21,735~21,865원 현재 21,750원 ─홀드 (+0.000)  ← 하단근접 [─●────────] 11%
    DC  ─홀드  ← 미보유 또는 청산 조건 미해당 (+0.000)
    거래량  MA25대비 1.91x  〰(neutral) (+0.0000)  ← 임계 미달 (기준 ≥1.2/≤0.7x) → 중립
2026-10-02 15:20:00.153 | INFO     | stock_bot.news.crawler:fetch_naver_news:207 - news relevance filter: 4 → 1 (제외 3건) [034020]
2026-10-02 15:20:00.154 | INFO     | stock_bot.news.crawler:fetch_naver_news:212 - fetched 1 news items for 034020
2026-10-02 15:20:00.160 | DEBUG    | stock_bot.live.runner:_news_tick:840 - news 034020 new=0/1 (모두 중복)
2026-10-02 15:20:00.291 | INFO     | stock_bot.news.crawler:fetch_naver_news:212 - fetched 1 news items for 241560
2026-10-02 15:20:00.296 | DEBUG    | stock_bot.live.runner:_news_tick:840 - news 241560 new=0/1 (모두 중복)
2026-10-02 15:20:00.431 | INFO     | stock_bot.news.crawler:fetch_naver_news:207 - news relevance filter: 3 → 1 (제외 2건) [123330]
2026-10-02 15:20:00.431 | INFO     | stock_bot.news.crawler:fetch_naver_news:212 - fetched 1 news items for 123330
2026-10-02 15:20:00.437 | DEBUG    | stock_bot.live.runner:_news_tick:840 - news 123330 new=0/1 (모두 중복)
2026-10-02 15:20:13.554 | INFO     | stock_bot.live.runner:_tick:1546 - 034020 두산에너빌리티 [ensemble] HOLD score=+0.14 B0/S0 | 현재가 81,000원 | 손절 -1.14%(ATR)
    VWAP 80,958원 +0.05% ─홀드 (+0.000)
    ST 하락추세 ─홀드 (+0.000)
    RSI 50.6 (기준 30/74) ─홀드 (+0.000)
    BB 80,810~81,160원 현재 81,000원 ─홀드 (+0.000)  ← 중간 [─────●────] 54%
    DC  ─홀드  ← 미보유 또는 청산 조건 미해당 (+0.000)
    거래량  MA25대비 1.56x  〰(neutral) (+0.0000)  ← 임계 미달 (기준 ≥1.2/≤0.7x) → 중립
    뉴스  bias=+0.140 (3건)
2026-10-02 15:20:21.840 | INFO     | stock_bot.live.runner:_tick:1546 - 241560 두산밥캣 [ensemble] HOLD score=+0.00 B0/S0 | 현재가 55,100원 | 손절 -1.35%(ATR)
    VWAP 54,931원 +0.31% ─홀드 (+0.000)
    ST 상승추세 ─홀드 (+0.000)
    RSI 56.0 (기준 30/74) ─홀드 (+0.000)
    BB 54,806~55,184원 현재 55,100원 ─홀드 (+0.000)  ← 상단근접 [───────●──] 78%
    DC  ─홀드  ← 미보유 또는 청산 조건 미해당 (+0.000)
    거래량  MA25대비 2.44x  〰(neutral) (+0.0000)  ← 임계 미달 (기준 ≥1.2/≤0.7x) → 중립
    뉴스  bias=+0.000 (1건)
2026-10-02 15:20:29.538 | INFO     | stock_bot.live.runner:_tick:1546 - 123330 제닉 [ensemble] HOLD score=+0.00 B0/S0 | 현재가 21,700원 | 손절 -1.83%(ATR)
    VWAP 21,840원 -0.64% ─홀드 (+0.000)
    ST 하락추세 ─홀드 (+0.000)
    RSI 41.2 (기준 30/74) ─홀드 (+0.000)
    BB 21,718~21,867원 현재 21,700원 ─홀드 (+0.000)  ← 하단근접 [●──────────] -12%
    DC  ─홀드  ← 미보유 또는 청산 조건 미해당 (+0.000)
    거래량  MA25대비 1.34x  〰(neutral) (+0.0000)  ← 임계 미달 (기준 ≥1.2/≤0.7x) → 중립
2026-10-02 15:25:01.352 | INFO     | stock_bot.news.crawler:fetch_naver_news:207 - news relevance filter: 4 → 1 (제외 3건) [034020]
2026-10-02 15:25:01.355 | INFO     | stock_bot.news.crawler:fetch_naver_news:212 - fetched 1 news items for 034020
2026-10-02 15:25:01.362 | DEBUG    | stock_bot.live.runner:_news_tick:840 - news 034020 new=0/1 (모두 중복)
2026-10-02 15:25:01.496 | INFO     | stock_bot.news.crawler:fetch_naver_news:212 - fetched 1 news items for 241560
2026-10-02 15:25:01.501 | DEBUG    | stock_bot.live.runner:_news_tick:840 - news 241560 new=0/1 (모두 중복)
2026-10-02 15:25:01.655 | INFO     | stock_bot.news.crawler:fetch_naver_news:207 - news relevance filter: 3 → 1 (제외 2건) [123330]
2026-10-02 15:25:01.655 | INFO     | stock_bot.news.crawler:fetch_naver_news:212 - fetched 1 news items for 123330
2026-10-02 15:25:01.661 | DEBUG    | stock_bot.live.runner:_news_tick:840 - news 123330 new=0/1 (모두 중복)
2026-10-02 15:25:09.308 | INFO     | stock_bot.live.runner:_tick:1546 - 034020 두산에너빌리티 [ensemble] HOLD score=+0.14 B0/S0 | 현재가 81,000원 | 손절 -1.06%(ATR)
    VWAP 80,958원 +0.05% ─홀드 (+0.000)
    ST 하락추세 ─홀드 (+0.000)
    RSI 50.5 (기준 30/74) ─홀드 (+0.000)
    BB 80,841~81,159원 현재 81,000원 ─홀드 (+0.000)  ← 중간 [─────●────] 50%
    DC  ─홀드  ← 미보유 또는 청산 조건 미해당 (+0.000)
    거래량  MA25대비 1.56x  〰(neutral) (+0.0000)  ← 임계 미달 (기준 ≥1.2/≤0.7x) → 중립
    뉴스  bias=+0.140 (3건)
2026-10-02 15:25:12.944 | INFO     | stock_bot.live.runner:_tick:1546 - 241560 두산밥캣 [ensemble] HOLD score=+0.00 B0/S0 | 현재가 55,100원 | 손절 -1.26%(ATR)
    VWAP 54,931원 +0.31% ─홀드 (+0.000)
    ST 상승추세 ─홀드 (+0.000)
    RSI 55.6 (기준 30/74) ─홀드 (+0.000)
    BB 54,806~55,214원 현재 55,100원 ─홀드 (+0.000)  ← 중간 [───────●──] 72%
    DC  ─홀드  ← 미보유 또는 청산 조건 미해당 (+0.000)
    거래량  MA25대비 2.44x  〰(neutral) (+0.0000)  ← 임계 미달 (기준 ≥1.2/≤0.7x) → 중립
    뉴스  bias=+0.000 (1건)
2026-10-02 15:25:16.152 | INFO     | stock_bot.live.runner:_tick:1546 - 123330 제닉 [ensemble] HOLD score=+0.00 B0/S0 | 현재가 21,700원 | 손절 -1.71%(ATR)
    VWAP 21,840원 -0.64% ─홀드 (+0.000)
    ST 하락추세 ─홀드 (+0.000)
    RSI 40.7 (기준 30/74) ─홀드 (+0.000)
    BB 21,713~21,867원 현재 21,700원 ─홀드 (+0.000)  ← 하단근접 [●─────────] -9%
    DC  ─홀드  ← 미보유 또는 청산 조건 미해당 (+0.000)
    거래량  MA25대비 1.34x  〰(neutral) (+0.0000)  ← 임계 미달 (기준 ≥1.2/≤0.7x) → 중립
2026-10-02 15:30:00.145 | INFO     | stock_bot.news.crawler:fetch_naver_news:207 - news relevance filter: 4 → 1 (제외 3건) [034020]
2026-10-02 15:30:00.147 | INFO     | stock_bot.news.crawler:fetch_naver_news:212 - fetched 1 news items for 034020
2026-10-02 15:30:00.153 | DEBUG    | stock_bot.live.runner:_news_tick:840 - news 034020 new=0/1 (모두 중복)
2026-10-02 15:30:00.284 | INFO     | stock_bot.news.crawler:fetch_naver_news:212 - fetched 1 news items for 241560
2026-10-02 15:30:00.290 | DEBUG    | stock_bot.live.runner:_news_tick:840 - news 241560 new=0/1 (모두 중복)
2026-10-02 15:30:00.423 | INFO     | stock_bot.news.crawler:fetch_naver_news:207 - news relevance filter: 3 → 1 (제외 2건) [123330]
2026-10-02 15:30:00.424 | INFO     | stock_bot.news.crawler:fetch_naver_news:212 - fetched 1 news items for 123330
2026-10-02 15:30:00.430 | DEBUG    | stock_bot.live.runner:_news_tick:840 - news 123330 new=0/1 (모두 중복)
2026-10-02 15:30:12.909 | INFO     | stock_bot.live.runner:_tick:1546 - 034020 두산에너빌리티 [ensemble] HOLD score=+0.14 B0/S0 | 현재가 81,000원 | 손절 -0.99%(ATR)
    VWAP 80,958원 +0.05% ─홀드 (+0.000)
    ST 하락추세 ─홀드 (+0.000)
    RSI 50.2 (기준 30/74) ─홀드 (+0.000)
    BB 80,852~81,168원 현재 81,000원 ─홀드 (+0.000)  ← 중간 [────●─────] 47%
    DC  ─홀드  ← 미보유 또는 청산 조건 미해당 (+0.000)
    거래량  MA25대비 1.56x  〰(neutral) (+0.0000)  ← 임계 미달 (기준 ≥1.2/≤0.7x) → 중립
    뉴스  bias=+0.140 (3건)
2026-10-02 15:30:19.304 | INFO     | stock_bot.live.runner:_tick:1546 - 241560 두산밥캣 [ensemble] HOLD score=+0.00 B0/S0 | 현재가 55,200원 | 손절 -1.11%(ATR)
    VWAP 54,957원 +0.44% ─홀드 (+0.000)
    ST 상승추세 ─홀드 (+0.000)
    RSI 61.1 (기준 30/74) ─홀드 (+0.000)
    BB 54,853~55,187원 현재 55,200원 ─홀드 (+0.000)  ← 상단근접 [─────────●] 104%
    DC  ─홀드  ← 미보유 또는 청산 조건 미해당 (+0.000)
    거래량  MA25대비 2.96x  〰(neutral) (+0.0000)  ← 임계 미달 (기준 ≥1.2/≤0.7x) → 중립
    뉴스  bias=+0.000 (1건)
2026-10-02 15:30:25.064 | INFO     | stock_bot.live.runner:_tick:1546 - 123330 제닉 [ensemble] HOLD score=+0.00 B0/S0 | 현재가 21,700원 | 손절 -1.60%(ATR)
    VWAP 21,840원 -0.64% ─홀드 (+0.000)
    ST 하락추세 ─홀드 (+0.000)
    RSI 40.6 (기준 30/74) ─홀드 (+0.000)
    BB 21,712~21,858원 현재 21,700원 ─홀드 (+0.000)  ← 하단근접 [●─────────] -8%
    DC  ─홀드  ← 미보유 또는 청산 조건 미해당 (+0.000)
    거래량  MA25대비 1.34x  〰(neutral) (+0.0000)  ← 임계 미달 (기준 ≥1.2/≤0.7x) → 중립
2026-10-02 15:35:00.043 | INFO     | stock_bot.live.review:run_daily_review:553 - daily review 2026-10-02 — 0건
2026-10-02 15:35:50.190 | WARNING  | stock_bot.live.review:_call_claude_no_trade:485 - 무체결 리뷰 JSON 디코딩 실패: Expecting ',' delimiter: line 1 column 1529 (char 1528) | raw={"summary": "2026-10-02 코스피 7,003.74(+0.46%)·코스닥 893.29(-0.11%) 혼조 보합장에서 감시 3종목은 상승1/하락2·평균 -1.64%로 종목군이 지수보다 약했고, 앙상블 봇의 무체결은 상승표 부족(weighted_score<0.55)에 따른 임계값 미달로 판단된다. 유일한 상승 종목 두산밥캣도 +0.91%로 5분봉 노이즈 수준이라 놓친 상승 이득이 사실상 0이며, 제닉 -4.62%·두산에너빌리티 -1.22% 하락 구간 미진입은 손실 회피 = 올바른 규율이다.", "findings": ["감
2026-10-02 15:35:50.242 | WARNING  | stock_bot.live.review:_call_claude_no_trade:489 - 무체결 리뷰 JSON 파싱 실패 — 정규식 salvage 사용 (raw 1540자)
2026-10-02 16:00:00.459 | INFO     | stock_bot.news.crawler:fetch_naver_news:207 - news relevance filter: 5 → 1 (제외 4건) [034020]
2026-10-02 16:00:00.476 | INFO     | stock_bot.news.crawler:fetch_naver_news:212 - fetched 1 news items for 034020
2026-10-02 16:00:00.485 | DEBUG    | stock_bot.live.runner:_news_tick:840 - news 034020 new=0/1 (모두 중복)
2026-10-02 16:00:00.617 | INFO     | stock_bot.news.crawler:fetch_naver_news:212 - fetched 1 news items for 241560
2026-10-02 16:00:00.623 | DEBUG    | stock_bot.live.runner:_news_tick:840 - news 241560 new=0/1 (모두 중복)
2026-10-02 16:00:00.752 | INFO     | stock_bot.news.crawler:fetch_naver_news:207 - news relevance filter: 3 → 1 (제외 2건) [123330]
2026-10-02 16:00:00.753 | INFO     | stock_bot.news.crawler:fetch_naver_news:212 - fetched 1 news items for 123330
2026-10-02 16:00:00.759 | DEBUG    | stock_bot.live.runner:_news_tick:840 - news 123330 new=0/1 (모두 중복)
2026-10-02 17:00:00.212 | INFO     | stock_bot.news.crawler:fetch_naver_news:207 - news relevance filter: 7 → 1 (제외 6건) [034020]
2026-10-02 17:00:00.214 | INFO     | stock_bot.news.crawler:fetch_naver_news:212 - fetched 1 news items for 034020
2026-10-02 17:00:00.221 | DEBUG    | stock_bot.live.runner:_news_tick:840 - news 034020 new=0/1 (모두 중복)
2026-10-02 17:00:00.464 | INFO     | stock_bot.news.crawler:fetch_naver_news:212 - fetched 1 news items for 241560
2026-10-02 17:00:00.471 | DEBUG    | stock_bot.live.runner:_news_tick:840 - news 241560 new=0/1 (모두 중복)
2026-10-02 17:00:00.619 | INFO     | stock_bot.news.crawler:fetch_naver_news:207 - news relevance filter: 3 → 1 (제외 2건) [123330]
2026-10-02 17:00:00.620 | INFO     | stock_bot.news.crawler:fetch_naver_news:212 - fetched 1 news items for 123330
2026-10-02 17:00:00.626 | DEBUG    | stock_bot.live.runner:_news_tick:840 - news 123330 new=0/1 (모두 중복)
2026-10-02 18:00:00.149 | INFO     | stock_bot.news.crawler:fetch_naver_news:207 - news relevance filter: 9 → 1 (제외 8건) [034020]
2026-10-02 18:00:00.150 | INFO     | stock_bot.news.crawler:fetch_naver_news:212 - fetched 1 news items for 034020
2026-10-02 18:00:00.158 | DEBUG    | stock_bot.live.runner:_news_tick:840 - news 034020 new=0/1 (모두 중복)
2026-10-02 18:00:00.293 | INFO     | stock_bot.news.crawler:fetch_naver_news:212 - fetched 1 news items for 241560
2026-10-02 18:00:00.299 | DEBUG    | stock_bot.live.runner:_news_tick:840 - news 241560 new=0/1 (모두 중복)
2026-10-02 18:00:00.434 | INFO     | stock_bot.news.crawler:fetch_naver_news:207 - news relevance filter: 3 → 1 (제외 2건) [123330]
2026-10-02 18:00:00.435 | INFO     | stock_bot.news.crawler:fetch_naver_news:212 - fetched 1 news items for 123330
2026-10-02 18:00:00.441 | DEBUG    | stock_bot.live.runner:_news_tick:840 - news 123330 new=0/1 (모두 중복)
2026-10-02 19:00:00.471 | INFO     | stock_bot.news.crawler:fetch_naver_news:207 - news relevance filter: 10 → 1 (제외 9건) [034020]
2026-10-02 19:00:00.482 | INFO     | stock_bot.news.crawler:fetch_naver_news:212 - fetched 1 news items for 034020
2026-10-02 19:00:00.493 | DEBUG    | stock_bot.live.runner:_news_tick:840 - news 034020 new=0/1 (모두 중복)
2026-10-02 19:00:00.627 | INFO     | stock_bot.news.crawler:fetch_naver_news:212 - fetched 1 news items for 241560
2026-10-02 19:00:00.632 | DEBUG    | stock_bot.live.runner:_news_tick:840 - news 241560 new=0/1 (모두 중복)
2026-10-02 19:00:00.763 | INFO     | stock_bot.news.crawler:fetch_naver_news:207 - news relevance filter: 3 → 1 (제외 2건) [123330]
2026-10-02 19:00:00.763 | INFO     | stock_bot.news.crawler:fetch_naver_news:212 - fetched 1 news items for 123330
2026-10-02 19:00:00.768 | DEBUG    | stock_bot.live.runner:_news_tick:840 - news 123330 new=0/1 (모두 중복)
2026-10-02 20:00:00.178 | INFO     | stock_bot.news.crawler:fetch_naver_news:207 - news relevance filter: 10 → 1 (제외 9건) [034020]
2026-10-02 20:00:00.180 | INFO     | stock_bot.news.crawler:fetch_naver_news:212 - fetched 1 news items for 034020
2026-10-02 20:00:00.186 | DEBUG    | stock_bot.live.runner:_news_tick:840 - news 034020 new=0/1 (모두 중복)
2026-10-02 20:00:00.330 | INFO     | stock_bot.news.crawler:fetch_naver_news:212 - fetched 1 news items for 241560
2026-10-02 20:00:00.335 | DEBUG    | stock_bot.live.runner:_news_tick:840 - news 241560 new=0/1 (모두 중복)
2026-10-02 20:00:00.474 | INFO     | stock_bot.news.crawler:fetch_naver_news:207 - news relevance filter: 3 → 1 (제외 2건) [123330]
2026-10-02 20:00:00.475 | INFO     | stock_bot.news.crawler:fetch_naver_news:212 - fetched 1 news items for 123330
2026-10-02 20:00:00.480 | DEBUG    | stock_bot.live.runner:_news_tick:840 - news 123330 new=0/1 (모두 중복)
2026-10-02 20:10:50.731 | INFO     | stock_bot.notify.metrics:start_metrics_server:30 - metrics server on :9100
2026-10-02 20:10:50.734 | INFO     | stock_bot.live.runner:_start_env_watcher:1949 - env watcher started (1s poll, scope=스톡봇)
2026-10-02 20:10:52.169 | INFO     | stock_bot.live.runner:run_live:1970 - live runner started, mode=모의투자 interval=5min
2026-10-02 20:10:52.181 | INFO     | stock_bot.live.runner:run_live:2053 - news crawl: 5min intraday (critical→instant tick), 60min off-hours (llm=True)
2026-10-02 20:10:52.183 | INFO     | stock_bot.live.runner:run_live:2070 - daily review scheduled: mon-fri 15:35 KST
2026-10-02 20:10:52.186 | INFO     | stock_bot.live.runner:run_live:2080 - cost report scheduled: daily 00:00 KST
2026-10-02 20:10:52.188 | INFO     | stock_bot.live.runner:run_live:2090 - daily backup scheduled: daily 00:05 KST
2026-10-02 20:11:41.535 | INFO     | stock_bot.live.runner:_is_trading_day:669 - 거래일 판정 2026-10-02 → 거래일 (출처: exchange_calendars)
2026-10-02 20:11:42.002 | INFO     | stock_bot.news.crawler:fetch_naver_news:207 - news relevance filter: 10 → 1 (제외 9건) [034020]
2026-10-02 20:11:42.004 | INFO     | stock_bot.news.crawler:fetch_naver_news:212 - fetched 1 news items for 034020
2026-10-02 20:11:42.020 | DEBUG    | stock_bot.live.runner:_news_tick:848 - news 034020 new=0/1 (모두 중복)
2026-10-02 20:11:42.203 | INFO     | stock_bot.news.crawler:fetch_naver_news:212 - fetched 1 news items for 241560
2026-10-02 20:11:42.214 | DEBUG    | stock_bot.live.runner:_news_tick:848 - news 241560 new=0/1 (모두 중복)
2026-10-02 20:11:42.410 | INFO     | stock_bot.news.crawler:fetch_naver_news:207 - news relevance filter: 3 → 1 (제외 2건) [123330]
2026-10-02 20:11:42.411 | INFO     | stock_bot.news.crawler:fetch_naver_news:212 - fetched 1 news items for 123330
2026-10-02 20:11:42.449 | DEBUG    | stock_bot.live.runner:_news_tick:848 - news 123330 new=0/1 (모두 중복)
2026-10-02 20:14:13.634 | INFO     | stock_bot.notify.metrics:start_metrics_server:30 - metrics server on :9100
2026-10-02 20:14:13.638 | INFO     | stock_bot.live.runner:_start_env_watcher:1949 - env watcher started (1s poll, scope=스톡봇)
2026-10-02 20:14:15.514 | INFO     | stock_bot.live.runner:run_live:1970 - live runner started, mode=모의투자 interval=5min
2026-10-02 20:14:15.522 | INFO     | stock_bot.live.runner:run_live:2053 - news crawl: 5min intraday (critical→instant tick), 60min off-hours (llm=True)
2026-10-02 20:14:15.525 | INFO     | stock_bot.live.runner:run_live:2070 - daily review scheduled: mon-fri 15:35 KST
2026-10-02 20:14:15.527 | INFO     | stock_bot.live.runner:run_live:2080 - cost report scheduled: daily 00:00 KST
2026-10-02 20:14:15.529 | INFO     | stock_bot.live.runner:run_live:2090 - daily backup scheduled: daily 00:05 KST
2026-10-02 20:15:04.982 | INFO     | stock_bot.live.runner:_is_trading_day:669 - 거래일 판정 2026-10-02 → 거래일 (출처: exchange_calendars)
2026-10-02 20:15:05.454 | INFO     | stock_bot.news.crawler:fetch_naver_news:207 - news relevance filter: 10 → 1 (제외 9건) [034020]
2026-10-02 20:15:05.455 | INFO     | stock_bot.news.crawler:fetch_naver_news:212 - fetched 1 news items for 034020
2026-10-02 20:15:05.485 | DEBUG    | stock_bot.live.runner:_news_tick:848 - news 034020 new=0/1 (모두 중복)
2026-10-02 20:15:05.761 | INFO     | stock_bot.news.crawler:fetch_naver_news:212 - fetched 1 news items for 241560
2026-10-02 20:15:05.780 | DEBUG    | stock_bot.live.runner:_news_tick:848 - news 241560 new=0/1 (모두 중복)
2026-10-02 20:15:06.051 | INFO     | stock_bot.news.crawler:fetch_naver_news:207 - news relevance filter: 3 → 1 (제외 2건) [123330]
2026-10-02 20:15:06.055 | INFO     | stock_bot.news.crawler:fetch_naver_news:212 - fetched 1 news items for 123330
2026-10-02 20:15:06.101 | DEBUG    | stock_bot.live.runner:_news_tick:848 - news 123330 new=0/1 (모두 중복)
2026-10-02 20:22:30.574 | INFO     | stock_bot.notify.metrics:start_metrics_server:30 - metrics server on :9100
2026-10-02 20:22:30.578 | INFO     | stock_bot.live.runner:_start_env_watcher:1961 - env watcher started (1s poll, scope=스톡봇)
2026-10-02 20:22:31.932 | INFO     | stock_bot.live.runner:run_live:1982 - live runner started, mode=모의투자 interval=5min
2026-10-02 20:22:31.939 | INFO     | stock_bot.live.runner:run_live:2065 - news crawl: 5min intraday (critical→instant tick), 60min off-hours (llm=True)
2026-10-02 20:22:31.942 | INFO     | stock_bot.live.runner:run_live:2082 - daily review scheduled: mon-fri 15:35 KST
2026-10-02 20:22:31.945 | INFO     | stock_bot.live.runner:run_live:2092 - cost report scheduled: daily 00:00 KST
2026-10-02 20:22:31.947 | INFO     | stock_bot.live.runner:run_live:2102 - daily backup scheduled: daily 00:05 KST
2026-10-02 20:23:16.746 | INFO     | stock_bot.live.runner:_is_trading_day:669 - 거래일 판정 2026-10-02 → 거래일 (출처: exchange_calendars)
2026-10-02 20:23:17.050 | INFO     | stock_bot.news.crawler:fetch_naver_news:207 - news relevance filter: 10 → 1 (제외 9건) [034020]
2026-10-02 20:23:17.051 | INFO     | stock_bot.news.crawler:fetch_naver_news:212 - fetched 1 news items for 034020
2026-10-02 20:23:17.070 | DEBUG    | stock_bot.live.runner:_news_tick:848 - news 034020 new=0/1 (모두 중복)
2026-10-02 20:23:17.274 | INFO     | stock_bot.news.crawler:fetch_naver_news:212 - fetched 1 news items for 241560
2026-10-02 20:23:17.285 | DEBUG    | stock_bot.live.runner:_news_tick:848 - news 241560 new=0/1 (모두 중복)
2026-10-02 20:23:17.482 | INFO     | stock_bot.news.crawler:fetch_naver_news:207 - news relevance filter: 3 → 1 (제외 2건) [123330]
2026-10-02 20:23:17.483 | INFO     | stock_bot.news.crawler:fetch_naver_news:212 - fetched 1 news items for 123330
2026-10-02 20:23:17.522 | DEBUG    | stock_bot.live.runner:_news_tick:848 - news 123330 new=0/1 (모두 중복)
2026-10-02 21:00:00.197 | INFO     | stock_bot.news.crawler:fetch_naver_news:207 - news relevance filter: 10 → 1 (제외 9건) [034020]
2026-10-02 21:00:00.199 | INFO     | stock_bot.news.crawler:fetch_naver_news:212 - fetched 1 news items for 034020
2026-10-02 21:00:00.205 | DEBUG    | stock_bot.live.runner:_news_tick:848 - news 034020 new=0/1 (모두 중복)
2026-10-02 21:00:00.328 | INFO     | stock_bot.news.crawler:fetch_naver_news:212 - fetched 1 news items for 241560
2026-10-02 21:00:00.333 | DEBUG    | stock_bot.live.runner:_news_tick:848 - news 241560 new=0/1 (모두 중복)
2026-10-02 21:00:00.454 | INFO     | stock_bot.news.crawler:fetch_naver_news:207 - news relevance filter: 3 → 1 (제외 2건) [123330]
2026-10-02 21:00:00.455 | INFO     | stock_bot.news.crawler:fetch_naver_news:212 - fetched 1 news items for 123330
2026-10-02 21:00:00.460 | DEBUG    | stock_bot.live.runner:_news_tick:848 - news 123330 new=0/1 (모두 중복)
2026-10-02 22:00:00.130 | INFO     | stock_bot.news.crawler:fetch_naver_news:207 - news relevance filter: 10 → 1 (제외 9건) [034020]
2026-10-02 22:00:00.133 | INFO     | stock_bot.news.crawler:fetch_naver_news:212 - fetched 1 news items for 034020
2026-10-02 22:00:00.139 | DEBUG    | stock_bot.live.runner:_news_tick:848 - news 034020 new=0/1 (모두 중복)
2026-10-02 22:00:00.291 | INFO     | stock_bot.news.crawler:fetch_naver_news:212 - fetched 1 news items for 241560
2026-10-02 22:00:00.298 | DEBUG    | stock_bot.live.runner:_news_tick:848 - news 241560 new=0/1 (모두 중복)
2026-10-02 22:00:00.425 | INFO     | stock_bot.news.crawler:fetch_naver_news:207 - news relevance filter: 3 → 1 (제외 2건) [123330]
2026-10-02 22:00:00.426 | INFO     | stock_bot.news.crawler:fetch_naver_news:212 - fetched 1 news items for 123330
2026-10-02 22:00:00.431 | DEBUG    | stock_bot.live.runner:_news_tick:848 - news 123330 new=0/1 (모두 중복)
2026-10-02 23:00:00.168 | INFO     | stock_bot.news.crawler:fetch_naver_news:207 - news relevance filter: 10 → 1 (제외 9건) [034020]
2026-10-02 23:00:00.169 | INFO     | stock_bot.news.crawler:fetch_naver_news:212 - fetched 1 news items for 034020
2026-10-02 23:00:00.174 | DEBUG    | stock_bot.live.runner:_news_tick:848 - news 034020 new=0/1 (모두 중복)
2026-10-02 23:00:00.298 | INFO     | stock_bot.news.crawler:fetch_naver_news:212 - fetched 1 news items for 241560
2026-10-02 23:00:00.354 | DEBUG    | stock_bot.live.runner:_news_tick:848 - news 241560 new=0/1 (모두 중복)
2026-10-02 23:00:00.474 | INFO     | stock_bot.news.crawler:fetch_naver_news:207 - news relevance filter: 3 → 1 (제외 2건) [123330]
2026-10-02 23:00:00.475 | INFO     | stock_bot.news.crawler:fetch_naver_news:212 - fetched 1 news items for 123330
2026-10-02 23:00:00.480 | DEBUG    | stock_bot.live.runner:_news_tick:848 - news 123330 new=0/1 (모두 중복)
