2026-08-06 00:00:00.005 | DEBUG    | stock_bot.live.runner:_send_cost_report:474 - claude_code 백엔드 — API 비용 리포트 생략
2026-08-06 00:00:00.008 | INFO     | stock_bot.live.runner:_is_trading_day:535 - 거래일 판정 2026-08-06 → 거래일 (출처: exchange_calendars)
2026-08-06 00:00:00.289 | INFO     | stock_bot.news.crawler:fetch_naver_news:170 - fetched 0 news items for 006360
2026-08-06 00:00:00.291 | DEBUG    | stock_bot.live.runner:_news_tick:653 - news 006360 new=0/0 (모두 중복)
2026-08-06 00:00:00.757 | INFO     | stock_bot.news.crawler:fetch_naver_news:165 - news relevance filter: 2 → 1 (제외 1건) [013580]
2026-08-06 00:00:00.757 | INFO     | stock_bot.news.crawler:fetch_naver_news:170 - fetched 1 news items for 013580
2026-08-06 00:00:00.762 | DEBUG    | stock_bot.live.runner:_news_tick:653 - news 013580 new=0/1 (모두 중복)
2026-08-06 00:05:00.745 | DEBUG    | stock_bot.live.backup:_export_logs:182 - backup: bot 로그 2026-08-05 추출 171KB
2026-08-06 00:05:06.134 | DEBUG    | stock_bot.live.backup:_export_logs:182 - backup: web 로그 2026-08-05 추출 710KB
2026-08-06 00:05:06.154 | DEBUG    | stock_bot.live.backup:_export_logs:182 - backup: leader 로그 2026-08-05 추출 10KB
2026-08-06 00:05:09.173 | DEBUG    | stock_bot.live.backup:_git_push:265 - backup: origin 정렬됨(behind=0) → reset 생략, 바로 push
2026-08-06 00:05:18.371 | INFO     | stock_bot.live.backup:run_backup:344 - backup 완료: trades=61 reviews=73 news=9 log=891KB → git push
2026-08-06 01:00:00.297 | INFO     | stock_bot.news.crawler:fetch_naver_news:170 - fetched 0 news items for 006360
2026-08-06 01:00:00.299 | DEBUG    | stock_bot.live.runner:_news_tick:653 - news 006360 new=0/0 (모두 중복)
2026-08-06 01:00:00.521 | INFO     | stock_bot.news.crawler:fetch_naver_news:165 - news relevance filter: 2 → 1 (제외 1건) [013580]
2026-08-06 01:00:00.522 | INFO     | stock_bot.news.crawler:fetch_naver_news:170 - fetched 1 news items for 013580
2026-08-06 01:00:00.527 | DEBUG    | stock_bot.live.runner:_news_tick:653 - news 013580 new=0/1 (모두 중복)
2026-08-06 02:00:00.281 | INFO     | stock_bot.news.crawler:fetch_naver_news:170 - fetched 0 news items for 006360
2026-08-06 02:00:00.283 | DEBUG    | stock_bot.live.runner:_news_tick:653 - news 006360 new=0/0 (모두 중복)
2026-08-06 02:00:00.560 | INFO     | stock_bot.news.crawler:fetch_naver_news:165 - news relevance filter: 2 → 1 (제외 1건) [013580]
2026-08-06 02:00:00.561 | INFO     | stock_bot.news.crawler:fetch_naver_news:170 - fetched 1 news items for 013580
2026-08-06 02:00:00.566 | DEBUG    | stock_bot.live.runner:_news_tick:653 - news 013580 new=0/1 (모두 중복)
2026-08-06 03:00:00.318 | INFO     | stock_bot.news.crawler:fetch_naver_news:170 - fetched 0 news items for 006360
2026-08-06 03:00:00.320 | DEBUG    | stock_bot.live.runner:_news_tick:653 - news 006360 new=0/0 (모두 중복)
2026-08-06 03:00:00.554 | INFO     | stock_bot.news.crawler:fetch_naver_news:165 - news relevance filter: 2 → 1 (제외 1건) [013580]
2026-08-06 03:00:00.555 | INFO     | stock_bot.news.crawler:fetch_naver_news:170 - fetched 1 news items for 013580
2026-08-06 03:00:00.560 | DEBUG    | stock_bot.live.runner:_news_tick:653 - news 013580 new=0/1 (모두 중복)
2026-08-06 04:00:00.301 | INFO     | stock_bot.news.crawler:fetch_naver_news:170 - fetched 0 news items for 006360
2026-08-06 04:00:00.303 | DEBUG    | stock_bot.live.runner:_news_tick:653 - news 006360 new=0/0 (모두 중복)
2026-08-06 04:00:00.518 | INFO     | stock_bot.news.crawler:fetch_naver_news:165 - news relevance filter: 2 → 1 (제외 1건) [013580]
2026-08-06 04:00:00.519 | INFO     | stock_bot.news.crawler:fetch_naver_news:170 - fetched 1 news items for 013580
2026-08-06 04:00:00.524 | DEBUG    | stock_bot.live.runner:_news_tick:653 - news 013580 new=0/1 (모두 중복)
2026-08-06 05:00:00.286 | INFO     | stock_bot.news.crawler:fetch_naver_news:170 - fetched 0 news items for 006360
2026-08-06 05:00:00.287 | DEBUG    | stock_bot.live.runner:_news_tick:653 - news 006360 new=0/0 (모두 중복)
2026-08-06 05:00:00.557 | INFO     | stock_bot.news.crawler:fetch_naver_news:165 - news relevance filter: 2 → 1 (제외 1건) [013580]
2026-08-06 05:00:00.557 | INFO     | stock_bot.news.crawler:fetch_naver_news:170 - fetched 1 news items for 013580
2026-08-06 05:00:00.562 | DEBUG    | stock_bot.live.runner:_news_tick:653 - news 013580 new=0/1 (모두 중복)
2026-08-06 06:00:00.285 | INFO     | stock_bot.news.crawler:fetch_naver_news:170 - fetched 0 news items for 006360
2026-08-06 06:00:00.287 | DEBUG    | stock_bot.live.runner:_news_tick:653 - news 006360 new=0/0 (모두 중복)
2026-08-06 06:00:00.495 | INFO     | stock_bot.news.crawler:fetch_naver_news:165 - news relevance filter: 2 → 1 (제외 1건) [013580]
2026-08-06 06:00:00.496 | INFO     | stock_bot.news.crawler:fetch_naver_news:170 - fetched 1 news items for 013580
2026-08-06 06:00:00.501 | DEBUG    | stock_bot.live.runner:_news_tick:653 - news 013580 new=0/1 (모두 중복)
2026-08-06 07:00:00.305 | INFO     | stock_bot.news.crawler:fetch_naver_news:170 - fetched 0 news items for 006360
2026-08-06 07:00:00.315 | DEBUG    | stock_bot.live.runner:_news_tick:653 - news 006360 new=0/0 (모두 중복)
2026-08-06 07:00:00.529 | INFO     | stock_bot.news.crawler:fetch_naver_news:165 - news relevance filter: 2 → 1 (제외 1건) [013580]
2026-08-06 07:00:00.530 | INFO     | stock_bot.news.crawler:fetch_naver_news:170 - fetched 1 news items for 013580
2026-08-06 07:00:00.535 | DEBUG    | stock_bot.live.runner:_news_tick:653 - news 013580 new=0/1 (모두 중복)
2026-08-06 07:58:39.439 | INFO     | stock_bot.live.runner:_reload_env_if_changed:459 - .env 변경 감지, 핫리로드[스톡봇]: trade_symbols: 006360,013580 → 052460,181710
2026-08-06 08:00:01.670 | INFO     | stock_bot.news.crawler:fetch_naver_news:165 - news relevance filter: 25 → 7 (제외 18건) [052460]
2026-08-06 08:00:01.672 | INFO     | stock_bot.news.crawler:fetch_naver_news:170 - fetched 7 news items for 052460
2026-08-06 08:00:03.393 | INFO     | stock_bot.live.runner:_news_tick:692 - news 052460 new=6/7 critical=0 llm_batch=0
2026-08-06 08:00:05.234 | INFO     | stock_bot.news.crawler:fetch_naver_news:165 - news relevance filter: 25 → 15 (제외 10건) [181710]
2026-08-06 08:00:05.235 | INFO     | stock_bot.news.crawler:fetch_naver_news:170 - fetched 15 news items for 181710
2026-08-06 08:00:06.366 | INFO     | stock_bot.live.runner:_news_tick:692 - news 181710 new=12/15 critical=0 llm_batch=0
2026-08-06 09:00:00.307 | INFO     | stock_bot.news.crawler:fetch_naver_news:165 - news relevance filter: 7 → 1 (제외 6건) [052460]
2026-08-06 09:00:00.308 | INFO     | stock_bot.news.crawler:fetch_naver_news:170 - fetched 1 news items for 052460
2026-08-06 09:00:00.313 | DEBUG    | stock_bot.live.runner:_news_tick:653 - news 052460 new=0/1 (모두 중복)
2026-08-06 09:00:00.562 | INFO     | stock_bot.news.crawler:fetch_naver_news:165 - news relevance filter: 4 → 2 (제외 2건) [181710]
2026-08-06 09:00:00.562 | INFO     | stock_bot.news.crawler:fetch_naver_news:170 - fetched 2 news items for 181710
2026-08-06 09:00:00.572 | DEBUG    | stock_bot.live.runner:_news_tick:653 - news 181710 new=0/2 (모두 중복)
2026-08-06 09:00:02.450 | INFO     | stock_bot.live.runner:_tick:1298 - 052460 아이크래프트 [ensemble] HOLD score=+0.00 B0/S0 | 현재가 5,710원 | 손절 -4.00%(ATR)
    VWAP 워밍업 중 (1/8봉)
    VWAP 수집중 (0/5봉)
    ST 하락추세 ─홀드 (+0.000)
    RSI 48.9 (기준 30/74) ─홀드 (+0.000)
    BB 5,647~5,743원 현재 5,710원 ─홀드 (+0.000)  ← 중간 [──────●───] 66%
    DC  ─홀드  ← 미보유 또는 청산 조건 미해당 (+0.000)
2026-08-06 09:00:04.356 | INFO     | stock_bot.live.runner:_tick:1298 - 181710 NHN [ensemble] HOLD score=+0.24 B1/S0 | 현재가 42,200원 | 손절 -4.00%(ATR)
    VWAP 워밍업 중 (1/8봉)
    VWAP 수집중 (0/5봉)
    ST 하락추세 ─홀드 (+0.000)
    RSI 27.9 (기준 30/74) ▲매수 (+0.235)
    BB 42,227~43,668원 현재 42,200원 ─홀드 (+0.000)  ← 하단근접 [●─────────] -2%
    DC  ─홀드  ← 미보유 또는 청산 조건 미해당 (+0.000)
2026-08-06 09:05:01.401 | INFO     | stock_bot.news.crawler:fetch_naver_news:165 - news relevance filter: 7 → 1 (제외 6건) [052460]
2026-08-06 09:05:01.422 | INFO     | stock_bot.news.crawler:fetch_naver_news:170 - fetched 1 news items for 052460
2026-08-06 09:05:01.432 | DEBUG    | stock_bot.live.runner:_news_tick:653 - news 052460 new=0/1 (모두 중복)
2026-08-06 09:05:02.002 | INFO     | stock_bot.live.runner:_tick:1298 - 052460 아이크래프트 [ensemble] HOLD score=+0.00 B0/S0 | 현재가 5,700원 | 손절 -4.00%(ATR)
    VWAP 워밍업 중 (2/8봉)
    VWAP 수집중 (0/5봉)
    ST 하락추세 ─홀드 (+0.000)
    RSI 48.5 (기준 30/74) ─홀드 (+0.000)
    BB 5,641~5,745원 현재 5,700원 ─홀드 (+0.000)  ← 중간 [─────●────] 57%
    DC  ─홀드  ← 미보유 또는 청산 조건 미해당 (+0.000)
    거래량  2,122주  MA25대비 4.06x  [거래 활발 (≥1.2x)]  ← 필터 활성 중 (봉 부족 135/26)
2026-08-06 09:05:02.059 | INFO     | stock_bot.news.crawler:fetch_naver_news:165 - news relevance filter: 4 → 2 (제외 2건) [181710]
2026-08-06 09:05:02.060 | INFO     | stock_bot.news.crawler:fetch_naver_news:170 - fetched 2 news items for 181710
2026-08-06 09:05:02.070 | DEBUG    | stock_bot.live.runner:_news_tick:653 - news 181710 new=0/2 (모두 중복)
2026-08-06 09:05:02.865 | INFO     | stock_bot.live.runner:_tick:1298 - 181710 NHN [ensemble] HOLD score=+0.00 B0/S0 | 현재가 42,500원 | 손절 -4.00%(ATR)
    VWAP 워밍업 중 (2/8봉)
    VWAP 수집중 (0/5봉)
    ST 하락추세 ─홀드 (+0.000)
    RSI 31.0 (기준 30/74) ─홀드 (+0.000)
    BB 42,241~43,634원 현재 42,500원 ─홀드 (+0.000)  ← 하단근접 [─●────────] 19%
    DC  ─홀드  ← 미보유 또는 청산 조건 미해당 (+0.000)
    거래량  13주  MA25대비 0.19x  [거래 저조 (≤0.7x)]  ← 필터 활성 중 (봉 부족 135/26)
2026-08-06 09:10:00.274 | INFO     | stock_bot.news.crawler:fetch_naver_news:165 - news relevance filter: 7 → 1 (제외 6건) [052460]
2026-08-06 09:10:00.275 | INFO     | stock_bot.news.crawler:fetch_naver_news:170 - fetched 1 news items for 052460
2026-08-06 09:10:00.280 | DEBUG    | stock_bot.live.runner:_news_tick:653 - news 052460 new=0/1 (모두 중복)
2026-08-06 09:10:00.496 | INFO     | stock_bot.news.crawler:fetch_naver_news:165 - news relevance filter: 4 → 2 (제외 2건) [181710]
2026-08-06 09:10:00.497 | INFO     | stock_bot.news.crawler:fetch_naver_news:170 - fetched 2 news items for 181710
2026-08-06 09:10:00.505 | DEBUG    | stock_bot.live.runner:_news_tick:653 - news 181710 new=0/2 (모두 중복)
2026-08-06 09:10:01.683 | INFO     | stock_bot.live.runner:_tick:1298 - 052460 아이크래프트 [ensemble] HOLD score=+0.00 B0/S0 | 현재가 5,740원 | 손절 -4.00%(ATR)
    VWAP 워밍업 중 (3/8봉)
    VWAP 수집중 (0/5봉)
    ST 하락추세 ─홀드 (+0.000)
    RSI 51.8 (기준 30/74) ─홀드 (+0.000)
    BB 5,645~5,754원 현재 5,740원 ─홀드 (+0.000)  ← 상단근접 [────────●─] 87%
    DC  ─홀드  ← 미보유 또는 청산 조건 미해당 (+0.000)
    거래량  MA1(봉부족,설정25)대비 1.00x  〰(neutral) (+0.0000)  ← 임계 미달 (기준 ≥1.2/≤0.7x) → 중립
2026-08-06 09:10:02.868 | INFO     | stock_bot.live.runner:_tick:1298 - 181710 NHN [ensemble] HOLD score=+0.24 B1/S0 | 현재가 42,200원 | 손절 -4.00%(ATR)
    VWAP 워밍업 중 (3/8봉)
    VWAP 수집중 (0/5봉)
    ST 하락추세 ─홀드 (+0.000)
    RSI 27.9 (기준 30/74) ▲매수 (+0.235)
    BB 42,084~43,696원 현재 42,200원 ─홀드 (+0.000)  ← 하단근접 [●─────────] 7%
    DC  ─홀드  ← 미보유 또는 청산 조건 미해당 (+0.000)
    거래량  MA1(봉부족,설정25)대비 1.00x  〰(neutral) (+0.0000)  ← 임계 미달 (기준 ≥1.2/≤0.7x) → 중립
2026-08-06 09:15:00.310 | INFO     | stock_bot.news.crawler:fetch_naver_news:165 - news relevance filter: 7 → 1 (제외 6건) [052460]
2026-08-06 09:15:00.311 | INFO     | stock_bot.news.crawler:fetch_naver_news:170 - fetched 1 news items for 052460
2026-08-06 09:15:00.316 | DEBUG    | stock_bot.live.runner:_news_tick:653 - news 052460 new=0/1 (모두 중복)
2026-08-06 09:15:00.540 | INFO     | stock_bot.news.crawler:fetch_naver_news:165 - news relevance filter: 4 → 2 (제외 2건) [181710]
2026-08-06 09:15:00.541 | INFO     | stock_bot.news.crawler:fetch_naver_news:170 - fetched 2 news items for 181710
2026-08-06 09:15:00.549 | DEBUG    | stock_bot.live.runner:_news_tick:653 - news 181710 new=0/2 (모두 중복)
2026-08-06 09:15:05.116 | INFO     | stock_bot.live.runner:_tick:1298 - 052460 아이크래프트 [ensemble] HOLD score=+0.00 B0/S0 | 현재가 5,590원 | 손절 -4.00%(ATR)
    VWAP 워밍업 중 (4/8봉)
    VWAP 수집중 (0/5봉)
    ST 하락추세 ─홀드 (+0.000)
    RSI 40.0 (기준 30/74) ─홀드 (+0.000)
    BB 5,614~5,760원 현재 5,590원 ─홀드 (+0.000)  ← 하단근접 [●──────────] -17%
    DC  ─홀드  ← 미보유 또는 청산 조건 미해당 (+0.000)
    거래량  MA2(봉부족,설정25)대비 0.95x  〰(neutral) (+0.0000)  ← 임계 미달 (기준 ≥1.2/≤0.7x) → 중립
2026-08-06 09:15:09.594 | INFO     | stock_bot.live.runner:_tick:1298 - 181710 NHN [ensemble] HOLD score=+0.00 B0/S0 | 현재가 42,750원 | 손절 -4.00%(ATR)
    VWAP 워밍업 중 (4/8봉)
    VWAP 수집중 (0/5봉)
    ST 하락추세 ─홀드 (+0.000)
    RSI 39.5 (기준 30/74) ─홀드 (+0.000)
    BB 42,161~43,649원 현재 42,750원 ─홀드 (+0.000)  ← 중간 [───●──────] 40%
    DC  ─홀드  ← 미보유 또는 청산 조건 미해당 (+0.000)
    거래량  MA2(봉부족,설정25)대비 1.23x  〰(neutral) (+0.0000)  ← 임계 미달 (기준 ≥1.2/≤0.7x) → 중립
2026-08-06 09:20:00.285 | INFO     | stock_bot.news.crawler:fetch_naver_news:165 - news relevance filter: 7 → 1 (제외 6건) [052460]
2026-08-06 09:20:00.285 | INFO     | stock_bot.news.crawler:fetch_naver_news:170 - fetched 1 news items for 052460
2026-08-06 09:20:00.290 | DEBUG    | stock_bot.live.runner:_news_tick:653 - news 052460 new=0/1 (모두 중복)
2026-08-06 09:20:00.511 | INFO     | stock_bot.news.crawler:fetch_naver_news:165 - news relevance filter: 4 → 2 (제외 2건) [181710]
2026-08-06 09:20:00.512 | INFO     | stock_bot.news.crawler:fetch_naver_news:170 - fetched 2 news items for 181710
2026-08-06 09:20:00.521 | DEBUG    | stock_bot.live.runner:_news_tick:653 - news 181710 new=0/2 (모두 중복)
2026-08-06 09:20:01.471 | INFO     | stock_bot.live.runner:_tick:1298 - 052460 아이크래프트 [ensemble] HOLD score=+0.00 B0/S0 | 현재가 5,640원 | 손절 -4.00%(ATR)
    VWAP 워밍업 중 (5/8봉)
    VWAP 수집중 (0/5봉)
    ST 하락추세 ─홀드 (+0.000)
    RSI 44.5 (기준 30/74) ─홀드 (+0.000)
    BB 5,609~5,760원 현재 5,640원 ─홀드 (+0.000)  ← 하단근접 [──●───────] 21%
    DC  ─홀드  ← 미보유 또는 청산 조건 미해당 (+0.000)
    거래량  MA3(봉부족,설정25)대비 0.87x  〰(neutral) (+0.0000)  ← 임계 미달 (기준 ≥1.2/≤0.7x) → 중립
2026-08-06 09:20:02.558 | INFO     | stock_bot.live.runner:_tick:1298 - 181710 NHN [ensemble] HOLD score=+0.00 B0/S0 | 현재가 42,750원 | 손절 -4.00%(ATR)
    VWAP 워밍업 중 (5/8봉)
    VWAP 수집중 (0/5봉)
    ST 하락추세 ─홀드 (+0.000)
    RSI 39.6 (기준 30/74) ─홀드 (+0.000)
    BB 42,150~43,645원 현재 42,750원 ─홀드 (+0.000)  ← 중간 [────●─────] 40%
    DC  ─홀드  ← 미보유 또는 청산 조건 미해당 (+0.000)
    거래량  MA3(봉부족,설정25)대비 0.20x  〰(neutral) (+0.0000)  ← 임계 미달 (기준 ≥1.2/≤0.7x) → 중립
2026-08-06 09:25:00.285 | INFO     | stock_bot.news.crawler:fetch_naver_news:165 - news relevance filter: 7 → 1 (제외 6건) [052460]
2026-08-06 09:25:00.286 | INFO     | stock_bot.news.crawler:fetch_naver_news:170 - fetched 1 news items for 052460
2026-08-06 09:25:00.291 | DEBUG    | stock_bot.live.runner:_news_tick:653 - news 052460 new=0/1 (모두 중복)
2026-08-06 09:25:00.506 | INFO     | stock_bot.news.crawler:fetch_naver_news:165 - news relevance filter: 4 → 2 (제외 2건) [181710]
2026-08-06 09:25:00.507 | INFO     | stock_bot.news.crawler:fetch_naver_news:170 - fetched 2 news items for 181710
2026-08-06 09:25:00.516 | DEBUG    | stock_bot.live.runner:_news_tick:653 - news 181710 new=0/2 (모두 중복)
2026-08-06 09:25:01.768 | INFO     | stock_bot.live.runner:_tick:1298 - 052460 아이크래프트 [ensemble] HOLD score=+0.16 B1/S0 | 현재가 5,600원 | 손절 -4.00%(ATR)
    VWAP 워밍업 중 (6/8봉)
    VWAP 수집중 (0/5봉)
    ST 하락추세 ─홀드 (+0.000)
    RSI 42.0 (기준 30/74) ─홀드 (+0.000)
    BB 5,590~5,768원 현재 5,600원 ▲매수 (+0.212)
    DC  ─홀드  ← 미보유 또는 청산 조건 미해당 (+0.000)
    거래량  MA4(봉부족,설정25)대비 0.50x  ▼(penalty) (-0.0500)  ← 점수 조정 -0.0500
2026-08-06 09:25:02.512 | INFO     | stock_bot.live.runner:_tick:1298 - 181710 NHN [ensemble] HOLD score=+0.00 B0/S0 | 현재가 42,800원 | 손절 -4.00%(ATR)
    VWAP 워밍업 중 (6/8봉)
    VWAP 수집중 (0/5봉)
    ST 하락추세 ─홀드 (+0.000)
    RSI 40.9 (기준 30/74) ─홀드 (+0.000)
    BB 42,153~43,607원 현재 42,800원 ─홀드 (+0.000)  ← 중간 [────●─────] 44%
    DC  ─홀드  ← 미보유 또는 청산 조건 미해당 (+0.000)
    거래량  MA4(봉부족,설정25)대비 0.26x  〰(neutral) (+0.0000)  ← 임계 미달 (기준 ≥1.2/≤0.7x) → 중립
2026-08-06 09:30:00.508 | INFO     | stock_bot.news.crawler:fetch_naver_news:165 - news relevance filter: 7 → 1 (제외 6건) [052460]
2026-08-06 09:30:00.523 | INFO     | stock_bot.news.crawler:fetch_naver_news:170 - fetched 1 news items for 052460
2026-08-06 09:30:00.530 | DEBUG    | stock_bot.live.runner:_news_tick:653 - news 052460 new=0/1 (모두 중복)
2026-08-06 09:30:00.828 | INFO     | stock_bot.news.crawler:fetch_naver_news:165 - news relevance filter: 4 → 2 (제외 2건) [181710]
2026-08-06 09:30:00.829 | INFO     | stock_bot.news.crawler:fetch_naver_news:170 - fetched 2 news items for 181710
2026-08-06 09:30:00.846 | DEBUG    | stock_bot.live.runner:_news_tick:653 - news 181710 new=0/2 (모두 중복)
2026-08-06 09:30:08.898 | INFO     | stock_bot.live.runner:_tick:1298 - 052460 아이크래프트 [ensemble] HOLD score=+0.19 B1/S0 | 현재가 5,150원 | 손절 -4.00%(ATR)
    VWAP 워밍업 중 (7/8봉)
    VWAP 수집중 (0/5봉)
    ST 하락추세 ─홀드 (+0.000)
    RSI 24.3 (기준 30/74) ▲매수 (+0.235)
    BB 5,398~5,903원 현재 5,150원 ─홀드 (+0.000)  ← 하단근접 [●─────────────] -49%
    DC  ─홀드  ← 미보유 또는 청산 조건 미해당 (+0.000)
    거래량  MA5(봉부족,설정25)대비 0.14x  ▼(penalty) (-0.0500)  ← 점수 조정 -0.0500
2026-08-06 09:30:21.539 | INFO     | stock_bot.live.runner:_tick:1298 - 181710 NHN [ensemble] HOLD score=+0.00 B0/S0 | 현재가 42,450원 | 손절 -4.00%(ATR)
    VWAP 워밍업 중 (7/8봉)
    VWAP 수집중 (0/5봉)
    ST 하락추세 ─홀드 (+0.000)
    RSI 37.1 (기준 30/74) ─홀드 (+0.000)
    BB 42,062~43,558원 현재 42,450원 ─홀드 (+0.000)  ← 중간 [──●───────] 26%
    DC  ─홀드  ← 미보유 또는 청산 조건 미해당 (+0.000)
    거래량  MA5(봉부족,설정25)대비 0.74x  〰(neutral) (+0.0000)  ← 임계 미달 (기준 ≥1.2/≤0.7x) → 중립
2026-08-06 09:35:00.286 | INFO     | stock_bot.news.crawler:fetch_naver_news:165 - news relevance filter: 7 → 1 (제외 6건) [052460]
2026-08-06 09:35:00.287 | INFO     | stock_bot.news.crawler:fetch_naver_news:170 - fetched 1 news items for 052460
2026-08-06 09:35:00.293 | DEBUG    | stock_bot.live.runner:_news_tick:653 - news 052460 new=0/1 (모두 중복)
2026-08-06 09:35:00.513 | INFO     | stock_bot.news.crawler:fetch_naver_news:165 - news relevance filter: 4 → 2 (제외 2건) [181710]
2026-08-06 09:35:00.513 | INFO     | stock_bot.news.crawler:fetch_naver_news:170 - fetched 2 news items for 181710
2026-08-06 09:35:00.523 | DEBUG    | stock_bot.live.runner:_news_tick:653 - news 181710 new=0/2 (모두 중복)
2026-08-06 09:35:03.520 | INFO     | stock_bot.live.runner:_tick:1298 - 052460 아이크래프트 [ensemble] HOLD score=+0.00 B0/S0 | 현재가 5,400원 | 손절 -4.00%(ATR)
    VWAP 수집중 (0/5봉)
    ST 하락추세 ─홀드 (+0.000)
    RSI 39.4 (기준 30/74) ─홀드 (+0.000)
    BB 5,323~5,924원 현재 5,400원 ─홀드 (+0.000)  ← 하단근접 [─●────────] 13%
    DC  ─홀드  ← 미보유 또는 청산 조건 미해당 (+0.000)
    거래량  MA6(봉부족,설정25)대비 3.18x  〰(neutral) (+0.0000)  ← 임계 미달 (기준 ≥1.2/≤0.7x) → 중립
2026-08-06 09:35:05.327 | INFO     | stock_bot.live.runner:_tick:1298 - 181710 NHN [ensemble] HOLD score=+0.00 B0/S0 | 현재가 42,450원 | 손절 -4.00%(ATR)
    VWAP 수집중 (0/5봉)
    ST 하락추세 ─홀드 (+0.000)
    RSI 37.3 (기준 30/74) ─홀드 (+0.000)
    BB 42,059~43,471원 현재 42,450원 ─홀드 (+0.000)  ← 중간 [──●───────] 28%
    DC  ─홀드  ← 미보유 또는 청산 조건 미해당 (+0.000)
    거래량  MA6(봉부족,설정25)대비 0.31x  〰(neutral) (+0.0000)  ← 임계 미달 (기준 ≥1.2/≤0.7x) → 중립
2026-08-06 09:40:00.356 | INFO     | stock_bot.news.crawler:fetch_naver_news:165 - news relevance filter: 7 → 1 (제외 6건) [052460]
2026-08-06 09:40:00.368 | INFO     | stock_bot.news.crawler:fetch_naver_news:170 - fetched 1 news items for 052460
2026-08-06 09:40:00.374 | DEBUG    | stock_bot.live.runner:_news_tick:653 - news 052460 new=0/1 (모두 중복)
2026-08-06 09:40:00.632 | INFO     | stock_bot.news.crawler:fetch_naver_news:165 - news relevance filter: 4 → 2 (제외 2건) [181710]
2026-08-06 09:40:00.633 | INFO     | stock_bot.news.crawler:fetch_naver_news:170 - fetched 2 news items for 181710
2026-08-06 09:40:00.644 | DEBUG    | stock_bot.live.runner:_news_tick:653 - news 181710 new=0/2 (모두 중복)
2026-08-06 09:40:13.284 | INFO     | stock_bot.live.runner:_tick:1298 - 052460 아이크래프트 [ensemble] HOLD score=+0.00 B0/S0 | 현재가 5,470원 | 손절 -4.00%(ATR)
    VWAP 수집중 (1/5봉)
    ST 하락추세 ─홀드 (+0.000)
    RSI 42.6 (기준 30/74) ─홀드 (+0.000)
    BB 5,319~5,910원 현재 5,470원 ─홀드 (+0.000)  ← 중간 [──●───────] 26%
    DC  ─홀드  ← 미보유 또는 청산 조건 미해당 (+0.000)
    거래량  MA7(봉부족,설정25)대비 0.60x  〰(neutral) (+0.0000)  ← 임계 미달 (기준 ≥1.2/≤0.7x) → 중립
2026-08-06 09:40:23.304 | INFO     | stock_bot.live.runner:_tick:1298 - 181710 NHN [ensemble] HOLD score=+0.00 B0/S0 | 현재가 42,650원 | 손절 -4.00%(ATR)
    VWAP 수집중 (1/5봉)
    ST 하락추세 ─홀드 (+0.000)
    RSI 40.9 (기준 30/74) ─홀드 (+0.000)
    BB 42,102~43,368원 현재 42,650원 ─홀드 (+0.000)  ← 중간 [────●─────] 43%
    DC  ─홀드  ← 미보유 또는 청산 조건 미해당 (+0.000)
    거래량  MA7(봉부족,설정25)대비 0.53x  〰(neutral) (+0.0000)  ← 임계 미달 (기준 ≥1.2/≤0.7x) → 중립
2026-08-06 09:45:00.291 | INFO     | stock_bot.news.crawler:fetch_naver_news:165 - news relevance filter: 7 → 1 (제외 6건) [052460]
2026-08-06 09:45:00.292 | INFO     | stock_bot.news.crawler:fetch_naver_news:170 - fetched 1 news items for 052460
2026-08-06 09:45:00.297 | DEBUG    | stock_bot.live.runner:_news_tick:653 - news 052460 new=0/1 (모두 중복)
2026-08-06 09:45:00.528 | INFO     | stock_bot.news.crawler:fetch_naver_news:165 - news relevance filter: 4 → 2 (제외 2건) [181710]
2026-08-06 09:45:00.529 | INFO     | stock_bot.news.crawler:fetch_naver_news:170 - fetched 2 news items for 181710
2026-08-06 09:45:00.537 | DEBUG    | stock_bot.live.runner:_news_tick:653 - news 181710 new=0/2 (모두 중복)
2026-08-06 09:45:02.589 | INFO     | stock_bot.live.runner:_tick:1298 - 052460 아이크래프트 [ensemble] HOLD score=+0.00 B0/S0 | 현재가 5,490원 | 손절 -4.00%(ATR)
    VWAP 수집중 (2/5봉)
    ST 하락추세 ─홀드 (+0.000)
    RSI 43.6 (기준 30/74) ─홀드 (+0.000)
    BB 5,307~5,907원 현재 5,490원 ─홀드 (+0.000)  ← 중간 [───●──────] 31%
    DC  ─홀드  ← 미보유 또는 청산 조건 미해당 (+0.000)
    거래량  MA8(봉부족,설정25)대비 0.15x  〰(neutral) (+0.0000)  ← 임계 미달 (기준 ≥1.2/≤0.7x) → 중립
2026-08-06 09:45:04.642 | INFO     | stock_bot.live.runner:_tick:1298 - 181710 NHN [ensemble] HOLD score=+0.00 B0/S0 | 현재가 43,000원 | 손절 -4.00%(ATR)
    VWAP 수집중 (2/5봉)
    ST 하락추세 ─홀드 (+0.000)
    RSI 47.1 (기준 30/74) ─홀드 (+0.000)
    BB 42,154~43,311원 현재 43,000원 ─홀드 (+0.000)  ← 중간 [───────●──] 73%
    DC  ─홀드  ← 미보유 또는 청산 조건 미해당 (+0.000)
    거래량  MA8(봉부족,설정25)대비 0.92x  〰(neutral) (+0.0000)  ← 임계 미달 (기준 ≥1.2/≤0.7x) → 중립
2026-08-06 09:50:00.273 | INFO     | stock_bot.news.crawler:fetch_naver_news:165 - news relevance filter: 7 → 1 (제외 6건) [052460]
2026-08-06 09:50:00.274 | INFO     | stock_bot.news.crawler:fetch_naver_news:170 - fetched 1 news items for 052460
2026-08-06 09:50:00.281 | DEBUG    | stock_bot.live.runner:_news_tick:653 - news 052460 new=0/1 (모두 중복)
2026-08-06 09:50:00.659 | INFO     | stock_bot.news.crawler:fetch_naver_news:165 - news relevance filter: 4 → 2 (제외 2건) [181710]
2026-08-06 09:50:00.661 | INFO     | stock_bot.news.crawler:fetch_naver_news:170 - fetched 2 news items for 181710
2026-08-06 09:50:00.678 | DEBUG    | stock_bot.live.runner:_news_tick:653 - news 181710 new=0/2 (모두 중복)
2026-08-06 09:50:13.477 | INFO     | stock_bot.live.runner:_tick:1298 - 052460 아이크래프트 [ensemble] HOLD score=+0.00 B0/S0 | 현재가 5,500원 | 손절 -4.00%(ATR)
    VWAP 수집중 (3/5봉)
    ST 하락추세 ─홀드 (+0.000)
    RSI 44.1 (기준 30/74) ─홀드 (+0.000)
    BB 5,299~5,899원 현재 5,500원 ─홀드 (+0.000)  ← 중간 [───●──────] 33%
    DC  ─홀드  ← 미보유 또는 청산 조건 미해당 (+0.000)
    거래량  MA9(봉부족,설정25)대비 0.34x  〰(neutral) (+0.0000)  ← 임계 미달 (기준 ≥1.2/≤0.7x) → 중립
2026-08-06 09:50:24.010 | INFO     | stock_bot.live.runner:_tick:1298 - 181710 NHN [ensemble] HOLD score=+0.00 B0/S0 | 현재가 43,000원 | 손절 -4.00%(ATR)
    VWAP 수집중 (3/5봉)
    ST 하락추세 ─홀드 (+0.000)
    RSI 47.1 (기준 30/74) ─홀드 (+0.000)
    BB 42,193~43,242원 현재 43,000원 ─홀드 (+0.000)  ← 상단근접 [───────●──] 77%
    DC  ─홀드  ← 미보유 또는 청산 조건 미해당 (+0.000)
    거래량  MA9(봉부족,설정25)대비 0.94x  〰(neutral) (+0.0000)  ← 임계 미달 (기준 ≥1.2/≤0.7x) → 중립
2026-08-06 09:55:00.298 | INFO     | stock_bot.news.crawler:fetch_naver_news:165 - news relevance filter: 7 → 1 (제외 6건) [052460]
2026-08-06 09:55:00.299 | INFO     | stock_bot.news.crawler:fetch_naver_news:170 - fetched 1 news items for 052460
2026-08-06 09:55:00.305 | DEBUG    | stock_bot.live.runner:_news_tick:653 - news 052460 new=0/1 (모두 중복)
2026-08-06 09:55:00.540 | INFO     | stock_bot.news.crawler:fetch_naver_news:165 - news relevance filter: 4 → 2 (제외 2건) [181710]
2026-08-06 09:55:00.540 | INFO     | stock_bot.news.crawler:fetch_naver_news:170 - fetched 2 news items for 181710
2026-08-06 09:55:00.550 | DEBUG    | stock_bot.live.runner:_news_tick:653 - news 181710 new=0/2 (모두 중복)
2026-08-06 09:55:05.781 | INFO     | stock_bot.live.runner:_tick:1298 - 052460 아이크래프트 [ensemble] HOLD score=+0.00 B0/S0 | 현재가 5,530원 | 손절 -4.00%(ATR)
    VWAP 수집중 (4/5봉)
    ST 하락추세 ─홀드 (+0.000)
    RSI 45.6 (기준 30/74) ─홀드 (+0.000)
    BB 5,296~5,892원 현재 5,530원 ─홀드 (+0.000)  ← 중간 [───●──────] 39%
    DC  ─홀드  ← 미보유 또는 청산 조건 미해당 (+0.000)
    거래량  MA10(봉부족,설정25)대비 0.37x  〰(neutral) (+0.0000)  ← 임계 미달 (기준 ≥1.2/≤0.7x) → 중립
2026-08-06 09:55:09.009 | INFO     | stock_bot.live.runner:_tick:1298 - 181710 NHN [ensemble] HOLD score=+0.00 B0/S0 | 현재가 42,800원 | 손절 -4.00%(ATR)
    VWAP 수집중 (4/5봉)
    ST 하락추세 ─홀드 (+0.000)
    RSI 44.2 (기준 30/74) ─홀드 (+0.000)
    BB 42,239~43,141원 현재 42,800원 ─홀드 (+0.000)  ← 중간 [──────●───] 62%
    DC  ─홀드  ← 미보유 또는 청산 조건 미해당 (+0.000)
    거래량  MA10(봉부족,설정25)대비 0.47x  〰(neutral) (+0.0000)  ← 임계 미달 (기준 ≥1.2/≤0.7x) → 중립
2026-08-06 10:00:00.274 | INFO     | stock_bot.news.crawler:fetch_naver_news:165 - news relevance filter: 7 → 1 (제외 6건) [052460]
2026-08-06 10:00:00.275 | INFO     | stock_bot.news.crawler:fetch_naver_news:170 - fetched 1 news items for 052460
2026-08-06 10:00:00.280 | DEBUG    | stock_bot.live.runner:_news_tick:653 - news 052460 new=0/1 (모두 중복)
2026-08-06 10:00:00.522 | INFO     | stock_bot.news.crawler:fetch_naver_news:165 - news relevance filter: 4 → 2 (제외 2건) [181710]
2026-08-06 10:00:00.523 | INFO     | stock_bot.news.crawler:fetch_naver_news:170 - fetched 2 news items for 181710
2026-08-06 10:00:00.532 | DEBUG    | stock_bot.live.runner:_news_tick:653 - news 181710 new=0/2 (모두 중복)
2026-08-06 10:00:16.262 | INFO     | stock_bot.live.runner:_tick:1298 - 052460 아이크래프트 [ensemble] HOLD score=+0.00 B0/S0 | 현재가 5,580원 | 손절 -4.00%(ATR)
    VWAP 5,507원 +1.33% ─홀드 (+0.000)
    ST 하락추세 ─홀드 (+0.000)
    RSI 47.8 (기준 30/74) ─홀드 (+0.000)
    BB 5,297~5,885원 현재 5,580원 ─홀드 (+0.000)  ← 중간 [────●─────] 48%
    DC  ─홀드  ← 미보유 또는 청산 조건 미해당 (+0.000)
    거래량  MA11(봉부족,설정25)대비 0.57x  〰(neutral) (+0.0000)  ← 임계 미달 (기준 ≥1.2/≤0.7x) → 중립
2026-08-06 10:00:33.856 | INFO     | stock_bot.live.runner:_tick:1298 - 181710 NHN [ensemble] HOLD score=+0.21 B1/S0 | 현재가 43,100원 | 손절 -4.00%(ATR)
    VWAP 42,962원 +0.32% ─홀드 (+0.000)
    ST 하락→상승전환 ▲매수 (+0.259)
    RSI 48.9 (기준 30/74) ─홀드 (+0.000)
    BB 42,215~43,190원 현재 43,100원 ─홀드 (+0.000)  ← 상단근접 [─────────●] 91%
    DC  ─홀드  ← 미보유 또는 청산 조건 미해당 (+0.000)
    거래량  MA11(봉부족,설정25)대비 0.43x  ▼(penalty) (-0.0500)  ← 점수 조정 -0.0500
2026-08-06 10:05:00.306 | INFO     | stock_bot.news.crawler:fetch_naver_news:165 - news relevance filter: 7 → 1 (제외 6건) [052460]
2026-08-06 10:05:00.307 | INFO     | stock_bot.news.crawler:fetch_naver_news:170 - fetched 1 news items for 052460
2026-08-06 10:05:00.313 | DEBUG    | stock_bot.live.runner:_news_tick:653 - news 052460 new=0/1 (모두 중복)
2026-08-06 10:05:00.785 | INFO     | stock_bot.news.crawler:fetch_naver_news:165 - news relevance filter: 4 → 2 (제외 2건) [181710]
2026-08-06 10:05:00.786 | INFO     | stock_bot.news.crawler:fetch_naver_news:170 - fetched 2 news items for 181710
2026-08-06 10:05:00.795 | DEBUG    | stock_bot.live.runner:_news_tick:653 - news 181710 new=0/2 (모두 중복)
2026-08-06 10:05:02.558 | INFO     | stock_bot.live.runner:_tick:1298 - 052460 아이크래프트 [ensemble] HOLD score=+0.00 B0/S0 | 현재가 5,500원 | 손절 -4.00%(ATR)
    VWAP 5,507원 -0.13% ─홀드 (+0.000)
    ST 하락추세 ─홀드 (+0.000)
    RSI 44.7 (기준 30/74) ─홀드 (+0.000)
    BB 5,282~5,869원 현재 5,500원 ─홀드 (+0.000)  ← 중간 [───●──────] 37%
    DC  ─홀드  ← 미보유 또는 청산 조건 미해당 (+0.000)
    거래량  MA12(봉부족,설정25)대비 0.19x  〰(neutral) (+0.0000)  ← 임계 미달 (기준 ≥1.2/≤0.7x) → 중립
2026-08-06 10:05:04.606 | INFO     | stock_bot.live.runner:_tick:1298 - 181710 NHN [ensemble] HOLD score=+0.00 B0/S0 | 현재가 42,750원 | 손절 -4.00%(ATR)
    VWAP 42,949원 -0.46% ─홀드 (+0.000)
    ST 상승추세 ─홀드 (+0.000)
    RSI 44.2 (기준 30/74) ─홀드 (+0.000)
    BB 42,229~43,151원 현재 42,750원 ─홀드 (+0.000)  ← 중간 [─────●────] 57%
    DC  ─홀드  ← 미보유 또는 청산 조건 미해당 (+0.000)
    거래량  MA12(봉부족,설정25)대비 0.45x  〰(neutral) (+0.0000)  ← 임계 미달 (기준 ≥1.2/≤0.7x) → 중립
2026-08-06 10:10:00.303 | INFO     | stock_bot.news.crawler:fetch_naver_news:165 - news relevance filter: 7 → 1 (제외 6건) [052460]
2026-08-06 10:10:00.304 | INFO     | stock_bot.news.crawler:fetch_naver_news:170 - fetched 1 news items for 052460
2026-08-06 10:10:00.311 | DEBUG    | stock_bot.live.runner:_news_tick:653 - news 052460 new=0/1 (모두 중복)
2026-08-06 10:10:00.568 | INFO     | stock_bot.news.crawler:fetch_naver_news:165 - news relevance filter: 4 → 2 (제외 2건) [181710]
2026-08-06 10:10:00.569 | INFO     | stock_bot.news.crawler:fetch_naver_news:170 - fetched 2 news items for 181710
2026-08-06 10:10:00.580 | DEBUG    | stock_bot.live.runner:_news_tick:653 - news 181710 new=0/2 (모두 중복)
2026-08-06 10:10:02.761 | INFO     | stock_bot.live.runner:_tick:1298 - 052460 아이크래프트 [ensemble] HOLD score=+0.00 B0/S0 | 현재가 5,550원 | 손절 -4.00%(ATR)
    VWAP 5,511원 +0.71% ─홀드 (+0.000)
    ST 하락추세 ─홀드 (+0.000)
    RSI 46.9 (기준 30/74) ─홀드 (+0.000)
    BB 5,286~5,854원 현재 5,550원 ─홀드 (+0.000)  ← 중간 [────●─────] 46%
    DC  ─홀드  ← 미보유 또는 청산 조건 미해당 (+0.000)
    거래량  MA13(봉부족,설정25)대비 0.52x  〰(neutral) (+0.0000)  ← 임계 미달 (기준 ≥1.2/≤0.7x) → 중립
2026-08-06 10:10:04.833 | INFO     | stock_bot.live.runner:_tick:1298 - 181710 NHN [ensemble] HOLD score=+0.00 B0/S0 | 현재가 42,750원 | 손절 -4.00%(ATR)
    VWAP 42,916원 -0.39% ─홀드 (+0.000)
    ST 상승추세 ─홀드 (+0.000)
    RSI 44.7 (기준 30/74) ─홀드 (+0.000)
    BB 42,239~43,141원 현재 42,750원 ─홀드 (+0.000)  ← 중간 [─────●────] 57%
    DC  ─홀드  ← 미보유 또는 청산 조건 미해당 (+0.000)
    거래량  MA13(봉부족,설정25)대비 0.71x  〰(neutral) (+0.0000)  ← 임계 미달 (기준 ≥1.2/≤0.7x) → 중립
2026-08-06 10:15:00.366 | INFO     | stock_bot.news.crawler:fetch_naver_news:165 - news relevance filter: 7 → 1 (제외 6건) [052460]
2026-08-06 10:15:00.367 | INFO     | stock_bot.news.crawler:fetch_naver_news:170 - fetched 1 news items for 052460
2026-08-06 10:15:00.373 | DEBUG    | stock_bot.live.runner:_news_tick:653 - news 052460 new=0/1 (모두 중복)
2026-08-06 10:15:00.609 | INFO     | stock_bot.news.crawler:fetch_naver_news:165 - news relevance filter: 4 → 2 (제외 2건) [181710]
2026-08-06 10:15:00.610 | INFO     | stock_bot.news.crawler:fetch_naver_news:170 - fetched 2 news items for 181710
2026-08-06 10:15:00.619 | DEBUG    | stock_bot.live.runner:_news_tick:653 - news 181710 new=0/2 (모두 중복)
2026-08-06 10:15:06.768 | INFO     | stock_bot.live.runner:_tick:1298 - 052460 아이크래프트 [ensemble] HOLD score=+0.00 B0/S0 | 현재가 5,530원 | 손절 -4.00%(ATR)
    VWAP 5,515원 +0.26% ─홀드 (+0.000)
    ST 하락추세 ─홀드 (+0.000)
    RSI 46.1 (기준 30/74) ─홀드 (+0.000)
    BB 5,283~5,841원 현재 5,530원 ─홀드 (+0.000)  ← 중간 [────●─────] 44%
    DC  ─홀드  ← 미보유 또는 청산 조건 미해당 (+0.000)
    거래량  MA14(봉부족,설정25)대비 0.22x  〰(neutral) (+0.0000)  ← 임계 미달 (기준 ≥1.2/≤0.7x) → 중립
2026-08-06 10:15:08.517 | INFO     | stock_bot.live.runner:_tick:1298 - 181710 NHN [ensemble] HOLD score=+0.00 B0/S0 | 현재가 42,750원 | 손절 -4.00%(ATR)
    VWAP 42,886원 -0.32% ─홀드 (+0.000)
    ST 상승추세 ─홀드 (+0.000)
    RSI 44.6 (기준 30/74) ─홀드 (+0.000)
    BB 42,259~43,136원 현재 42,750원 ─홀드 (+0.000)  ← 중간 [─────●────] 56%
    DC  ─홀드  ← 미보유 또는 청산 조건 미해당 (+0.000)
    거래량  MA14(봉부족,설정25)대비 0.51x  〰(neutral) (+0.0000)  ← 임계 미달 (기준 ≥1.2/≤0.7x) → 중립
2026-08-06 10:20:00.278 | INFO     | stock_bot.news.crawler:fetch_naver_news:165 - news relevance filter: 7 → 1 (제외 6건) [052460]
2026-08-06 10:20:00.279 | INFO     | stock_bot.news.crawler:fetch_naver_news:170 - fetched 1 news items for 052460
2026-08-06 10:20:00.285 | DEBUG    | stock_bot.live.runner:_news_tick:653 - news 052460 new=0/1 (모두 중복)
2026-08-06 10:20:00.535 | INFO     | stock_bot.news.crawler:fetch_naver_news:165 - news relevance filter: 4 → 2 (제외 2건) [181710]
2026-08-06 10:20:00.536 | INFO     | stock_bot.news.crawler:fetch_naver_news:170 - fetched 2 news items for 181710
2026-08-06 10:20:00.548 | DEBUG    | stock_bot.live.runner:_news_tick:653 - news 181710 new=0/2 (모두 중복)
2026-08-06 10:20:13.578 | INFO     | stock_bot.live.runner:_tick:1298 - 052460 아이크래프트 [ensemble] HOLD score=+0.00 B0/S0 | 현재가 5,540원 | 손절 -4.00%(ATR)
    VWAP 5,517원 +0.42% ─홀드 (+0.000)
    ST 하락추세 ─홀드 (+0.000)
    RSI 46.5 (기준 30/74) ─홀드 (+0.000)
    BB 5,282~5,829원 현재 5,540원 ─홀드 (+0.000)  ← 중간 [────●─────] 47%
    DC  ─홀드  ← 미보유 또는 청산 조건 미해당 (+0.000)
    거래량  MA15(봉부족,설정25)대비 0.19x  〰(neutral) (+0.0000)  ← 임계 미달 (기준 ≥1.2/≤0.7x) → 중립
2026-08-06 10:20:22.954 | INFO     | stock_bot.live.runner:_tick:1298 - 181710 NHN [ensemble] HOLD score=+0.00 B0/S0 | 현재가 43,100원 | 손절 -4.00%(ATR)
    VWAP 42,907원 +0.45% ─홀드 (+0.000)
    ST 상승추세 ─홀드 (+0.000)
    RSI 50.0 (기준 30/74) ─홀드 (+0.000)
    BB 42,248~43,247원 현재 43,100원 ─홀드 (+0.000)  ← 상단근접 [────────●─] 85%
    DC  ─홀드  ← 미보유 또는 청산 조건 미해당 (+0.000)
    거래량  MA15(봉부족,설정25)대비 0.89x  〰(neutral) (+0.0000)  ← 임계 미달 (기준 ≥1.2/≤0.7x) → 중립
2026-08-06 10:25:00.302 | INFO     | stock_bot.news.crawler:fetch_naver_news:165 - news relevance filter: 7 → 1 (제외 6건) [052460]
2026-08-06 10:25:00.303 | INFO     | stock_bot.news.crawler:fetch_naver_news:170 - fetched 1 news items for 052460
2026-08-06 10:25:00.308 | DEBUG    | stock_bot.live.runner:_news_tick:653 - news 052460 new=0/1 (모두 중복)
2026-08-06 10:25:00.562 | INFO     | stock_bot.news.crawler:fetch_naver_news:165 - news relevance filter: 4 → 2 (제외 2건) [181710]
2026-08-06 10:25:00.562 | INFO     | stock_bot.news.crawler:fetch_naver_news:170 - fetched 2 news items for 181710
2026-08-06 10:25:00.572 | DEBUG    | stock_bot.live.runner:_news_tick:653 - news 181710 new=0/2 (모두 중복)
2026-08-06 10:25:13.829 | INFO     | stock_bot.live.runner:_tick:1298 - 052460 아이크래프트 [ensemble] HOLD score=+0.00 B0/S0 | 현재가 5,530원 | 손절 -4.00%(ATR)
    VWAP 5,527원 +0.06% ─홀드 (+0.000)
    ST 하락추세 ─홀드 (+0.000)
    RSI 46.0 (기준 30/74) ─홀드 (+0.000)
    BB 5,280~5,817원 현재 5,530원 ─홀드 (+0.000)  ← 중간 [────●─────] 47%
    DC  ─홀드  ← 미보유 또는 청산 조건 미해당 (+0.000)
    거래량  MA16(봉부족,설정25)대비 0.86x  〰(neutral) (+0.0000)  ← 임계 미달 (기준 ≥1.2/≤0.7x) → 중립
2026-08-06 10:25:20.486 | INFO     | stock_bot.live.runner:_tick:1298 - 181710 NHN [ensemble] HOLD score=+0.00 B0/S0 | 현재가 42,650원 | 손절 -4.00%(ATR)
    VWAP 42,892원 -0.56% ─홀드 (+0.000)
    ST 상승추세 ─홀드 (+0.000)
    RSI 44.1 (기준 30/74) ─홀드 (+0.000)
    BB 42,263~43,197원 현재 42,650원 ─홀드 (+0.000)  ← 중간 [────●─────] 41%
    DC  ─홀드  ← 미보유 또는 청산 조건 미해당 (+0.000)
    거래량  MA16(봉부족,설정25)대비 1.22x  〰(neutral) (+0.0000)  ← 임계 미달 (기준 ≥1.2/≤0.7x) → 중립
2026-08-06 10:30:00.272 | INFO     | stock_bot.news.crawler:fetch_naver_news:165 - news relevance filter: 7 → 1 (제외 6건) [052460]
2026-08-06 10:30:00.273 | INFO     | stock_bot.news.crawler:fetch_naver_news:170 - fetched 1 news items for 052460
2026-08-06 10:30:00.279 | DEBUG    | stock_bot.live.runner:_news_tick:653 - news 052460 new=0/1 (모두 중복)
2026-08-06 10:30:00.543 | INFO     | stock_bot.news.crawler:fetch_naver_news:165 - news relevance filter: 4 → 2 (제외 2건) [181710]
2026-08-06 10:30:00.544 | INFO     | stock_bot.news.crawler:fetch_naver_news:170 - fetched 2 news items for 181710
2026-08-06 10:30:00.554 | DEBUG    | stock_bot.live.runner:_news_tick:653 - news 181710 new=0/2 (모두 중복)
2026-08-06 10:30:04.773 | INFO     | stock_bot.live.runner:_tick:1298 - 052460 아이크래프트 [ensemble] HOLD score=+0.00 B0/S0 | 현재가 5,530원 | 손절 -4.00%(ATR)
    VWAP 5,524원 +0.11% ─홀드 (+0.000)
    ST 하락추세 ─홀드 (+0.000)
    RSI 46.6 (기준 30/74) ─홀드 (+0.000)
    BB 5,280~5,791원 현재 5,530원 ─홀드 (+0.000)  ← 중간 [────●─────] 49%
    DC  ─홀드  ← 미보유 또는 청산 조건 미해당 (+0.000)
    거래량  MA17(봉부족,설정25)대비 0.41x  〰(neutral) (+0.0000)  ← 임계 미달 (기준 ≥1.2/≤0.7x) → 중립
2026-08-06 10:30:08.686 | INFO     | stock_bot.live.runner:_tick:1298 - 181710 NHN [ensemble] HOLD score=+0.00 B0/S0 | 현재가 42,650원 | 손절 -4.00%(ATR)
    VWAP 42,862원 -0.50% ─홀드 (+0.000)
    ST 상승추세 ─홀드 (+0.000)
    RSI 44.5 (기준 30/74) ─홀드 (+0.000)
    BB 42,252~43,198원 현재 42,650원 ─홀드 (+0.000)  ← 중간 [────●─────] 42%
    DC  ─홀드  ← 미보유 또는 청산 조건 미해당 (+0.000)
    거래량  MA17(봉부족,설정25)대비 0.89x  〰(neutral) (+0.0000)  ← 임계 미달 (기준 ≥1.2/≤0.7x) → 중립
2026-08-06 10:35:00.310 | INFO     | stock_bot.news.crawler:fetch_naver_news:165 - news relevance filter: 7 → 1 (제외 6건) [052460]
2026-08-06 10:35:00.310 | INFO     | stock_bot.news.crawler:fetch_naver_news:170 - fetched 1 news items for 052460
2026-08-06 10:35:00.316 | DEBUG    | stock_bot.live.runner:_news_tick:653 - news 052460 new=0/1 (모두 중복)
2026-08-06 10:35:00.556 | INFO     | stock_bot.news.crawler:fetch_naver_news:165 - news relevance filter: 4 → 2 (제외 2건) [181710]
2026-08-06 10:35:00.557 | INFO     | stock_bot.news.crawler:fetch_naver_news:170 - fetched 2 news items for 181710
2026-08-06 10:35:00.569 | DEBUG    | stock_bot.live.runner:_news_tick:653 - news 181710 new=0/2 (모두 중복)
2026-08-06 10:35:02.616 | INFO     | stock_bot.live.runner:_tick:1298 - 052460 아이크래프트 [ensemble] HOLD score=+0.00 B0/S0 | 현재가 5,490원 | 손절 -4.00%(ATR)
    VWAP 5,524원 -0.61% ─홀드 (+0.000)
    ST 하락추세 ─홀드 (+0.000)
    RSI 44.1 (기준 30/74) ─홀드 (+0.000)
    BB 5,283~5,768원 현재 5,490원 ─홀드 (+0.000)  ← 중간 [────●─────] 43%
    DC  ─홀드  ← 미보유 또는 청산 조건 미해당 (+0.000)
    거래량  MA18(봉부족,설정25)대비 0.31x  〰(neutral) (+0.0000)  ← 임계 미달 (기준 ≥1.2/≤0.7x) → 중립
2026-08-06 10:35:04.634 | INFO     | stock_bot.live.runner:_tick:1298 - 181710 NHN [ensemble] HOLD score=+0.00 B0/S0 | 현재가 42,800원 | 손절 -4.00%(ATR)
    VWAP 42,857원 -0.13% ─홀드 (+0.000)
    ST 상승추세 ─홀드 (+0.000)
    RSI 46.5 (기준 30/74) ─홀드 (+0.000)
    BB 42,269~43,201원 현재 42,800원 ─홀드 (+0.000)  ← 중간 [─────●────] 57%
    DC  ─홀드  ← 미보유 또는 청산 조건 미해당 (+0.000)
    거래량  MA18(봉부족,설정25)대비 0.47x  〰(neutral) (+0.0000)  ← 임계 미달 (기준 ≥1.2/≤0.7x) → 중립
2026-08-06 10:40:00.329 | INFO     | stock_bot.news.crawler:fetch_naver_news:165 - news relevance filter: 7 → 1 (제외 6건) [052460]
2026-08-06 10:40:00.330 | INFO     | stock_bot.news.crawler:fetch_naver_news:170 - fetched 1 news items for 052460
2026-08-06 10:40:00.336 | DEBUG    | stock_bot.live.runner:_news_tick:653 - news 052460 new=0/1 (모두 중복)
2026-08-06 10:40:00.633 | INFO     | stock_bot.news.crawler:fetch_naver_news:165 - news relevance filter: 4 → 2 (제외 2건) [181710]
2026-08-06 10:40:00.634 | INFO     | stock_bot.news.crawler:fetch_naver_news:170 - fetched 2 news items for 181710
2026-08-06 10:40:00.643 | DEBUG    | stock_bot.live.runner:_news_tick:653 - news 181710 new=0/2 (모두 중복)
2026-08-06 10:40:16.288 | INFO     | stock_bot.live.runner:_tick:1298 - 052460 아이크래프트 [ensemble] HOLD score=+0.00 B0/S0 | 현재가 5,540원 | 손절 -4.00%(ATR)
    VWAP 5,522원 +0.33% ─홀드 (+0.000)
    ST 하락추세 ─홀드 (+0.000)
    RSI 47.0 (기준 30/74) ─홀드 (+0.000)
    BB 5,291~5,747원 현재 5,540원 ─홀드 (+0.000)  ← 중간 [─────●────] 55%
    DC  ─홀드  ← 미보유 또는 청산 조건 미해당 (+0.000)
    거래량  MA19(봉부족,설정25)대비 0.32x  〰(neutral) (+0.0000)  ← 임계 미달 (기준 ≥1.2/≤0.7x) → 중립
2026-08-06 10:40:17.862 | INFO     | stock_bot.live.runner:_tick:1298 - 181710 NHN [ensemble] HOLD score=+0.00 B0/S0 | 현재가 42,700원 | 손절 -4.00%(ATR)
    VWAP 42,852원 -0.35% ─홀드 (+0.000)
    ST 상승추세 ─홀드 (+0.000)
    RSI 45.0 (기준 30/74) ─홀드 (+0.000)
    BB 42,289~43,196원 현재 42,700원 ─홀드 (+0.000)  ← 중간 [────●─────] 45%
    DC  ─홀드  ← 미보유 또는 청산 조건 미해당 (+0.000)
    거래량  MA19(봉부족,설정25)대비 0.49x  〰(neutral) (+0.0000)  ← 임계 미달 (기준 ≥1.2/≤0.7x) → 중립
2026-08-06 10:45:00.302 | INFO     | stock_bot.news.crawler:fetch_naver_news:165 - news relevance filter: 7 → 1 (제외 6건) [052460]
2026-08-06 10:45:00.304 | INFO     | stock_bot.news.crawler:fetch_naver_news:170 - fetched 1 news items for 052460
2026-08-06 10:45:00.309 | DEBUG    | stock_bot.live.runner:_news_tick:653 - news 052460 new=0/1 (모두 중복)
2026-08-06 10:45:00.548 | INFO     | stock_bot.news.crawler:fetch_naver_news:165 - news relevance filter: 4 → 2 (제외 2건) [181710]
2026-08-06 10:45:00.549 | INFO     | stock_bot.news.crawler:fetch_naver_news:170 - fetched 2 news items for 181710
2026-08-06 10:45:00.559 | DEBUG    | stock_bot.live.runner:_news_tick:653 - news 181710 new=0/2 (모두 중복)
2026-08-06 10:45:12.647 | INFO     | stock_bot.live.runner:_tick:1298 - 052460 아이크래프트 [ensemble] HOLD score=+0.00 B0/S0 | 현재가 5,610원 | 손절 -4.00%(ATR)
    VWAP 5,524원 +1.55% ─홀드 (+0.000)
    ST 하락추세 ─홀드 (+0.000)
    RSI 50.9 (기준 30/74) ─홀드 (+0.000)
    BB 5,305~5,725원 현재 5,610원 ─홀드 (+0.000)  ← 중간 [───────●──] 73%
    DC  ─홀드  ← 미보유 또는 청산 조건 미해당 (+0.000)
    거래량  MA20(봉부족,설정25)대비 0.25x  〰(neutral) (+0.0000)  ← 임계 미달 (기준 ≥1.2/≤0.7x) → 중립
2026-08-06 10:45:22.075 | INFO     | stock_bot.live.runner:_tick:1298 - 181710 NHN [ensemble] HOLD score=+0.00 B0/S0 | 현재가 42,800원 | 손절 -4.00%(ATR)
    VWAP 42,845원 -0.11% ─홀드 (+0.000)
    ST 상승추세 ─홀드 (+0.000)
    RSI 46.6 (기준 30/74) ─홀드 (+0.000)
    BB 42,386~43,164원 현재 42,800원 ─홀드 (+0.000)  ← 중간 [─────●────] 53%
    DC  ─홀드  ← 미보유 또는 청산 조건 미해당 (+0.000)
    거래량  MA20(봉부족,설정25)대비 0.84x  〰(neutral) (+0.0000)  ← 임계 미달 (기준 ≥1.2/≤0.7x) → 중립
2026-08-06 10:50:00.346 | INFO     | stock_bot.news.crawler:fetch_naver_news:165 - news relevance filter: 7 → 1 (제외 6건) [052460]
2026-08-06 10:50:00.347 | INFO     | stock_bot.news.crawler:fetch_naver_news:170 - fetched 1 news items for 052460
2026-08-06 10:50:00.353 | DEBUG    | stock_bot.live.runner:_news_tick:653 - news 052460 new=0/1 (모두 중복)
2026-08-06 10:50:00.669 | INFO     | stock_bot.news.crawler:fetch_naver_news:165 - news relevance filter: 4 → 2 (제외 2건) [181710]
2026-08-06 10:50:00.670 | INFO     | stock_bot.news.crawler:fetch_naver_news:170 - fetched 2 news items for 181710
2026-08-06 10:50:00.680 | DEBUG    | stock_bot.live.runner:_news_tick:653 - news 181710 new=0/2 (모두 중복)
2026-08-06 10:50:02.584 | INFO     | stock_bot.live.runner:_tick:1298 - 052460 아이크래프트 [ensemble] HOLD score=+0.00 B0/S0 | 현재가 5,660원 | 손절 -4.00%(ATR)
    VWAP 5,530원 +2.34% ─홀드 (+0.000)
    ST 하락추세 ─홀드 (+0.000)
    RSI 53.3 (기준 30/74) ─홀드 (+0.000)
    BB 5,299~5,744원 현재 5,660원 ─홀드 (+0.000)  ← 상단근접 [────────●─] 81%
    DC  ─홀드  ← 미보유 또는 청산 조건 미해당 (+0.000)
    거래량  MA21(봉부족,설정25)대비 0.29x  〰(neutral) (+0.0000)  ← 임계 미달 (기준 ≥1.2/≤0.7x) → 중립
2026-08-06 10:50:04.758 | INFO     | stock_bot.live.runner:_tick:1298 - 181710 NHN [ensemble] HOLD score=+0.00 B0/S0 | 현재가 43,000원 | 손절 -4.00%(ATR)
    VWAP 42,849원 +0.35% ─홀드 (+0.000)
    ST 상승추세 ─홀드 (+0.000)
    RSI 49.7 (기준 30/74) ─홀드 (+0.000)
    BB 42,387~43,203원 현재 43,000원 ─홀드 (+0.000)  ← 상단근접 [───────●──] 75%
    DC  ─홀드  ← 미보유 또는 청산 조건 미해당 (+0.000)
    거래량  MA21(봉부족,설정25)대비 0.73x  〰(neutral) (+0.0000)  ← 임계 미달 (기준 ≥1.2/≤0.7x) → 중립
2026-08-06 10:55:00.312 | INFO     | stock_bot.news.crawler:fetch_naver_news:165 - news relevance filter: 7 → 1 (제외 6건) [052460]
2026-08-06 10:55:00.313 | INFO     | stock_bot.news.crawler:fetch_naver_news:170 - fetched 1 news items for 052460
2026-08-06 10:55:00.318 | DEBUG    | stock_bot.live.runner:_news_tick:653 - news 052460 new=0/1 (모두 중복)
2026-08-06 10:55:00.573 | INFO     | stock_bot.news.crawler:fetch_naver_news:165 - news relevance filter: 4 → 2 (제외 2건) [181710]
2026-08-06 10:55:00.574 | INFO     | stock_bot.news.crawler:fetch_naver_news:170 - fetched 2 news items for 181710
2026-08-06 10:55:00.583 | DEBUG    | stock_bot.live.runner:_news_tick:653 - news 181710 new=0/2 (모두 중복)
2026-08-06 10:55:03.243 | INFO     | stock_bot.live.runner:_tick:1298 - 052460 아이크래프트 [ensemble] HOLD score=+0.00 B0/S0 | 현재가 5,670원 | 손절 -4.00%(ATR)
    VWAP 5,551원 +2.14% ─홀드 (+0.000)
    ST 하락추세 ─홀드 (+0.000)
    RSI 53.8 (기준 30/74) ─홀드 (+0.000)
    BB 5,295~5,753원 현재 5,670원 ─홀드 (+0.000)  ← 상단근접 [────────●─] 82%
    DC  ─홀드  ← 미보유 또는 청산 조건 미해당 (+0.000)
    거래량  MA22(봉부족,설정25)대비 1.04x  〰(neutral) (+0.0000)  ← 임계 미달 (기준 ≥1.2/≤0.7x) → 중립
2026-08-06 10:55:05.217 | INFO     | stock_bot.live.runner:_tick:1298 - 181710 NHN [ensemble] HOLD score=+0.00 B0/S0 | 현재가 42,750원 | 손절 -4.00%(ATR)
    VWAP 42,849원 -0.23% ─홀드 (+0.000)
    ST 상승추세 ─홀드 (+0.000)
    RSI 46.2 (기준 30/74) ─홀드 (+0.000)
    BB 42,386~43,189원 현재 42,750원 ─홀드 (+0.000)  ← 중간 [────●─────] 45%
    DC  ─홀드  ← 미보유 또는 청산 조건 미해당 (+0.000)
    거래량  MA22(봉부족,설정25)대비 0.47x  〰(neutral) (+0.0000)  ← 임계 미달 (기준 ≥1.2/≤0.7x) → 중립
2026-08-06 11:00:00.289 | INFO     | stock_bot.news.crawler:fetch_naver_news:165 - news relevance filter: 7 → 1 (제외 6건) [052460]
2026-08-06 11:00:00.290 | INFO     | stock_bot.news.crawler:fetch_naver_news:170 - fetched 1 news items for 052460
2026-08-06 11:00:00.296 | DEBUG    | stock_bot.live.runner:_news_tick:653 - news 052460 new=0/1 (모두 중복)
2026-08-06 11:00:00.543 | INFO     | stock_bot.news.crawler:fetch_naver_news:165 - news relevance filter: 4 → 2 (제외 2건) [181710]
2026-08-06 11:00:00.544 | INFO     | stock_bot.news.crawler:fetch_naver_news:170 - fetched 2 news items for 181710
2026-08-06 11:00:00.553 | DEBUG    | stock_bot.live.runner:_news_tick:653 - news 181710 new=0/2 (모두 중복)
2026-08-06 11:00:02.664 | INFO     | stock_bot.live.runner:_tick:1298 - 052460 아이크래프트 [ensemble] HOLD score=+0.21 B1/S0 | 현재가 5,730원 | 손절 -4.00%(ATR)
    VWAP 5,565원 +2.97% ─홀드 (+0.000)
    ST 하락→상승전환 ▲매수 (+0.259)
    RSI 56.1 (기준 30/74) ─홀드 (+0.000)
    BB 5,275~5,797원 현재 5,730원 ─홀드 (+0.000)  ← 상단근접 [────────●─] 87%
    DC  ─홀드  ← 미보유 또는 청산 조건 미해당 (+0.000)
    거래량  MA23(봉부족,설정25)대비 0.66x  ▼(penalty) (-0.0500)  ← 점수 조정 -0.0500
2026-08-06 11:00:05.790 | INFO     | stock_bot.live.runner:_tick:1298 - 181710 NHN [ensemble] HOLD score=+0.24 B1/S0 | 현재가 42,450원 | 손절 -4.00%(ATR)
    VWAP 42,834원 -0.90% ▲매수 (+0.294)
    ST 상승추세 ─홀드 (+0.000)
    RSI 42.5 (기준 30/74) ─홀드 (+0.000)
    BB 42,303~43,207원 현재 42,450원 ─홀드 (+0.000)  ← 하단근접 [─●────────] 16%
    DC  ─홀드  ← 미보유 또는 청산 조건 미해당 (+0.000)
    거래량  MA23(봉부족,설정25)대비 0.58x  ▼(penalty) (-0.0500)  ← 점수 조정 -0.0500
2026-08-06 11:05:00.298 | INFO     | stock_bot.news.crawler:fetch_naver_news:165 - news relevance filter: 7 → 1 (제외 6건) [052460]
2026-08-06 11:05:00.299 | INFO     | stock_bot.news.crawler:fetch_naver_news:170 - fetched 1 news items for 052460
2026-08-06 11:05:00.305 | DEBUG    | stock_bot.live.runner:_news_tick:653 - news 052460 new=0/1 (모두 중복)
2026-08-06 11:05:00.566 | INFO     | stock_bot.news.crawler:fetch_naver_news:165 - news relevance filter: 4 → 2 (제외 2건) [181710]
2026-08-06 11:05:00.567 | INFO     | stock_bot.news.crawler:fetch_naver_news:170 - fetched 2 news items for 181710
2026-08-06 11:05:00.576 | DEBUG    | stock_bot.live.runner:_news_tick:653 - news 181710 new=0/2 (모두 중복)
2026-08-06 11:05:10.820 | INFO     | stock_bot.live.runner:_tick:1298 - 052460 아이크래프트 [ensemble] HOLD score=+0.00 B0/S0 | 현재가 5,790원 | 손절 -4.00%(ATR)
    VWAP 5,628원 +2.87% ─홀드 (+0.000)
    ST 상승추세 ─홀드 (+0.000)
    RSI 58.2 (기준 30/74) ─홀드 (+0.000)
    BB 5,335~5,813원 현재 5,790원 ─홀드 (+0.000)  ← 상단근접 [─────────●] 95%
    DC  ─홀드  ← 미보유 또는 청산 조건 미해당 (+0.000)
    거래량  MA24(봉부족,설정25)대비 2.73x  〰(neutral) (+0.0000)  ← 임계 미달 (기준 ≥1.2/≤0.7x) → 중립
2026-08-06 11:05:19.338 | INFO     | stock_bot.live.runner:_tick:1298 - 181710 NHN [ensemble] HOLD score=+0.39 B1/S0 | 현재가 42,150원 | 손절 -4.00%(ATR)
    VWAP 42,771원 -1.45% ▲매수 (+0.294)
    ST 하락추세 ─홀드 (+0.000)
    RSI 39.8 (기준 30/74) ─홀드 (+0.000)
    BB 42,152~43,298원 현재 42,150원 ─홀드 (+0.000)  ← 하단근접 [●─────────] -0%
    DC  ─홀드  ← 미보유 또는 청산 조건 미해당 (+0.000)
    거래량  MA24(봉부족,설정25)대비 1.38x  ▲(boost) (+0.1000)  ← 점수 조정 +0.1000
2026-08-06 11:10:00.521 | INFO     | stock_bot.news.crawler:fetch_naver_news:165 - news relevance filter: 7 → 1 (제외 6건) [052460]
2026-08-06 11:10:00.522 | INFO     | stock_bot.news.crawler:fetch_naver_news:170 - fetched 1 news items for 052460
2026-08-06 11:10:00.528 | DEBUG    | stock_bot.live.runner:_news_tick:653 - news 052460 new=0/1 (모두 중복)
2026-08-06 11:10:00.785 | INFO     | stock_bot.news.crawler:fetch_naver_news:165 - news relevance filter: 4 → 2 (제외 2건) [181710]
2026-08-06 11:10:00.786 | INFO     | stock_bot.news.crawler:fetch_naver_news:170 - fetched 2 news items for 181710
2026-08-06 11:10:00.795 | DEBUG    | stock_bot.live.runner:_news_tick:653 - news 181710 new=0/2 (모두 중복)
2026-08-06 11:10:16.448 | INFO     | stock_bot.live.runner:_tick:1298 - 052460 아이크래프트 [ensemble] HOLD score=+0.00 B0/S0 | 현재가 5,910원 | 손절 -4.00%(ATR)
    VWAP 5,691원 +3.85% ─홀드 (+0.000)
    ST 상승추세 ─홀드 (+0.000)
    RSI 63.8 (기준 30/74) ─홀드 (+0.000)
    BB 5,329~5,883원 현재 5,910원 ─홀드 (+0.000)  ← 상단근접 [─────────●] 105%
    DC  ─홀드  ← 미보유 또는 청산 조건 미해당 (+0.000)
    거래량  MA25대비 3.01x  〰(neutral) (+0.0000)  ← 임계 미달 (기준 ≥1.2/≤0.7x) → 중립
2026-08-06 11:10:24.539 | INFO     | stock_bot.live.runner:_tick:1298 - 181710 NHN [ensemble] HOLD score=+0.24 B1/S0 | 현재가 42,050원 | 손절 -4.00%(ATR)
    VWAP 42,761원 -1.66% ▲매수 (+0.294)
    ST 하락추세 ─홀드 (+0.000)
    RSI 38.4 (기준 30/74) ─홀드 (+0.000)
    BB 42,056~43,349원 현재 42,050원 ─홀드 (+0.000)  ← 하단근접 [●─────────] -0%
    DC  ─홀드  ← 미보유 또는 청산 조건 미해당 (+0.000)
    거래량  MA25대비 0.24x  ▼(penalty) (-0.0500)  ← 점수 조정 -0.0500
2026-08-06 11:15:00.377 | INFO     | stock_bot.news.crawler:fetch_naver_news:165 - news relevance filter: 7 → 1 (제외 6건) [052460]
2026-08-06 11:15:00.378 | INFO     | stock_bot.news.crawler:fetch_naver_news:170 - fetched 1 news items for 052460
2026-08-06 11:15:00.384 | DEBUG    | stock_bot.live.runner:_news_tick:653 - news 052460 new=0/1 (모두 중복)
2026-08-06 11:15:00.634 | INFO     | stock_bot.news.crawler:fetch_naver_news:165 - news relevance filter: 4 → 2 (제외 2건) [181710]
2026-08-06 11:15:00.635 | INFO     | stock_bot.news.crawler:fetch_naver_news:170 - fetched 2 news items for 181710
2026-08-06 11:15:00.644 | DEBUG    | stock_bot.live.runner:_news_tick:653 - news 181710 new=0/2 (모두 중복)
2026-08-06 11:15:12.707 | INFO     | stock_bot.live.runner:_tick:1298 - 052460 아이크래프트 [ensemble] HOLD score=+0.00 B0/S0 | 현재가 6,060원 | 손절 -4.00%(ATR)
    VWAP 5,804원 +4.40% ─홀드 (+0.000)
    ST 상승추세 ─홀드 (+0.000)
    RSI 68.8 (기준 30/74) ─홀드 (+0.000)
    BB 5,276~6,010원 현재 6,060원 ─홀드 (+0.000)  ← 상단근접 [─────────●] 107%
    DC  ─홀드  ← 미보유 또는 청산 조건 미해당 (+0.000)
    거래량  MA25대비 4.97x  〰(neutral) (+0.0000)  ← 임계 미달 (기준 ≥1.2/≤0.7x) → 중립
2026-08-06 11:15:21.050 | INFO     | stock_bot.live.runner:_tick:1298 - 181710 NHN [ensemble] HOLD score=+0.24 B1/S0 | 현재가 42,150원 | 손절 -3.83%(ATR)
    VWAP 42,751원 -1.41% ▲매수 (+0.294)
    ST 하락추세 ─홀드 (+0.000)
    RSI 39.8 (기준 30/74) ─홀드 (+0.000)
    BB 42,008~43,357원 현재 42,150원 ─홀드 (+0.000)  ← 하단근접 [─●────────] 11%
    DC  ─홀드  ← 미보유 또는 청산 조건 미해당 (+0.000)
    거래량  MA25대비 0.26x  ▼(penalty) (-0.0500)  ← 점수 조정 -0.0500
2026-08-06 11:20:00.291 | INFO     | stock_bot.news.crawler:fetch_naver_news:165 - news relevance filter: 7 → 1 (제외 6건) [052460]
2026-08-06 11:20:00.292 | INFO     | stock_bot.news.crawler:fetch_naver_news:170 - fetched 1 news items for 052460
2026-08-06 11:20:00.300 | DEBUG    | stock_bot.live.runner:_news_tick:653 - news 052460 new=0/1 (모두 중복)
2026-08-06 11:20:00.553 | INFO     | stock_bot.news.crawler:fetch_naver_news:165 - news relevance filter: 4 → 2 (제외 2건) [181710]
2026-08-06 11:20:00.554 | INFO     | stock_bot.news.crawler:fetch_naver_news:170 - fetched 2 news items for 181710
2026-08-06 11:20:00.563 | DEBUG    | stock_bot.live.runner:_news_tick:653 - news 181710 new=0/2 (모두 중복)
2026-08-06 11:20:11.358 | INFO     | stock_bot.live.runner:_tick:1298 - 052460 아이크래프트 [ensemble] HOLD score=+0.00 B0/S0 | 현재가 6,110원 | 손절 -4.00%(ATR)
    VWAP 5,830원 +4.80% ─홀드 (+0.000)
    ST 상승추세 ─홀드 (+0.000)
    RSI 70.2 (기준 30/74) ─홀드 (+0.000)
    BB 5,252~6,101원 현재 6,110원 ─홀드 (+0.000)  ← 상단근접 [─────────●] 101%
    DC  ─홀드  ← 미보유 또는 청산 조건 미해당 (+0.000)
    거래량  MA25대비 1.70x  〰(neutral) (+0.0000)  ← 임계 미달 (기준 ≥1.2/≤0.7x) → 중립
2026-08-06 11:20:18.859 | INFO     | stock_bot.live.runner:_tick:1298 - 181710 NHN [ensemble] HOLD score=+0.39 B1/S0 | 현재가 42,300원 | 손절 -4.00%(ATR)
    VWAP 42,725원 -0.99% ▲매수 (+0.294)
    ST 하락추세 ─홀드 (+0.000)
    RSI 43.3 (기준 30/74) ─홀드 (+0.000)
    BB 42,033~43,307원 현재 42,300원 ─홀드 (+0.000)  ← 하단근접 [──●───────] 21%
    DC  ─홀드  ← 미보유 또는 청산 조건 미해당 (+0.000)
    거래량  MA25대비 1.78x  ▲(boost) (+0.1000)  ← 점수 조정 +0.1000
2026-08-06 11:25:00.293 | INFO     | stock_bot.news.crawler:fetch_naver_news:165 - news relevance filter: 7 → 1 (제외 6건) [052460]
2026-08-06 11:25:00.294 | INFO     | stock_bot.news.crawler:fetch_naver_news:170 - fetched 1 news items for 052460
2026-08-06 11:25:00.300 | DEBUG    | stock_bot.live.runner:_news_tick:653 - news 052460 new=0/1 (모두 중복)
2026-08-06 11:25:00.542 | INFO     | stock_bot.news.crawler:fetch_naver_news:165 - news relevance filter: 4 → 2 (제외 2건) [181710]
2026-08-06 11:25:00.543 | INFO     | stock_bot.news.crawler:fetch_naver_news:170 - fetched 2 news items for 181710
2026-08-06 11:25:00.552 | DEBUG    | stock_bot.live.runner:_news_tick:653 - news 181710 new=0/2 (모두 중복)
2026-08-06 11:25:15.153 | INFO     | stock_bot.live.runner:_tick:1298 - 052460 아이크래프트 [ensemble] HOLD score=+0.00 B0/S0 | 현재가 6,170원 | 손절 -4.00%(ATR)
    VWAP 5,845원 +5.57% ─홀드 (+0.000)
    ST 상승추세 ─홀드 (+0.000)
    RSI 71.8 (기준 30/74) ─홀드 (+0.000)
    BB 5,235~6,189원 현재 6,170원 ─홀드 (+0.000)  ← 상단근접 [─────────●] 98%
    DC  ─홀드  ← 미보유 또는 청산 조건 미해당 (+0.000)
    거래량  MA25대비 0.79x  〰(neutral) (+0.0000)  ← 임계 미달 (기준 ≥1.2/≤0.7x) → 중립
2026-08-06 11:25:23.381 | INFO     | stock_bot.live.runner:_tick:1298 - 181710 NHN [ensemble] HOLD score=+0.00 B0/S0 | 현재가 42,450원 | 손절 -3.81%(ATR)
    VWAP 42,705원 -0.60% ─홀드 (+0.000)
    ST 하락추세 ─홀드 (+0.000)
    RSI 44.8 (기준 30/74) ─홀드 (+0.000)
    BB 42,014~43,256원 현재 42,450원 ─홀드 (+0.000)  ← 중간 [───●──────] 35%
    DC  ─홀드  ← 미보유 또는 청산 조건 미해당 (+0.000)
    거래량  MA25대비 0.75x  〰(neutral) (+0.0000)  ← 임계 미달 (기준 ≥1.2/≤0.7x) → 중립
2026-08-06 11:30:00.291 | INFO     | stock_bot.news.crawler:fetch_naver_news:165 - news relevance filter: 7 → 1 (제외 6건) [052460]
2026-08-06 11:30:00.292 | INFO     | stock_bot.news.crawler:fetch_naver_news:170 - fetched 1 news items for 052460
2026-08-06 11:30:00.297 | DEBUG    | stock_bot.live.runner:_news_tick:653 - news 052460 new=0/1 (모두 중복)
2026-08-06 11:30:00.539 | INFO     | stock_bot.news.crawler:fetch_naver_news:165 - news relevance filter: 4 → 2 (제외 2건) [181710]
2026-08-06 11:30:00.540 | INFO     | stock_bot.news.crawler:fetch_naver_news:170 - fetched 2 news items for 181710
2026-08-06 11:30:00.549 | DEBUG    | stock_bot.live.runner:_news_tick:653 - news 181710 new=0/2 (모두 중복)
2026-08-06 11:30:02.603 | INFO     | stock_bot.live.runner:_tick:1298 - 052460 아이크래프트 [ensemble] HOLD score=+0.00 B0/S0 | 현재가 6,240원 | 손절 -4.00%(ATR)
    VWAP 5,895원 +5.86% ─홀드 (+0.000)
    ST 상승추세 ─홀드 (+0.000)
    RSI 72.2 (기준 30/74) ─홀드 (+0.000)
    BB 5,212~6,294원 현재 6,240원 ─홀드 (+0.000)  ← 상단근접 [─────────●] 95%
    DC  ─홀드  ← 미보유 또는 청산 조건 미해당 (+0.000)
    거래량  MA25대비 1.48x  〰(neutral) (+0.0000)  ← 임계 미달 (기준 ≥1.2/≤0.7x) → 중립
2026-08-06 11:30:04.759 | INFO     | stock_bot.live.runner:_tick:1298 - 181710 NHN [ensemble] HOLD score=+0.00 B0/S0 | 현재가 42,550원 | 손절 -3.65%(ATR)
    VWAP 42,704원 -0.36% ─홀드 (+0.000)
    ST 하락추세 ─홀드 (+0.000)
    RSI 46.4 (기준 30/74) ─홀드 (+0.000)
    BB 42,011~43,239원 현재 42,550원 ─홀드 (+0.000)  ← 중간 [────●─────] 44%
    DC  ─홀드  ← 미보유 또는 청산 조건 미해당 (+0.000)
    거래량  MA25대비 0.11x  〰(neutral) (+0.0000)  ← 임계 미달 (기준 ≥1.2/≤0.7x) → 중립
2026-08-06 11:35:00.306 | INFO     | stock_bot.news.crawler:fetch_naver_news:165 - news relevance filter: 7 → 1 (제외 6건) [052460]
2026-08-06 11:35:00.307 | INFO     | stock_bot.news.crawler:fetch_naver_news:170 - fetched 1 news items for 052460
2026-08-06 11:35:00.313 | DEBUG    | stock_bot.live.runner:_news_tick:653 - news 052460 new=0/1 (모두 중복)
2026-08-06 11:35:00.560 | INFO     | stock_bot.news.crawler:fetch_naver_news:165 - news relevance filter: 4 → 2 (제외 2건) [181710]
2026-08-06 11:35:00.561 | INFO     | stock_bot.news.crawler:fetch_naver_news:170 - fetched 2 news items for 181710
2026-08-06 11:35:00.570 | DEBUG    | stock_bot.live.runner:_news_tick:653 - news 181710 new=0/2 (모두 중복)
2026-08-06 11:35:16.659 | INFO     | stock_bot.live.runner:_tick:1298 - 052460 아이크래프트 [ensemble] HOLD score=+0.00 B0/S0 | 현재가 6,150원 | 손절 -4.00%(ATR)
    VWAP 5,913원 +4.00% ─홀드 (+0.000)
    ST 상승추세 ─홀드 (+0.000)
    RSI 67.8 (기준 30/74) ─홀드 (+0.000)
    BB 5,234~6,318원 현재 6,150원 ─홀드 (+0.000)  ← 상단근접 [────────●─] 85%
    DC  ─홀드  ← 미보유 또는 청산 조건 미해당 (+0.000)
    거래량  MA25대비 1.66x  〰(neutral) (+0.0000)  ← 임계 미달 (기준 ≥1.2/≤0.7x) → 중립
2026-08-06 11:35:27.629 | INFO     | stock_bot.live.runner:_tick:1298 - 181710 NHN [ensemble] HOLD score=+0.00 B0/S0 | 현재가 42,600원 | 손절 -3.58%(ATR)
    VWAP 42,701원 -0.24% ─홀드 (+0.000)
    ST 하락추세 ─홀드 (+0.000)
    RSI 47.2 (기준 30/74) ─홀드 (+0.000)
    BB 42,028~43,172원 현재 42,600원 ─홀드 (+0.000)  ← 중간 [─────●────] 50%
    DC  ─홀드  ← 미보유 또는 청산 조건 미해당 (+0.000)
    거래량  MA25대비 0.31x  〰(neutral) (+0.0000)  ← 임계 미달 (기준 ≥1.2/≤0.7x) → 중립
2026-08-06 11:40:00.384 | INFO     | stock_bot.news.crawler:fetch_naver_news:165 - news relevance filter: 7 → 1 (제외 6건) [052460]
2026-08-06 11:40:00.385 | INFO     | stock_bot.news.crawler:fetch_naver_news:170 - fetched 1 news items for 052460
2026-08-06 11:40:00.391 | DEBUG    | stock_bot.live.runner:_news_tick:653 - news 052460 new=0/1 (모두 중복)
2026-08-06 11:40:00.642 | INFO     | stock_bot.news.crawler:fetch_naver_news:165 - news relevance filter: 4 → 2 (제외 2건) [181710]
2026-08-06 11:40:00.643 | INFO     | stock_bot.news.crawler:fetch_naver_news:170 - fetched 2 news items for 181710
2026-08-06 11:40:00.652 | DEBUG    | stock_bot.live.runner:_news_tick:653 - news 181710 new=0/2 (모두 중복)
2026-08-06 11:40:32.626 | INFO     | stock_bot.live.runner:_tick:1298 - 052460 아이크래프트 [ensemble] HOLD score=+0.00 B0/S0 | 현재가 6,210원 | 손절 -4.00%(ATR)
    VWAP 5,928원 +4.75% ─홀드 (+0.000)
    ST 상승추세 ─홀드 (+0.000)
    RSI 69.4 (기준 30/74) ─홀드 (+0.000)
    BB 5,248~6,381원 현재 6,210원 ─홀드 (+0.000)  ← 상단근접 [────────●─] 85%
    DC  ─홀드  ← 미보유 또는 청산 조건 미해당 (+0.000)
    거래량  MA25대비 0.90x  〰(neutral) (+0.0000)  ← 임계 미달 (기준 ≥1.2/≤0.7x) → 중립
2026-08-06 11:40:34.190 | INFO     | stock_bot.live.runner:_tick:1298 - 181710 NHN [ensemble] HOLD score=+0.00 B0/S0 | 현재가 42,650원 | 손절 -3.44%(ATR)
    VWAP 42,700원 -0.12% ─홀드 (+0.000)
    ST 하락추세 ─홀드 (+0.000)
    RSI 48.1 (기준 30/74) ─홀드 (+0.000)
    BB 42,027~43,163원 현재 42,650원 ─홀드 (+0.000)  ← 중간 [─────●────] 55%
    DC  ─홀드  ← 미보유 또는 청산 조건 미해당 (+0.000)
    거래량  MA25대비 0.28x  〰(neutral) (+0.0000)  ← 임계 미달 (기준 ≥1.2/≤0.7x) → 중립
2026-08-06 11:45:00.271 | INFO     | stock_bot.news.crawler:fetch_naver_news:165 - news relevance filter: 7 → 1 (제외 6건) [052460]
2026-08-06 11:45:00.272 | INFO     | stock_bot.news.crawler:fetch_naver_news:170 - fetched 1 news items for 052460
2026-08-06 11:45:00.279 | DEBUG    | stock_bot.live.runner:_news_tick:653 - news 052460 new=0/1 (모두 중복)
2026-08-06 11:45:00.562 | INFO     | stock_bot.news.crawler:fetch_naver_news:165 - news relevance filter: 4 → 2 (제외 2건) [181710]
2026-08-06 11:45:00.564 | INFO     | stock_bot.news.crawler:fetch_naver_news:170 - fetched 2 news items for 181710
2026-08-06 11:45:00.573 | DEBUG    | stock_bot.live.runner:_news_tick:653 - news 181710 new=0/2 (모두 중복)
2026-08-06 11:45:05.029 | INFO     | stock_bot.live.runner:_tick:1298 - 052460 아이크래프트 [ensemble] HOLD score=+0.00 B0/S0 | 현재가 6,210원 | 손절 -4.00%(ATR)
    VWAP 5,935원 +4.63% ─홀드 (+0.000)
    ST 상승추세 ─홀드 (+0.000)
    RSI 69.1 (기준 30/74) ─홀드 (+0.000)
    BB 5,270~6,424원 현재 6,210원 ─홀드 (+0.000)  ← 상단근접 [────────●─] 81%
    DC  ─홀드  ← 미보유 또는 청산 조건 미해당 (+0.000)
    거래량  MA25대비 0.93x  〰(neutral) (+0.0000)  ← 임계 미달 (기준 ≥1.2/≤0.7x) → 중립
2026-08-06 11:45:06.776 | INFO     | stock_bot.live.runner:_tick:1298 - 181710 NHN [ensemble] HOLD score=+0.00 B0/S0 | 현재가 42,600원 | 손절 -3.28%(ATR)
    VWAP 42,699원 -0.23% ─홀드 (+0.000)
    ST 하락추세 ─홀드 (+0.000)
    RSI 47.0 (기준 30/74) ─홀드 (+0.000)
    BB 42,024~43,151원 현재 42,600원 ─홀드 (+0.000)  ← 중간 [─────●────] 51%
    DC  ─홀드  ← 미보유 또는 청산 조건 미해당 (+0.000)
    거래량  MA25대비 0.25x  〰(neutral) (+0.0000)  ← 임계 미달 (기준 ≥1.2/≤0.7x) → 중립
2026-08-06 11:50:00.299 | INFO     | stock_bot.news.crawler:fetch_naver_news:165 - news relevance filter: 7 → 1 (제외 6건) [052460]
2026-08-06 11:50:00.300 | INFO     | stock_bot.news.crawler:fetch_naver_news:170 - fetched 1 news items for 052460
2026-08-06 11:50:00.307 | DEBUG    | stock_bot.live.runner:_news_tick:653 - news 052460 new=0/1 (모두 중복)
2026-08-06 11:50:00.613 | INFO     | stock_bot.news.crawler:fetch_naver_news:165 - news relevance filter: 4 → 2 (제외 2건) [181710]
2026-08-06 11:50:00.613 | INFO     | stock_bot.news.crawler:fetch_naver_news:170 - fetched 2 news items for 181710
2026-08-06 11:50:00.623 | DEBUG    | stock_bot.live.runner:_news_tick:653 - news 181710 new=0/2 (모두 중복)
2026-08-06 11:50:18.690 | INFO     | stock_bot.live.runner:_tick:1298 - 052460 아이크래프트 [ensemble] HOLD score=+0.00 B0/S0 | 현재가 6,190원 | 손절 -4.00%(ATR)
    VWAP 5,941원 +4.19% ─홀드 (+0.000)
    ST 상승추세 ─홀드 (+0.000)
    RSI 67.7 (기준 30/74) ─홀드 (+0.000)
    BB 5,304~6,452원 현재 6,190원 ─홀드 (+0.000)  ← 상단근접 [───────●──] 77%
    DC  ─홀드  ← 미보유 또는 청산 조건 미해당 (+0.000)
    거래량  MA25대비 0.53x  〰(neutral) (+0.0000)  ← 임계 미달 (기준 ≥1.2/≤0.7x) → 중립
2026-08-06 11:50:30.042 | INFO     | stock_bot.live.runner:_tick:1298 - 181710 NHN [ensemble] HOLD score=+0.00 B0/S0 | 현재가 42,600원 | 손절 -3.25%(ATR)
    VWAP 42,691원 -0.21% ─홀드 (+0.000)
    ST 하락추세 ─홀드 (+0.000)
    RSI 47.4 (기준 30/74) ─홀드 (+0.000)
    BB 42,014~43,131원 현재 42,600원 ─홀드 (+0.000)  ← 중간 [─────●────] 52%
    DC  ─홀드  ← 미보유 또는 청산 조건 미해당 (+0.000)
    거래량  MA25대비 0.98x  〰(neutral) (+0.0000)  ← 임계 미달 (기준 ≥1.2/≤0.7x) → 중립
2026-08-06 11:55:00.285 | INFO     | stock_bot.news.crawler:fetch_naver_news:165 - news relevance filter: 7 → 1 (제외 6건) [052460]
2026-08-06 11:55:00.286 | INFO     | stock_bot.news.crawler:fetch_naver_news:170 - fetched 1 news items for 052460
2026-08-06 11:55:00.293 | DEBUG    | stock_bot.live.runner:_news_tick:653 - news 052460 new=0/1 (모두 중복)
2026-08-06 11:55:00.544 | INFO     | stock_bot.news.crawler:fetch_naver_news:165 - news relevance filter: 4 → 2 (제외 2건) [181710]
2026-08-06 11:55:00.545 | INFO     | stock_bot.news.crawler:fetch_naver_news:170 - fetched 2 news items for 181710
2026-08-06 11:55:00.554 | DEBUG    | stock_bot.live.runner:_news_tick:653 - news 181710 new=0/2 (모두 중복)
2026-08-06 11:55:14.713 | INFO     | stock_bot.live.runner:_tick:1298 - 052460 아이크래프트 [ensemble] HOLD score=+0.00 B0/S0 | 현재가 6,180원 | 손절 -4.00%(ATR)
    VWAP 5,948원 +3.91% ─홀드 (+0.000)
    ST 상승추세 ─홀드 (+0.000)
    RSI 66.7 (기준 30/74) ─홀드 (+0.000)
    BB 5,343~6,478원 현재 6,180원 ─홀드 (+0.000)  ← 중간 [───────●──] 74%
    DC  ─홀드  ← 미보유 또는 청산 조건 미해당 (+0.000)
    거래량  MA25대비 0.55x  〰(neutral) (+0.0000)  ← 임계 미달 (기준 ≥1.2/≤0.7x) → 중립
2026-08-06 11:55:24.035 | INFO     | stock_bot.live.runner:_tick:1298 - 181710 NHN [ensemble] HOLD score=+0.00 B0/S0 | 현재가 42,700원 | 손절 -3.17%(ATR)
    VWAP 42,691원 +0.02% ─홀드 (+0.000)
    ST 하락추세 ─홀드 (+0.000)
    RSI 49.0 (기준 30/74) ─홀드 (+0.000)
    BB 42,058~43,052원 현재 42,700원 ─홀드 (+0.000)  ← 중간 [──────●───] 65%
    DC  ─홀드  ← 미보유 또는 청산 조건 미해당 (+0.000)
    거래량  MA25대비 0.61x  〰(neutral) (+0.0000)  ← 임계 미달 (기준 ≥1.2/≤0.7x) → 중립
2026-08-06 12:00:00.307 | INFO     | stock_bot.news.crawler:fetch_naver_news:165 - news relevance filter: 7 → 1 (제외 6건) [052460]
2026-08-06 12:00:00.308 | INFO     | stock_bot.news.crawler:fetch_naver_news:170 - fetched 1 news items for 052460
2026-08-06 12:00:00.315 | DEBUG    | stock_bot.live.runner:_news_tick:653 - news 052460 new=0/1 (모두 중복)
2026-08-06 12:00:00.556 | INFO     | stock_bot.news.crawler:fetch_naver_news:165 - news relevance filter: 4 → 2 (제외 2건) [181710]
2026-08-06 12:00:00.557 | INFO     | stock_bot.news.crawler:fetch_naver_news:170 - fetched 2 news items for 181710
2026-08-06 12:00:00.567 | DEBUG    | stock_bot.live.runner:_news_tick:653 - news 181710 new=0/2 (모두 중복)
2026-08-06 12:00:31.907 | INFO     | stock_bot.live.runner:_tick:1298 - 052460 아이크래프트 [ensemble] HOLD score=+0.00 B0/S0 | 현재가 6,220원 | 손절 -4.00%(ATR)
    VWAP 5,953원 +4.49% ─홀드 (+0.000)
    ST 상승추세 ─홀드 (+0.000)
    RSI 67.8 (기준 30/74) ─홀드 (+0.000)
    BB 5,389~6,507원 현재 6,220원 ─홀드 (+0.000)  ← 중간 [───────●──] 74%
    DC  ─홀드  ← 미보유 또는 청산 조건 미해당 (+0.000)
    거래량  MA25대비 0.58x  〰(neutral) (+0.0000)  ← 임계 미달 (기준 ≥1.2/≤0.7x) → 중립
2026-08-06 12:00:53.402 | INFO     | stock_bot.live.runner:_tick:1298 - 181710 NHN [ensemble] HOLD score=+0.00 B0/S0 | 현재가 42,600원 | 손절 -3.14%(ATR)
    VWAP 42,690원 -0.21% ─홀드 (+0.000)
    ST 하락추세 ─홀드 (+0.000)
    RSI 47.7 (기준 30/74) ─홀드 (+0.000)
    BB 42,056~43,039원 현재 42,600원 ─홀드 (+0.000)  ← 중간 [─────●────] 55%
    DC  ─홀드  ← 미보유 또는 청산 조건 미해당 (+0.000)
    거래량  MA25대비 0.50x  〰(neutral) (+0.0000)  ← 임계 미달 (기준 ≥1.2/≤0.7x) → 중립
2026-08-06 12:05:00.323 | INFO     | stock_bot.news.crawler:fetch_naver_news:165 - news relevance filter: 7 → 1 (제외 6건) [052460]
2026-08-06 12:05:00.324 | INFO     | stock_bot.news.crawler:fetch_naver_news:170 - fetched 1 news items for 052460
2026-08-06 12:05:00.330 | DEBUG    | stock_bot.live.runner:_news_tick:653 - news 052460 new=0/1 (모두 중복)
2026-08-06 12:05:00.566 | INFO     | stock_bot.news.crawler:fetch_naver_news:165 - news relevance filter: 4 → 2 (제외 2건) [181710]
2026-08-06 12:05:00.567 | INFO     | stock_bot.news.crawler:fetch_naver_news:170 - fetched 2 news items for 181710
2026-08-06 12:05:00.576 | DEBUG    | stock_bot.live.runner:_news_tick:653 - news 181710 new=0/2 (모두 중복)
2026-08-06 12:05:20.056 | INFO     | stock_bot.live.runner:_tick:1298 - 052460 아이크래프트 [ensemble] HOLD score=+0.00 B0/S0 | 현재가 6,290원 | 손절 -4.00%(ATR)
    VWAP 5,969원 +5.38% ─홀드 (+0.000)
    ST 상승추세 ─홀드 (+0.000)
    RSI 70.6 (기준 30/74) ─홀드 (+0.000)
    BB 5,440~6,538원 현재 6,290원 ─홀드 (+0.000)  ← 상단근접 [───────●──] 77%
    DC  ─홀드  ← 미보유 또는 청산 조건 미해당 (+0.000)
    거래량  MA25대비 1.37x  〰(neutral) (+0.0000)  ← 임계 미달 (기준 ≥1.2/≤0.7x) → 중립
2026-08-06 12:05:21.628 | INFO     | stock_bot.live.runner:_tick:1298 - 181710 NHN [ensemble] HOLD score=+0.00 B0/S0 | 현재가 42,650원 | 손절 -2.99%(ATR)
    VWAP 42,690원 -0.09% ─홀드 (+0.000)
    ST 하락추세 ─홀드 (+0.000)
    RSI 48.5 (기준 30/74) ─홀드 (+0.000)
    BB 42,057~43,043원 현재 42,650원 ─홀드 (+0.000)  ← 중간 [──────●───] 60%
    DC  ─홀드  ← 미보유 또는 청산 조건 미해당 (+0.000)
    거래량  MA25대비 0.44x  〰(neutral) (+0.0000)  ← 임계 미달 (기준 ≥1.2/≤0.7x) → 중립
2026-08-06 12:10:00.313 | INFO     | stock_bot.news.crawler:fetch_naver_news:165 - news relevance filter: 7 → 1 (제외 6건) [052460]
2026-08-06 12:10:00.315 | INFO     | stock_bot.news.crawler:fetch_naver_news:170 - fetched 1 news items for 052460
2026-08-06 12:10:00.320 | DEBUG    | stock_bot.live.runner:_news_tick:653 - news 052460 new=0/1 (모두 중복)
2026-08-06 12:10:00.564 | INFO     | stock_bot.news.crawler:fetch_naver_news:165 - news relevance filter: 4 → 2 (제외 2건) [181710]
2026-08-06 12:10:00.565 | INFO     | stock_bot.news.crawler:fetch_naver_news:170 - fetched 2 news items for 181710
2026-08-06 12:10:00.575 | DEBUG    | stock_bot.live.runner:_news_tick:653 - news 181710 new=0/2 (모두 중복)
2026-08-06 12:10:19.083 | INFO     | stock_bot.live.runner:_tick:1298 - 052460 아이크래프트 [ensemble] HOLD score=+0.00 B0/S0 | 현재가 6,300원 | 손절 -4.00%(ATR)
    VWAP 5,997원 +5.05% ─홀드 (+0.000)
    ST 상승추세 ─홀드 (+0.000)
    RSI 70.4 (기준 30/74) ─홀드 (+0.000)
    BB 5,516~6,545원 현재 6,300원 ─홀드 (+0.000)  ← 상단근접 [───────●──] 76%
    DC  ─홀드  ← 미보유 또는 청산 조건 미해당 (+0.000)
    거래량  MA25대비 1.93x  〰(neutral) (+0.0000)  ← 임계 미달 (기준 ≥1.2/≤0.7x) → 중립
2026-08-06 12:10:31.003 | INFO     | stock_bot.live.runner:_tick:1298 - 181710 NHN [ensemble] HOLD score=+0.00 B0/S0 | 현재가 42,450원 | 손절 -3.15%(ATR)
    VWAP 42,684원 -0.55% ─홀드 (+0.000)
    ST 하락추세 ─홀드 (+0.000)
    RSI 45.7 (기준 30/74) ─홀드 (+0.000)
    BB 42,034~43,001원 현재 42,450원 ─홀드 (+0.000)  ← 중간 [────●─────] 43%
    DC  ─홀드  ← 미보유 또는 청산 조건 미해당 (+0.000)
    거래량  MA25대비 0.70x  〰(neutral) (+0.0000)  ← 임계 미달 (기준 ≥1.2/≤0.7x) → 중립
2026-08-06 12:15:00.370 | INFO     | stock_bot.news.crawler:fetch_naver_news:165 - news relevance filter: 7 → 1 (제외 6건) [052460]
2026-08-06 12:15:00.379 | INFO     | stock_bot.news.crawler:fetch_naver_news:170 - fetched 1 news items for 052460
2026-08-06 12:15:00.385 | DEBUG    | stock_bot.live.runner:_news_tick:653 - news 052460 new=0/1 (모두 중복)
2026-08-06 12:15:00.664 | INFO     | stock_bot.news.crawler:fetch_naver_news:165 - news relevance filter: 4 → 2 (제외 2건) [181710]
2026-08-06 12:15:00.664 | INFO     | stock_bot.news.crawler:fetch_naver_news:170 - fetched 2 news items for 181710
2026-08-06 12:15:00.677 | DEBUG    | stock_bot.live.runner:_news_tick:653 - news 181710 new=0/2 (모두 중복)
2026-08-06 12:15:13.393 | INFO     | stock_bot.live.runner:_tick:1298 - 052460 아이크래프트 [ensemble] HOLD score=+0.00 B0/S0 | 현재가 6,290원 | 손절 -4.00%(ATR)
    VWAP 6,002원 +4.79% ─홀드 (+0.000)
    ST 상승추세 ─홀드 (+0.000)
    RSI 68.4 (기준 30/74) ─홀드 (+0.000)
    BB 5,600~6,529원 현재 6,290원 ─홀드 (+0.000)  ← 중간 [───────●──] 74%
    DC  ─홀드  ← 미보유 또는 청산 조건 미해당 (+0.000)
    거래량  MA25대비 0.45x  〰(neutral) (+0.0000)  ← 임계 미달 (기준 ≥1.2/≤0.7x) → 중립
2026-08-06 12:15:21.621 | INFO     | stock_bot.live.runner:_tick:1298 - 181710 NHN [ensemble] HOLD score=+0.00 B0/S0 | 현재가 42,650원 | 손절 -3.11%(ATR)
    VWAP 42,683원 -0.08% ─홀드 (+0.000)
    ST 하락추세 ─홀드 (+0.000)
    RSI 49.0 (기준 30/74) ─홀드 (+0.000)
    BB 42,042~43,008원 현재 42,650원 ─홀드 (+0.000)  ← 중간 [──────●───] 63%
    DC  ─홀드  ← 미보유 또는 청산 조건 미해당 (+0.000)
    거래량  MA25대비 0.20x  〰(neutral) (+0.0000)  ← 임계 미달 (기준 ≥1.2/≤0.7x) → 중립
2026-08-06 12:20:00.310 | INFO     | stock_bot.news.crawler:fetch_naver_news:165 - news relevance filter: 7 → 1 (제외 6건) [052460]
2026-08-06 12:20:00.311 | INFO     | stock_bot.news.crawler:fetch_naver_news:170 - fetched 1 news items for 052460
2026-08-06 12:20:00.317 | DEBUG    | stock_bot.live.runner:_news_tick:653 - news 052460 new=0/1 (모두 중복)
2026-08-06 12:20:00.556 | INFO     | stock_bot.news.crawler:fetch_naver_news:165 - news relevance filter: 4 → 2 (제외 2건) [181710]
2026-08-06 12:20:00.557 | INFO     | stock_bot.news.crawler:fetch_naver_news:170 - fetched 2 news items for 181710
2026-08-06 12:20:00.566 | DEBUG    | stock_bot.live.runner:_news_tick:653 - news 181710 new=0/2 (모두 중복)
2026-08-06 12:20:02.994 | INFO     | stock_bot.live.runner:_tick:1298 - 052460 아이크래프트 [ensemble] HOLD score=+0.00 B0/S0 | 현재가 6,220원 | 손절 -4.00%(ATR)
    VWAP 6,006원 +3.57% ─홀드 (+0.000)
    ST 상승추세 ─홀드 (+0.000)
    RSI 65.3 (기준 30/74) ─홀드 (+0.000)
    BB 5,679~6,509원 현재 6,220원 ─홀드 (+0.000)  ← 중간 [──────●───] 65%
    DC  ─홀드  ← 미보유 또는 청산 조건 미해당 (+0.000)
    거래량  MA25대비 0.40x  〰(neutral) (+0.0000)  ← 임계 미달 (기준 ≥1.2/≤0.7x) → 중립
2026-08-06 12:20:04.830 | INFO     | stock_bot.live.runner:_tick:1298 - 181710 NHN [ensemble] HOLD score=+0.00 B0/S0 | 현재가 42,650원 | 손절 -3.00%(ATR)
    VWAP 42,683원 -0.08% ─홀드 (+0.000)
    ST 하락추세 ─홀드 (+0.000)
    RSI 48.9 (기준 30/74) ─홀드 (+0.000)
    BB 42,048~42,987원 현재 42,650원 ─홀드 (+0.000)  ← 중간 [──────●───] 64%
    DC  ─홀드  ← 미보유 또는 청산 조건 미해당 (+0.000)
    거래량  MA25대비 0.24x  〰(neutral) (+0.0000)  ← 임계 미달 (기준 ≥1.2/≤0.7x) → 중립
2026-08-06 12:25:00.274 | INFO     | stock_bot.news.crawler:fetch_naver_news:165 - news relevance filter: 7 → 1 (제외 6건) [052460]
2026-08-06 12:25:00.275 | INFO     | stock_bot.news.crawler:fetch_naver_news:170 - fetched 1 news items for 052460
2026-08-06 12:25:00.281 | DEBUG    | stock_bot.live.runner:_news_tick:653 - news 052460 new=0/1 (모두 중복)
2026-08-06 12:25:00.515 | INFO     | stock_bot.news.crawler:fetch_naver_news:165 - news relevance filter: 4 → 2 (제외 2건) [181710]
2026-08-06 12:25:00.516 | INFO     | stock_bot.news.crawler:fetch_naver_news:170 - fetched 2 news items for 181710
2026-08-06 12:25:00.525 | DEBUG    | stock_bot.live.runner:_news_tick:653 - news 181710 new=0/2 (모두 중복)
2026-08-06 12:25:02.721 | INFO     | stock_bot.live.runner:_tick:1298 - 052460 아이크래프트 [ensemble] HOLD score=+0.00 B0/S0 | 현재가 6,270원 | 손절 -4.00%(ATR)
    VWAP 6,009원 +4.35% ─홀드 (+0.000)
    ST 상승추세 ─홀드 (+0.000)
    RSI 66.9 (기준 30/74) ─홀드 (+0.000)
    BB 5,756~6,496원 현재 6,270원 ─홀드 (+0.000)  ← 중간 [──────●───] 69%
    DC  ─홀드  ← 미보유 또는 청산 조건 미해당 (+0.000)
    거래량  MA25대비 0.28x  〰(neutral) (+0.0000)  ← 임계 미달 (기준 ≥1.2/≤0.7x) → 중립
2026-08-06 12:25:04.696 | INFO     | stock_bot.live.runner:_tick:1298 - 181710 NHN [ensemble] HOLD score=+0.00 B0/S0 | 현재가 42,650원 | 손절 -2.83%(ATR)
    VWAP 42,682원 -0.08% ─홀드 (+0.000)
    ST 하락추세 ─홀드 (+0.000)
    RSI 49.0 (기준 30/74) ─홀드 (+0.000)
    BB 42,083~42,917원 현재 42,650원 ─홀드 (+0.000)  ← 중간 [──────●───] 68%
    DC  ─홀드  ← 미보유 또는 청산 조건 미해당 (+0.000)
    거래량  MA25대비 0.33x  〰(neutral) (+0.0000)  ← 임계 미달 (기준 ≥1.2/≤0.7x) → 중립
2026-08-06 12:30:00.269 | INFO     | stock_bot.news.crawler:fetch_naver_news:165 - news relevance filter: 7 → 1 (제외 6건) [052460]
2026-08-06 12:30:00.270 | INFO     | stock_bot.news.crawler:fetch_naver_news:170 - fetched 1 news items for 052460
2026-08-06 12:30:00.277 | DEBUG    | stock_bot.live.runner:_news_tick:653 - news 052460 new=0/1 (모두 중복)
2026-08-06 12:30:00.532 | INFO     | stock_bot.news.crawler:fetch_naver_news:165 - news relevance filter: 4 → 2 (제외 2건) [181710]
2026-08-06 12:30:00.533 | INFO     | stock_bot.news.crawler:fetch_naver_news:170 - fetched 2 news items for 181710
2026-08-06 12:30:00.542 | DEBUG    | stock_bot.live.runner:_news_tick:653 - news 181710 new=0/2 (모두 중복)
2026-08-06 12:30:26.247 | INFO     | stock_bot.live.runner:_tick:1298 - 052460 아이크래프트 [ensemble] HOLD score=+0.00 B0/S0 | 현재가 6,160원 | 손절 -4.00%(ATR)
    VWAP 6,013원 +2.45% ─홀드 (+0.000)
    ST 상승추세 ─홀드 (+0.000)
    RSI 60.0 (기준 30/74) ─홀드 (+0.000)
    BB 5,848~6,445원 현재 6,160원 ─홀드 (+0.000)  ← 중간 [─────●────] 52%
    DC  ─홀드  ← 미보유 또는 청산 조건 미해당 (+0.000)
    거래량  MA25대비 0.48x  〰(neutral) (+0.0000)  ← 임계 미달 (기준 ≥1.2/≤0.7x) → 중립
2026-08-06 12:30:27.834 | INFO     | stock_bot.live.runner:_tick:1298 - 181710 NHN [ensemble] HOLD score=+0.00 B0/S0 | 현재가 42,550원 | 손절 -2.75%(ATR)
    VWAP 42,681원 -0.31% ─홀드 (+0.000)
    ST 하락추세 ─홀드 (+0.000)
    RSI 47.2 (기준 30/74) ─홀드 (+0.000)
    BB 42,096~42,874원 현재 42,550원 ─홀드 (+0.000)  ← 중간 [─────●────] 58%
    DC  ─홀드  ← 미보유 또는 청산 조건 미해당 (+0.000)
    거래량  MA25대비 0.82x  〰(neutral) (+0.0000)  ← 임계 미달 (기준 ≥1.2/≤0.7x) → 중립
2026-08-06 12:35:00.249 | INFO     | stock_bot.news.crawler:fetch_naver_news:165 - news relevance filter: 7 → 1 (제외 6건) [052460]
2026-08-06 12:35:00.250 | INFO     | stock_bot.news.crawler:fetch_naver_news:170 - fetched 1 news items for 052460
2026-08-06 12:35:00.256 | DEBUG    | stock_bot.live.runner:_news_tick:653 - news 052460 new=0/1 (모두 중복)
2026-08-06 12:35:00.505 | INFO     | stock_bot.news.crawler:fetch_naver_news:165 - news relevance filter: 4 → 2 (제외 2건) [181710]
2026-08-06 12:35:00.506 | INFO     | stock_bot.news.crawler:fetch_naver_news:170 - fetched 2 news items for 181710
2026-08-06 12:35:00.516 | DEBUG    | stock_bot.live.runner:_news_tick:653 - news 181710 new=0/2 (모두 중복)
2026-08-06 12:35:02.644 | INFO     | stock_bot.live.runner:_tick:1298 - 052460 아이크래프트 [ensemble] HOLD score=+0.00 B0/S0 | 현재가 6,180원 | 손절 -4.00%(ATR)
    VWAP 6,015원 +2.74% ─홀드 (+0.000)
    ST 상승추세 ─홀드 (+0.000)
    RSI 60.3 (기준 30/74) ─홀드 (+0.000)
    BB 5,929~6,410원 현재 6,180원 ─홀드 (+0.000)  ← 중간 [─────●────] 52%
    DC  ─홀드  ← 미보유 또는 청산 조건 미해당 (+0.000)
    거래량  MA25대비 0.24x  〰(neutral) (+0.0000)  ← 임계 미달 (기준 ≥1.2/≤0.7x) → 중립
2026-08-06 12:35:04.670 | INFO     | stock_bot.live.runner:_tick:1298 - 181710 NHN [ensemble] HOLD score=+0.00 B0/S0 | 현재가 42,500원 | 손절 -2.72%(ATR)
    VWAP 42,679원 -0.42% ─홀드 (+0.000)
    ST 하락추세 ─홀드 (+0.000)
    RSI 46.4 (기준 30/74) ─홀드 (+0.000)
    BB 42,097~42,873원 현재 42,500원 ─홀드 (+0.000)  ← 중간 [─────●────] 52%
    DC  ─홀드  ← 미보유 또는 청산 조건 미해당 (+0.000)
    거래량  MA25대비 0.38x  〰(neutral) (+0.0000)  ← 임계 미달 (기준 ≥1.2/≤0.7x) → 중립
2026-08-06 12:40:00.376 | INFO     | stock_bot.news.crawler:fetch_naver_news:165 - news relevance filter: 7 → 1 (제외 6건) [052460]
2026-08-06 12:40:00.377 | INFO     | stock_bot.news.crawler:fetch_naver_news:170 - fetched 1 news items for 052460
2026-08-06 12:40:00.384 | DEBUG    | stock_bot.live.runner:_news_tick:653 - news 052460 new=0/1 (모두 중복)
2026-08-06 12:40:00.621 | INFO     | stock_bot.news.crawler:fetch_naver_news:165 - news relevance filter: 4 → 2 (제외 2건) [181710]
2026-08-06 12:40:00.622 | INFO     | stock_bot.news.crawler:fetch_naver_news:170 - fetched 2 news items for 181710
2026-08-06 12:40:00.631 | DEBUG    | stock_bot.live.runner:_news_tick:653 - news 181710 new=0/2 (모두 중복)
2026-08-06 12:40:02.728 | INFO     | stock_bot.live.runner:_tick:1298 - 052460 아이크래프트 [ensemble] HOLD score=+0.00 B0/S0 | 현재가 6,210원 | 손절 -4.00%(ATR)
    VWAP 6,018원 +3.19% ─홀드 (+0.000)
    ST 상승추세 ─홀드 (+0.000)
    RSI 62.2 (기준 30/74) ─홀드 (+0.000)
    BB 5,999~6,375원 현재 6,210원 ─홀드 (+0.000)  ← 중간 [─────●────] 56%
    DC  ─홀드  ← 미보유 또는 청산 조건 미해당 (+0.000)
    거래량  MA25대비 0.31x  〰(neutral) (+0.0000)  ← 임계 미달 (기준 ≥1.2/≤0.7x) → 중립
2026-08-06 12:40:04.761 | INFO     | stock_bot.live.runner:_tick:1298 - 181710 NHN [ensemble] HOLD score=+0.00 B0/S0 | 현재가 42,500원 | 손절 -2.77%(ATR)
    VWAP 42,675원 -0.41% ─홀드 (+0.000)
    ST 하락추세 ─홀드 (+0.000)
    RSI 46.4 (기준 30/74) ─홀드 (+0.000)
    BB 42,174~42,836원 현재 42,500원 ─홀드 (+0.000)  ← 중간 [────●─────] 49%
    DC  ─홀드  ← 미보유 또는 청산 조건 미해당 (+0.000)
    거래량  MA25대비 0.69x  〰(neutral) (+0.0000)  ← 임계 미달 (기준 ≥1.2/≤0.7x) → 중립
2026-08-06 12:45:00.294 | INFO     | stock_bot.news.crawler:fetch_naver_news:165 - news relevance filter: 7 → 1 (제외 6건) [052460]
2026-08-06 12:45:00.295 | INFO     | stock_bot.news.crawler:fetch_naver_news:170 - fetched 1 news items for 052460
2026-08-06 12:45:00.304 | DEBUG    | stock_bot.live.runner:_news_tick:653 - news 052460 new=0/1 (모두 중복)
2026-08-06 12:45:00.571 | INFO     | stock_bot.news.crawler:fetch_naver_news:165 - news relevance filter: 4 → 2 (제외 2건) [181710]
2026-08-06 12:45:00.572 | INFO     | stock_bot.news.crawler:fetch_naver_news:170 - fetched 2 news items for 181710
2026-08-06 12:45:00.583 | DEBUG    | stock_bot.live.runner:_news_tick:653 - news 181710 new=0/2 (모두 중복)
2026-08-06 12:45:23.028 | INFO     | stock_bot.live.runner:_tick:1298 - 052460 아이크래프트 [ensemble] HOLD score=+0.00 B0/S0 | 현재가 6,190원 | 손절 -4.00%(ATR)
    VWAP 6,020원 +2.82% ─홀드 (+0.000)
    ST 상승추세 ─홀드 (+0.000)
    RSI 60.8 (기준 30/74) ─홀드 (+0.000)
    BB 6,083~6,322원 현재 6,190원 ─홀드 (+0.000)  ← 중간 [────●─────] 45%
    DC  ─홀드  ← 미보유 또는 청산 조건 미해당 (+0.000)
    거래량  MA25대비 0.34x  〰(neutral) (+0.0000)  ← 임계 미달 (기준 ≥1.2/≤0.7x) → 중립
2026-08-06 12:45:33.969 | INFO     | stock_bot.live.runner:_tick:1298 - 181710 NHN [ensemble] HOLD score=+0.00 B0/S0 | 현재가 42,450원 | 손절 -2.65%(ATR)
    VWAP 42,671원 -0.52% ─홀드 (+0.000)
    ST 하락추세 ─홀드 (+0.000)
    RSI 45.5 (기준 30/74) ─홀드 (+0.000)
    BB 42,250~42,795원 현재 42,450원 ─홀드 (+0.000)  ← 중간 [───●──────] 37%
    DC  ─홀드  ← 미보유 또는 청산 조건 미해당 (+0.000)
    거래량  MA25대비 0.86x  〰(neutral) (+0.0000)  ← 임계 미달 (기준 ≥1.2/≤0.7x) → 중립
2026-08-06 12:50:00.312 | INFO     | stock_bot.news.crawler:fetch_naver_news:165 - news relevance filter: 7 → 1 (제외 6건) [052460]
2026-08-06 12:50:00.313 | INFO     | stock_bot.news.crawler:fetch_naver_news:170 - fetched 1 news items for 052460
2026-08-06 12:50:00.319 | DEBUG    | stock_bot.live.runner:_news_tick:653 - news 052460 new=0/1 (모두 중복)
2026-08-06 12:50:00.629 | INFO     | stock_bot.news.crawler:fetch_naver_news:165 - news relevance filter: 4 → 2 (제외 2건) [181710]
2026-08-06 12:50:00.630 | INFO     | stock_bot.news.crawler:fetch_naver_news:170 - fetched 2 news items for 181710
2026-08-06 12:50:00.639 | DEBUG    | stock_bot.live.runner:_news_tick:653 - news 181710 new=0/2 (모두 중복)
2026-08-06 12:50:22.349 | INFO     | stock_bot.live.runner:_tick:1298 - 052460 아이크래프트 [ensemble] HOLD score=+0.00 B0/S0 | 현재가 6,170원 | 손절 -4.00%(ATR)
    VWAP 6,021원 +2.47% ─홀드 (+0.000)
    ST 상승추세 ─홀드 (+0.000)
    RSI 59.3 (기준 30/74) ─홀드 (+0.000)
    BB 6,104~6,309원 현재 6,170원 ─홀드 (+0.000)  ← 중간 [───●──────] 32%
    DC  ─홀드  ← 미보유 또는 청산 조건 미해당 (+0.000)
    거래량  MA25대비 0.23x  〰(neutral) (+0.0000)  ← 임계 미달 (기준 ≥1.2/≤0.7x) → 중립
2026-08-06 12:50:37.710 | INFO     | stock_bot.live.runner:_tick:1298 - 181710 NHN [ensemble] HOLD score=+0.24 B1/S0 | 현재가 42,350원 | 손절 -2.59%(ATR)
    VWAP 42,668원 -0.74% ▲매수 (+0.294)
    ST 하락추세 ─홀드 (+0.000)
    RSI 43.7 (기준 30/74) ─홀드 (+0.000)
    BB 42,290~42,765원 현재 42,350원 ─홀드 (+0.000)  ← 하단근접 [─●────────] 13%
    DC  ─홀드  ← 미보유 또는 청산 조건 미해당 (+0.000)
    거래량  MA25대비 0.66x  ▼(penalty) (-0.0500)  ← 점수 조정 -0.0500
2026-08-06 12:55:00.289 | INFO     | stock_bot.news.crawler:fetch_naver_news:165 - news relevance filter: 7 → 1 (제외 6건) [052460]
2026-08-06 12:55:00.290 | INFO     | stock_bot.news.crawler:fetch_naver_news:170 - fetched 1 news items for 052460
2026-08-06 12:55:00.296 | DEBUG    | stock_bot.live.runner:_news_tick:653 - news 052460 new=0/1 (모두 중복)
2026-08-06 12:55:00.543 | INFO     | stock_bot.news.crawler:fetch_naver_news:165 - news relevance filter: 4 → 2 (제외 2건) [181710]
2026-08-06 12:55:00.544 | INFO     | stock_bot.news.crawler:fetch_naver_news:170 - fetched 2 news items for 181710
2026-08-06 12:55:00.553 | DEBUG    | stock_bot.live.runner:_news_tick:653 - news 181710 new=0/2 (모두 중복)
2026-08-06 12:55:16.446 | INFO     | stock_bot.live.runner:_tick:1298 - 052460 아이크래프트 [ensemble] HOLD score=+0.00 B0/S0 | 현재가 6,160원 | 손절 -4.00%(ATR)
    VWAP 6,023원 +2.28% ─홀드 (+0.000)
    ST 상승추세 ─홀드 (+0.000)
    RSI 58.9 (기준 30/74) ─홀드 (+0.000)
    BB 6,112~6,305원 현재 6,160원 ─홀드 (+0.000)  ← 하단근접 [──●───────] 25%
    DC  ─홀드  ← 미보유 또는 청산 조건 미해당 (+0.000)
    거래량  MA25대비 0.28x  〰(neutral) (+0.0000)  ← 임계 미달 (기준 ≥1.2/≤0.7x) → 중립
2026-08-06 12:55:26.846 | INFO     | stock_bot.live.runner:_tick:1298 - 181710 NHN [ensemble] HOLD score=+0.00 B0/S0 | 현재가 42,400원 | 손절 -2.48%(ATR)
    VWAP 42,666원 -0.62% ─홀드 (+0.000)
    ST 하락추세 ─홀드 (+0.000)
    RSI 44.9 (기준 30/74) ─홀드 (+0.000)
    BB 42,322~42,748원 현재 42,400원 ─홀드 (+0.000)  ← 하단근접 [─●────────] 18%
    DC  ─홀드  ← 미보유 또는 청산 조건 미해당 (+0.000)
    거래량  MA25대비 0.33x  〰(neutral) (+0.0000)  ← 임계 미달 (기준 ≥1.2/≤0.7x) → 중립
2026-08-06 13:00:00.323 | INFO     | stock_bot.news.crawler:fetch_naver_news:165 - news relevance filter: 7 → 1 (제외 6건) [052460]
2026-08-06 13:00:00.324 | INFO     | stock_bot.news.crawler:fetch_naver_news:170 - fetched 1 news items for 052460
2026-08-06 13:00:00.331 | DEBUG    | stock_bot.live.runner:_news_tick:653 - news 052460 new=0/1 (모두 중복)
2026-08-06 13:00:00.617 | INFO     | stock_bot.news.crawler:fetch_naver_news:165 - news relevance filter: 4 → 2 (제외 2건) [181710]
2026-08-06 13:00:00.618 | INFO     | stock_bot.news.crawler:fetch_naver_news:170 - fetched 2 news items for 181710
2026-08-06 13:00:00.627 | DEBUG    | stock_bot.live.runner:_news_tick:653 - news 181710 new=0/2 (모두 중복)
2026-08-06 13:00:20.831 | INFO     | stock_bot.live.runner:_tick:1298 - 052460 아이크래프트 [ensemble] HOLD score=+0.16 B1/S0 | 현재가 6,140원 | 손절 -4.00%(ATR)
    VWAP 6,024원 +1.93% ─홀드 (+0.000)
    ST 상승추세 ─홀드 (+0.000)
    RSI 56.8 (기준 30/74) ─홀드 (+0.000)
    BB 6,095~6,314원 현재 6,140원 ▲매수 (+0.212)
    DC  ─홀드  ← 미보유 또는 청산 조건 미해당 (+0.000)
    거래량  MA25대비 0.30x  ▼(penalty) (-0.0500)  ← 점수 조정 -0.0500
2026-08-06 13:00:35.092 | INFO     | stock_bot.live.runner:_tick:1298 - 181710 NHN [ensemble] HOLD score=+0.24 B1/S0 | 현재가 42,350원 | 손절 -2.38%(ATR)
    VWAP 42,664원 -0.74% ▲매수 (+0.294)
    ST 하락추세 ─홀드 (+0.000)
    RSI 43.9 (기준 30/74) ─홀드 (+0.000)
    BB 42,290~42,760원 현재 42,350원 ─홀드 (+0.000)  ← 하단근접 [─●────────] 13%
    DC  ─홀드  ← 미보유 또는 청산 조건 미해당 (+0.000)
    거래량  MA25대비 0.43x  ▼(penalty) (-0.0500)  ← 점수 조정 -0.0500
2026-08-06 13:05:00.306 | INFO     | stock_bot.news.crawler:fetch_naver_news:165 - news relevance filter: 7 → 1 (제외 6건) [052460]
2026-08-06 13:05:00.307 | INFO     | stock_bot.news.crawler:fetch_naver_news:170 - fetched 1 news items for 052460
2026-08-06 13:05:00.313 | DEBUG    | stock_bot.live.runner:_news_tick:653 - news 052460 new=0/1 (모두 중복)
2026-08-06 13:05:00.550 | INFO     | stock_bot.news.crawler:fetch_naver_news:165 - news relevance filter: 4 → 2 (제외 2건) [181710]
2026-08-06 13:05:00.551 | INFO     | stock_bot.news.crawler:fetch_naver_news:170 - fetched 2 news items for 181710
2026-08-06 13:05:00.561 | DEBUG    | stock_bot.live.runner:_news_tick:653 - news 181710 new=0/2 (모두 중복)
2026-08-06 13:05:20.773 | INFO     | stock_bot.live.runner:_tick:1298 - 052460 아이크래프트 [ensemble] HOLD score=+0.00 B0/S0 | 현재가 6,090원 | 손절 -4.00%(ATR)
    VWAP 6,025원 +1.09% ─홀드 (+0.000)
    ST 상승추세 ─홀드 (+0.000)
    RSI 54.5 (기준 30/74) ─홀드 (+0.000)
    BB 6,069~6,320원 현재 6,090원 ─홀드 (+0.000)  ← 하단근접 [●─────────] 8%
    DC  ─홀드  ← 미보유 또는 청산 조건 미해당 (+0.000)
    거래량  MA25대비 0.27x  〰(neutral) (+0.0000)  ← 임계 미달 (기준 ≥1.2/≤0.7x) → 중립
2026-08-06 13:05:32.604 | INFO     | stock_bot.live.runner:_tick:1298 - 181710 NHN [ensemble] HOLD score=+0.00 B0/S0 | 현재가 42,500원 | 손절 -2.40%(ATR)
    VWAP 42,660원 -0.37% ─홀드 (+0.000)
    ST 하락추세 ─홀드 (+0.000)
    RSI 47.1 (기준 30/74) ─홀드 (+0.000)
    BB 42,309~42,751원 현재 42,500원 ─홀드 (+0.000)  ← 중간 [────●─────] 43%
    DC  ─홀드  ← 미보유 또는 청산 조건 미해당 (+0.000)
    거래량  MA25대비 1.07x  〰(neutral) (+0.0000)  ← 임계 미달 (기준 ≥1.2/≤0.7x) → 중립
2026-08-06 13:10:00.293 | INFO     | stock_bot.news.crawler:fetch_naver_news:165 - news relevance filter: 7 → 1 (제외 6건) [052460]
2026-08-06 13:10:00.294 | INFO     | stock_bot.news.crawler:fetch_naver_news:170 - fetched 1 news items for 052460
2026-08-06 13:10:00.299 | DEBUG    | stock_bot.live.runner:_news_tick:653 - news 052460 new=0/1 (모두 중복)
2026-08-06 13:10:00.531 | INFO     | stock_bot.news.crawler:fetch_naver_news:165 - news relevance filter: 4 → 2 (제외 2건) [181710]
2026-08-06 13:10:00.532 | INFO     | stock_bot.news.crawler:fetch_naver_news:170 - fetched 2 news items for 181710
2026-08-06 13:10:00.541 | DEBUG    | stock_bot.live.runner:_news_tick:653 - news 181710 new=0/2 (모두 중복)
2026-08-06 13:10:02.670 | INFO     | stock_bot.live.runner:_tick:1298 - 052460 아이크래프트 [ensemble] HOLD score=+0.00 B0/S0 | 현재가 6,040원 | 손절 -4.00%(ATR)
    VWAP 6,025원 +0.25% ─홀드 (+0.000)
    ST 상승추세 ─홀드 (+0.000)
    RSI 51.1 (기준 30/74) ─홀드 (+0.000)
    BB 6,046~6,332원 현재 6,040원 ─홀드 (+0.000)  ← 하단근접 [●─────────] -2%
    DC  ─홀드  ← 미보유 또는 청산 조건 미해당 (+0.000)
    거래량  MA25대비 0.26x  〰(neutral) (+0.0000)  ← 임계 미달 (기준 ≥1.2/≤0.7x) → 중립
2026-08-06 13:10:04.677 | INFO     | stock_bot.live.runner:_tick:1298 - 181710 NHN [ensemble] HOLD score=+0.00 B0/S0 | 현재가 42,800원 | 손절 -2.49%(ATR)
    VWAP 42,660원 +0.33% ─홀드 (+0.000)
    ST 하락추세 ─홀드 (+0.000)
    RSI 53.6 (기준 30/74) ─홀드 (+0.000)
    BB 42,291~42,824원 현재 42,800원 ─홀드 (+0.000)  ← 상단근접 [─────────●] 96%
    DC  ─홀드  ← 미보유 또는 청산 조건 미해당 (+0.000)
    거래량  MA25대비 1.60x  〰(neutral) (+0.0000)  ← 임계 미달 (기준 ≥1.2/≤0.7x) → 중립
2026-08-06 13:15:00.293 | INFO     | stock_bot.news.crawler:fetch_naver_news:165 - news relevance filter: 7 → 1 (제외 6건) [052460]
2026-08-06 13:15:00.294 | INFO     | stock_bot.news.crawler:fetch_naver_news:170 - fetched 1 news items for 052460
2026-08-06 13:15:00.368 | DEBUG    | stock_bot.live.runner:_news_tick:653 - news 052460 new=0/1 (모두 중복)
2026-08-06 13:15:00.608 | INFO     | stock_bot.news.crawler:fetch_naver_news:165 - news relevance filter: 4 → 2 (제외 2건) [181710]
2026-08-06 13:15:00.608 | INFO     | stock_bot.news.crawler:fetch_naver_news:170 - fetched 2 news items for 181710
2026-08-06 13:15:00.618 | DEBUG    | stock_bot.live.runner:_news_tick:653 - news 181710 new=0/2 (모두 중복)
2026-08-06 13:15:18.722 | INFO     | stock_bot.live.runner:_tick:1298 - 052460 아이크래프트 [ensemble] HOLD score=+0.00 B0/S0 | 현재가 6,150원 | 손절 -4.00%(ATR)
    VWAP 6,028원 +2.03% ─홀드 (+0.000)
    ST 상승추세 ─홀드 (+0.000)
    RSI 56.9 (기준 30/74) ─홀드 (+0.000)
    BB 6,051~6,326원 현재 6,150원 ─홀드 (+0.000)  ← 중간 [───●──────] 36%
    DC  ─홀드  ← 미보유 또는 청산 조건 미해당 (+0.000)
    거래량  MA25대비 1.13x  〰(neutral) (+0.0000)  ← 임계 미달 (기준 ≥1.2/≤0.7x) → 중립
2026-08-06 13:15:29.364 | INFO     | stock_bot.live.runner:_tick:1298 - 181710 NHN [ensemble] HOLD score=+0.00 B0/S0 | 현재가 42,850원 | 손절 -2.47%(ATR)
    VWAP 42,664원 +0.43% ─홀드 (+0.000)
    ST 하락추세 ─홀드 (+0.000)
    RSI 54.5 (기준 30/74) ─홀드 (+0.000)
    BB 42,267~42,878원 현재 42,850원 ─홀드 (+0.000)  ← 상단근접 [─────────●] 95%
    DC  ─홀드  ← 미보유 또는 청산 조건 미해당 (+0.000)
    거래량  MA25대비 2.09x  〰(neutral) (+0.0000)  ← 임계 미달 (기준 ≥1.2/≤0.7x) → 중립
2026-08-06 13:20:00.307 | INFO     | stock_bot.news.crawler:fetch_naver_news:165 - news relevance filter: 7 → 1 (제외 6건) [052460]
2026-08-06 13:20:00.308 | INFO     | stock_bot.news.crawler:fetch_naver_news:170 - fetched 1 news items for 052460
2026-08-06 13:20:00.313 | DEBUG    | stock_bot.live.runner:_news_tick:653 - news 052460 new=0/1 (모두 중복)
2026-08-06 13:20:00.554 | INFO     | stock_bot.news.crawler:fetch_naver_news:165 - news relevance filter: 4 → 2 (제외 2건) [181710]
2026-08-06 13:20:00.555 | INFO     | stock_bot.news.crawler:fetch_naver_news:170 - fetched 2 news items for 181710
2026-08-06 13:20:00.565 | DEBUG    | stock_bot.live.runner:_news_tick:653 - news 181710 new=0/2 (모두 중복)
2026-08-06 13:20:08.324 | INFO     | stock_bot.live.runner:_tick:1298 - 052460 아이크래프트 [ensemble] HOLD score=+0.00 B0/S0 | 현재가 6,180원 | 손절 -4.00%(ATR)
    VWAP 6,038원 +2.35% ─홀드 (+0.000)
    ST 상승추세 ─홀드 (+0.000)
    RSI 58.6 (기준 30/74) ─홀드 (+0.000)
    BB 6,050~6,325원 현재 6,180원 ─홀드 (+0.000)  ← 중간 [────●─────] 47%
    DC  ─홀드  ← 미보유 또는 청산 조건 미해당 (+0.000)
    거래량  MA25대비 1.22x  〰(neutral) (+0.0000)  ← 임계 미달 (기준 ≥1.2/≤0.7x) → 중립
2026-08-06 13:20:10.739 | INFO     | stock_bot.live.runner:_tick:1298 - 181710 NHN [ensemble] HOLD score=+0.36 B1/S0 | 현재가 43,000원 | 손절 -2.44%(ATR)
    VWAP 42,669원 +0.77% ─홀드 (+0.000)
    ST 하락→상승전환 ▲매수 (+0.259)
    RSI 57.1 (기준 30/74) ─홀드 (+0.000)
    BB 42,220~42,975원 현재 43,000원 ─홀드 (+0.000)  ← 상단근접 [─────────●] 103%
    DC  ─홀드  ← 미보유 또는 청산 조건 미해당 (+0.000)
    거래량  MA25대비 1.30x  ▲(boost) (+0.1000)  ← 점수 조정 +0.1000
2026-08-06 13:25:00.293 | INFO     | stock_bot.news.crawler:fetch_naver_news:165 - news relevance filter: 7 → 1 (제외 6건) [052460]
2026-08-06 13:25:00.294 | INFO     | stock_bot.news.crawler:fetch_naver_news:170 - fetched 1 news items for 052460
2026-08-06 13:25:00.300 | DEBUG    | stock_bot.live.runner:_news_tick:653 - news 052460 new=0/1 (모두 중복)
2026-08-06 13:25:00.624 | INFO     | stock_bot.news.crawler:fetch_naver_news:165 - news relevance filter: 4 → 2 (제외 2건) [181710]
2026-08-06 13:25:00.625 | INFO     | stock_bot.news.crawler:fetch_naver_news:170 - fetched 2 news items for 181710
2026-08-06 13:25:00.635 | DEBUG    | stock_bot.live.runner:_news_tick:653 - news 181710 new=0/2 (모두 중복)
2026-08-06 13:25:05.191 | INFO     | stock_bot.live.runner:_tick:1298 - 052460 아이크래프트 [ensemble] HOLD score=+0.00 B0/S0 | 현재가 6,230원 | 손절 -4.00%(ATR)
    VWAP 6,042원 +3.10% ─홀드 (+0.000)
    ST 상승추세 ─홀드 (+0.000)
    RSI 59.9 (기준 30/74) ─홀드 (+0.000)
    BB 6,055~6,336원 현재 6,230원 ─홀드 (+0.000)  ← 중간 [──────●───] 62%
    DC  ─홀드  ← 미보유 또는 청산 조건 미해당 (+0.000)
    거래량  MA25대비 0.79x  〰(neutral) (+0.0000)  ← 임계 미달 (기준 ≥1.2/≤0.7x) → 중립
2026-08-06 13:25:09.494 | INFO     | stock_bot.live.runner:_tick:1298 - 181710 NHN [ensemble] HOLD score=+0.00 B0/S0 | 현재가 42,850원 | 손절 -2.39%(ATR)
    VWAP 42,675원 +0.41% ─홀드 (+0.000)
    ST 상승추세 ─홀드 (+0.000)
    RSI 54.0 (기준 30/74) ─홀드 (+0.000)
    BB 42,243~42,972원 현재 42,850원 ─홀드 (+0.000)  ← 상단근접 [────────●─] 83%
    DC  ─홀드  ← 미보유 또는 청산 조건 미해당 (+0.000)
    거래량  MA25대비 1.78x  〰(neutral) (+0.0000)  ← 임계 미달 (기준 ≥1.2/≤0.7x) → 중립
2026-08-06 13:30:00.309 | INFO     | stock_bot.news.crawler:fetch_naver_news:165 - news relevance filter: 7 → 1 (제외 6건) [052460]
2026-08-06 13:30:00.310 | INFO     | stock_bot.news.crawler:fetch_naver_news:170 - fetched 1 news items for 052460
2026-08-06 13:30:00.317 | DEBUG    | stock_bot.live.runner:_news_tick:653 - news 052460 new=0/1 (모두 중복)
2026-08-06 13:30:00.554 | INFO     | stock_bot.news.crawler:fetch_naver_news:165 - news relevance filter: 4 → 2 (제외 2건) [181710]
2026-08-06 13:30:00.555 | INFO     | stock_bot.news.crawler:fetch_naver_news:170 - fetched 2 news items for 181710
2026-08-06 13:30:00.564 | DEBUG    | stock_bot.live.runner:_news_tick:653 - news 181710 new=0/2 (모두 중복)
2026-08-06 13:30:04.643 | INFO     | stock_bot.live.runner:_tick:1298 - 052460 아이크래프트 [ensemble] HOLD score=+0.00 B0/S0 | 현재가 6,245원 | 손절 -4.00%(ATR)
    VWAP 6,043원 +3.34% ─홀드 (+0.000)
    ST 상승추세 ─홀드 (+0.000)
    RSI 61.3 (기준 30/74) ─홀드 (+0.000)
    BB 6,056~6,338원 현재 6,245원 ─홀드 (+0.000)  ← 중간 [──────●───] 67%
    DC  ─홀드  ← 미보유 또는 청산 조건 미해당 (+0.000)
    거래량  MA25대비 0.28x  〰(neutral) (+0.0000)  ← 임계 미달 (기준 ≥1.2/≤0.7x) → 중립
2026-08-06 13:30:07.031 | INFO     | stock_bot.live.runner:_tick:1298 - 181710 NHN [ensemble] HOLD score=+0.00 B0/S0 | 현재가 42,900원 | 손절 -2.29%(ATR)
    VWAP 42,681원 +0.51% ─홀드 (+0.000)
    ST 상승추세 ─홀드 (+0.000)
    RSI 54.9 (기준 30/74) ─홀드 (+0.000)
    BB 42,227~43,013원 현재 42,900원 ─홀드 (+0.000)  ← 상단근접 [────────●─] 86%
    DC  ─홀드  ← 미보유 또는 청산 조건 미해당 (+0.000)
    거래량  MA25대비 2.22x  〰(neutral) (+0.0000)  ← 임계 미달 (기준 ≥1.2/≤0.7x) → 중립
2026-08-06 13:35:00.305 | INFO     | stock_bot.news.crawler:fetch_naver_news:165 - news relevance filter: 7 → 1 (제외 6건) [052460]
2026-08-06 13:35:00.306 | INFO     | stock_bot.news.crawler:fetch_naver_news:170 - fetched 1 news items for 052460
2026-08-06 13:35:00.311 | DEBUG    | stock_bot.live.runner:_news_tick:653 - news 052460 new=0/1 (모두 중복)
2026-08-06 13:35:00.546 | INFO     | stock_bot.news.crawler:fetch_naver_news:165 - news relevance filter: 4 → 2 (제외 2건) [181710]
2026-08-06 13:35:00.546 | INFO     | stock_bot.news.crawler:fetch_naver_news:170 - fetched 2 news items for 181710
2026-08-06 13:35:00.556 | DEBUG    | stock_bot.live.runner:_news_tick:653 - news 181710 new=0/2 (모두 중복)
2026-08-06 13:35:17.010 | INFO     | stock_bot.live.runner:_tick:1298 - 052460 아이크래프트 [ensemble] HOLD score=+0.00 B0/S0 | 현재가 6,300원 | 손절 -4.00%(ATR)
    VWAP 6,050원 +4.12% ─홀드 (+0.000)
    ST 상승추세 ─홀드 (+0.000)
    RSI 63.7 (기준 30/74) ─홀드 (+0.000)
    BB 6,051~6,354원 현재 6,300원 ─홀드 (+0.000)  ← 상단근접 [────────●─] 82%
    DC  ─홀드  ← 미보유 또는 청산 조건 미해당 (+0.000)
    거래량  MA25대비 1.46x  〰(neutral) (+0.0000)  ← 임계 미달 (기준 ≥1.2/≤0.7x) → 중립
2026-08-06 13:35:19.672 | INFO     | stock_bot.live.runner:_tick:1298 - 181710 NHN [ensemble] HOLD score=+0.00 B0/S0 | 현재가 42,850원 | 손절 -2.29%(ATR)
    VWAP 42,684원 +0.39% ─홀드 (+0.000)
    ST 상승추세 ─홀드 (+0.000)
    RSI 53.7 (기준 30/74) ─홀드 (+0.000)
    BB 42,227~43,038원 현재 42,850원 ─홀드 (+0.000)  ← 상단근접 [───────●──] 77%
    DC  ─홀드  ← 미보유 또는 청산 조건 미해당 (+0.000)
    거래량  MA25대비 1.27x  〰(neutral) (+0.0000)  ← 임계 미달 (기준 ≥1.2/≤0.7x) → 중립
2026-08-06 13:40:00.316 | INFO     | stock_bot.news.crawler:fetch_naver_news:165 - news relevance filter: 7 → 1 (제외 6건) [052460]
2026-08-06 13:40:00.317 | INFO     | stock_bot.news.crawler:fetch_naver_news:170 - fetched 1 news items for 052460
2026-08-06 13:40:00.323 | DEBUG    | stock_bot.live.runner:_news_tick:653 - news 052460 new=0/1 (모두 중복)
2026-08-06 13:40:00.557 | INFO     | stock_bot.news.crawler:fetch_naver_news:165 - news relevance filter: 4 → 2 (제외 2건) [181710]
2026-08-06 13:40:00.558 | INFO     | stock_bot.news.crawler:fetch_naver_news:170 - fetched 2 news items for 181710
2026-08-06 13:40:00.567 | DEBUG    | stock_bot.live.runner:_news_tick:653 - news 181710 new=0/2 (모두 중복)
2026-08-06 13:40:14.251 | INFO     | stock_bot.live.runner:_tick:1298 - 052460 아이크래프트 [ensemble] HOLD score=+0.00 B0/S0 | 현재가 6,310원 | 손절 -4.00%(ATR)
    VWAP 6,053원 +4.25% ─홀드 (+0.000)
    ST 상승추세 ─홀드 (+0.000)
    RSI 63.6 (기준 30/74) ─홀드 (+0.000)
    BB 6,048~6,361원 현재 6,310원 ─홀드 (+0.000)  ← 상단근접 [────────●─] 84%
    DC  ─홀드  ← 미보유 또는 청산 조건 미해당 (+0.000)
    거래량  MA25대비 0.52x  〰(neutral) (+0.0000)  ← 임계 미달 (기준 ≥1.2/≤0.7x) → 중립
2026-08-06 13:40:24.869 | INFO     | stock_bot.live.runner:_tick:1298 - 181710 NHN [ensemble] HOLD score=+0.00 B0/S0 | 현재가 42,950원 | 손절 -2.24%(ATR)
    VWAP 42,691원 +0.61% ─홀드 (+0.000)
    ST 상승추세 ─홀드 (+0.000)
    RSI 55.9 (기준 30/74) ─홀드 (+0.000)
    BB 42,206~43,104원 현재 42,950원 ─홀드 (+0.000)  ← 상단근접 [────────●─] 83%
    DC  ─홀드  ← 미보유 또는 청산 조건 미해당 (+0.000)
    거래량  MA25대비 1.56x  〰(neutral) (+0.0000)  ← 임계 미달 (기준 ≥1.2/≤0.7x) → 중립
2026-08-06 13:45:00.314 | INFO     | stock_bot.news.crawler:fetch_naver_news:165 - news relevance filter: 7 → 1 (제외 6건) [052460]
2026-08-06 13:45:00.315 | INFO     | stock_bot.news.crawler:fetch_naver_news:170 - fetched 1 news items for 052460
2026-08-06 13:45:00.322 | DEBUG    | stock_bot.live.runner:_news_tick:653 - news 052460 new=0/1 (모두 중복)
2026-08-06 13:45:00.564 | INFO     | stock_bot.news.crawler:fetch_naver_news:165 - news relevance filter: 4 → 2 (제외 2건) [181710]
2026-08-06 13:45:00.565 | INFO     | stock_bot.news.crawler:fetch_naver_news:170 - fetched 2 news items for 181710
2026-08-06 13:45:00.574 | DEBUG    | stock_bot.live.runner:_news_tick:653 - news 181710 new=0/2 (모두 중복)
2026-08-06 13:45:21.226 | INFO     | stock_bot.live.runner:_tick:1298 - 052460 아이크래프트 [ensemble] HOLD score=+0.00 B0/S0 | 현재가 6,300원 | 손절 -4.00%(ATR)
    VWAP 6,056원 +4.04% ─홀드 (+0.000)
    ST 상승추세 ─홀드 (+0.000)
    RSI 62.9 (기준 30/74) ─홀드 (+0.000)
    BB 6,050~6,356원 현재 6,300원 ─홀드 (+0.000)  ← 상단근접 [────────●─] 82%
    DC  ─홀드  ← 미보유 또는 청산 조건 미해당 (+0.000)
    거래량  MA25대비 0.69x  〰(neutral) (+0.0000)  ← 임계 미달 (기준 ≥1.2/≤0.7x) → 중립
2026-08-06 13:45:30.208 | INFO     | stock_bot.live.runner:_tick:1298 - 181710 NHN [ensemble] HOLD score=+0.00 B0/S0 | 현재가 42,850원 | 손절 -2.20%(ATR)
    VWAP 42,693원 +0.37% ─홀드 (+0.000)
    ST 상승추세 ─홀드 (+0.000)
    RSI 53.5 (기준 30/74) ─홀드 (+0.000)
    BB 42,253~43,097원 현재 42,850원 ─홀드 (+0.000)  ← 중간 [───────●──] 71%
    DC  ─홀드  ← 미보유 또는 청산 조건 미해당 (+0.000)
    거래량  MA25대비 1.04x  〰(neutral) (+0.0000)  ← 임계 미달 (기준 ≥1.2/≤0.7x) → 중립
2026-08-06 13:50:00.345 | INFO     | stock_bot.news.crawler:fetch_naver_news:165 - news relevance filter: 7 → 1 (제외 6건) [052460]
2026-08-06 13:50:00.346 | INFO     | stock_bot.news.crawler:fetch_naver_news:170 - fetched 1 news items for 052460
2026-08-06 13:50:00.352 | DEBUG    | stock_bot.live.runner:_news_tick:653 - news 052460 new=0/1 (모두 중복)
2026-08-06 13:50:00.595 | INFO     | stock_bot.news.crawler:fetch_naver_news:165 - news relevance filter: 4 → 2 (제외 2건) [181710]
2026-08-06 13:50:00.596 | INFO     | stock_bot.news.crawler:fetch_naver_news:170 - fetched 2 news items for 181710
2026-08-06 13:50:00.605 | DEBUG    | stock_bot.live.runner:_news_tick:653 - news 181710 new=0/2 (모두 중복)
2026-08-06 13:50:02.692 | INFO     | stock_bot.live.runner:_tick:1298 - 052460 아이크래프트 [ensemble] HOLD score=+0.00 B0/S0 | 현재가 6,290원 | 손절 -4.00%(ATR)
    VWAP 6,058원 +3.84% ─홀드 (+0.000)
    ST 상승추세 ─홀드 (+0.000)
    RSI 61.7 (기준 30/74) ─홀드 (+0.000)
    BB 6,052~6,349원 현재 6,290원 ─홀드 (+0.000)  ← 상단근접 [────────●─] 80%
    DC  ─홀드  ← 미보유 또는 청산 조건 미해당 (+0.000)
    거래량  MA25대비 0.58x  〰(neutral) (+0.0000)  ← 임계 미달 (기준 ≥1.2/≤0.7x) → 중립
2026-08-06 13:50:04.698 | INFO     | stock_bot.live.runner:_tick:1298 - 181710 NHN [ensemble] HOLD score=+0.00 B0/S0 | 현재가 43,000원 | 손절 -2.19%(ATR)
    VWAP 42,696원 +0.71% ─홀드 (+0.000)
    ST 상승추세 ─홀드 (+0.000)
    RSI 56.1 (기준 30/74) ─홀드 (+0.000)
    BB 42,238~43,162원 현재 43,000원 ─홀드 (+0.000)  ← 상단근접 [────────●─] 82%
    DC  ─홀드  ← 미보유 또는 청산 조건 미해당 (+0.000)
    거래량  MA25대비 0.94x  〰(neutral) (+0.0000)  ← 임계 미달 (기준 ≥1.2/≤0.7x) → 중립
2026-08-06 13:55:00.302 | INFO     | stock_bot.news.crawler:fetch_naver_news:165 - news relevance filter: 7 → 1 (제외 6건) [052460]
2026-08-06 13:55:00.303 | INFO     | stock_bot.news.crawler:fetch_naver_news:170 - fetched 1 news items for 052460
2026-08-06 13:55:00.309 | DEBUG    | stock_bot.live.runner:_news_tick:653 - news 052460 new=0/1 (모두 중복)
2026-08-06 13:55:00.540 | INFO     | stock_bot.news.crawler:fetch_naver_news:165 - news relevance filter: 4 → 2 (제외 2건) [181710]
2026-08-06 13:55:00.541 | INFO     | stock_bot.news.crawler:fetch_naver_news:170 - fetched 2 news items for 181710
2026-08-06 13:55:00.551 | DEBUG    | stock_bot.live.runner:_news_tick:653 - news 181710 new=0/2 (모두 중복)
2026-08-06 13:55:18.348 | INFO     | stock_bot.live.runner:_tick:1298 - 052460 아이크래프트 [ensemble] HOLD score=+0.00 B0/S0 | 현재가 6,290원 | 손절 -4.00%(ATR)
    VWAP 6,059원 +3.82% ─홀드 (+0.000)
    ST 상승추세 ─홀드 (+0.000)
    RSI 62.3 (기준 30/74) ─홀드 (+0.000)
    BB 6,049~6,362원 현재 6,290원 ─홀드 (+0.000)  ← 상단근접 [───────●──] 77%
    DC  ─홀드  ← 미보유 또는 청산 조건 미해당 (+0.000)
    거래량  MA25대비 0.31x  〰(neutral) (+0.0000)  ← 임계 미달 (기준 ≥1.2/≤0.7x) → 중립
2026-08-06 13:55:26.514 | INFO     | stock_bot.live.runner:_tick:1298 - 181710 NHN [ensemble] HOLD score=+0.00 B0/S0 | 현재가 42,950원 | 손절 -2.15%(ATR)
    VWAP 42,702원 +0.58% ─홀드 (+0.000)
    ST 상승추세 ─홀드 (+0.000)
    RSI 55.1 (기준 30/74) ─홀드 (+0.000)
    BB 42,244~43,181원 현재 42,950원 ─홀드 (+0.000)  ← 상단근접 [───────●──] 75%
    DC  ─홀드  ← 미보유 또는 청산 조건 미해당 (+0.000)
    거래량  MA25대비 1.45x  〰(neutral) (+0.0000)  ← 임계 미달 (기준 ≥1.2/≤0.7x) → 중립
2026-08-06 14:00:00.324 | INFO     | stock_bot.news.crawler:fetch_naver_news:165 - news relevance filter: 7 → 1 (제외 6건) [052460]
2026-08-06 14:00:00.325 | INFO     | stock_bot.news.crawler:fetch_naver_news:170 - fetched 1 news items for 052460
2026-08-06 14:00:00.332 | DEBUG    | stock_bot.live.runner:_news_tick:653 - news 052460 new=0/1 (모두 중복)
2026-08-06 14:00:00.576 | INFO     | stock_bot.news.crawler:fetch_naver_news:165 - news relevance filter: 4 → 2 (제외 2건) [181710]
2026-08-06 14:00:00.577 | INFO     | stock_bot.news.crawler:fetch_naver_news:170 - fetched 2 news items for 181710
2026-08-06 14:00:00.588 | DEBUG    | stock_bot.live.runner:_news_tick:653 - news 181710 new=0/2 (모두 중복)
2026-08-06 14:00:06.047 | INFO     | stock_bot.live.runner:_tick:1298 - 052460 아이크래프트 [ensemble] HOLD score=+0.00 B0/S0 | 현재가 6,230원 | 손절 -4.00%(ATR)
    VWAP 6,060원 +2.81% ─홀드 (+0.000)
    ST 상승추세 ─홀드 (+0.000)
    RSI 57.8 (기준 30/74) ─홀드 (+0.000)
    BB 6,051~6,351원 현재 6,230원 ─홀드 (+0.000)  ← 중간 [─────●────] 60%
    DC  ─홀드  ← 미보유 또는 청산 조건 미해당 (+0.000)
    거래량  MA25대비 0.28x  〰(neutral) (+0.0000)  ← 임계 미달 (기준 ≥1.2/≤0.7x) → 중립
2026-08-06 14:00:08.005 | INFO     | stock_bot.live.runner:_tick:1298 - 181710 NHN [ensemble] HOLD score=+0.00 B0/S0 | 현재가 42,950원 | 손절 -2.16%(ATR)
    VWAP 42,704원 +0.58% ─홀드 (+0.000)
    ST 상승추세 ─홀드 (+0.000)
    RSI 55.1 (기준 30/74) ─홀드 (+0.000)
    BB 42,248~43,207원 현재 42,950원 ─홀드 (+0.000)  ← 중간 [───────●──] 73%
    DC  ─홀드  ← 미보유 또는 청산 조건 미해당 (+0.000)
    거래량  MA25대비 0.81x  〰(neutral) (+0.0000)  ← 임계 미달 (기준 ≥1.2/≤0.7x) → 중립
2026-08-06 14:05:00.297 | INFO     | stock_bot.news.crawler:fetch_naver_news:165 - news relevance filter: 7 → 1 (제외 6건) [052460]
2026-08-06 14:05:00.298 | INFO     | stock_bot.news.crawler:fetch_naver_news:170 - fetched 1 news items for 052460
2026-08-06 14:05:00.303 | DEBUG    | stock_bot.live.runner:_news_tick:653 - news 052460 new=0/1 (모두 중복)
2026-08-06 14:05:00.536 | INFO     | stock_bot.news.crawler:fetch_naver_news:165 - news relevance filter: 4 → 2 (제외 2건) [181710]
2026-08-06 14:05:00.537 | INFO     | stock_bot.news.crawler:fetch_naver_news:170 - fetched 2 news items for 181710
2026-08-06 14:05:00.546 | DEBUG    | stock_bot.live.runner:_news_tick:653 - news 181710 new=0/2 (모두 중복)
2026-08-06 14:05:02.884 | INFO     | stock_bot.live.runner:_tick:1298 - 052460 아이크래프트 [ensemble] HOLD score=+0.00 B0/S0 | 현재가 6,280원 | 손절 -4.00%(ATR)
    VWAP 6,061원 +3.62% ─홀드 (+0.000)
    ST 상승추세 ─홀드 (+0.000)
    RSI 60.2 (기준 30/74) ─홀드 (+0.000)
    BB 6,053~6,363원 현재 6,280원 ─홀드 (+0.000)  ← 중간 [───────●──] 73%
    DC  ─홀드  ← 미보유 또는 청산 조건 미해당 (+0.000)
    거래량  MA25대비 0.30x  〰(neutral) (+0.0000)  ← 임계 미달 (기준 ≥1.2/≤0.7x) → 중립
2026-08-06 14:05:04.915 | INFO     | stock_bot.live.runner:_tick:1298 - 181710 NHN [ensemble] HOLD score=+0.00 B0/S0 | 현재가 43,000원 | 손절 -1.96%(ATR)
    VWAP 42,707원 +0.68% ─홀드 (+0.000)
    ST 상승추세 ─홀드 (+0.000)
    RSI 55.6 (기준 30/74) ─홀드 (+0.000)
    BB 42,255~43,245원 현재 43,000원 ─홀드 (+0.000)  ← 상단근접 [───────●──] 75%
    DC  ─홀드  ← 미보유 또는 청산 조건 미해당 (+0.000)
    거래량  MA25대비 0.66x  〰(neutral) (+0.0000)  ← 임계 미달 (기준 ≥1.2/≤0.7x) → 중립
2026-08-06 14:10:00.288 | INFO     | stock_bot.news.crawler:fetch_naver_news:165 - news relevance filter: 7 → 1 (제외 6건) [052460]
2026-08-06 14:10:00.289 | INFO     | stock_bot.news.crawler:fetch_naver_news:170 - fetched 1 news items for 052460
2026-08-06 14:10:00.294 | DEBUG    | stock_bot.live.runner:_news_tick:653 - news 052460 new=0/1 (모두 중복)
2026-08-06 14:10:00.530 | INFO     | stock_bot.news.crawler:fetch_naver_news:165 - news relevance filter: 4 → 2 (제외 2건) [181710]
2026-08-06 14:10:00.531 | INFO     | stock_bot.news.crawler:fetch_naver_news:170 - fetched 2 news items for 181710
2026-08-06 14:10:00.540 | DEBUG    | stock_bot.live.runner:_news_tick:653 - news 181710 new=0/2 (모두 중복)
2026-08-06 14:10:02.674 | INFO     | stock_bot.live.runner:_tick:1298 - 052460 아이크래프트 [ensemble] HOLD score=+0.00 B0/S0 | 현재가 6,240원 | 손절 -4.00%(ATR)
    VWAP 6,062원 +2.94% ─홀드 (+0.000)
    ST 상승추세 ─홀드 (+0.000)
    RSI 56.7 (기준 30/74) ─홀드 (+0.000)
    BB 6,055~6,369원 현재 6,240원 ─홀드 (+0.000)  ← 중간 [─────●────] 59%
    DC  ─홀드  ← 미보유 또는 청산 조건 미해당 (+0.000)
    거래량  MA25대비 0.38x  〰(neutral) (+0.0000)  ← 임계 미달 (기준 ≥1.2/≤0.7x) → 중립
2026-08-06 14:10:04.738 | INFO     | stock_bot.live.runner:_tick:1298 - 181710 NHN [ensemble] HOLD score=+0.00 B0/S0 | 현재가 43,100원 | 손절 -1.97%(ATR)
    VWAP 42,716원 +0.90% ─홀드 (+0.000)
    ST 상승추세 ─홀드 (+0.000)
    RSI 58.3 (기준 30/74) ─홀드 (+0.000)
    BB 42,270~43,300원 현재 43,100원 ─홀드 (+0.000)  ← 상단근접 [────────●─] 81%
    DC  ─홀드  ← 미보유 또는 청산 조건 미해당 (+0.000)
    거래량  MA25대비 1.76x  〰(neutral) (+0.0000)  ← 임계 미달 (기준 ≥1.2/≤0.7x) → 중립
2026-08-06 14:15:00.364 | INFO     | stock_bot.news.crawler:fetch_naver_news:165 - news relevance filter: 7 → 1 (제외 6건) [052460]
2026-08-06 14:15:00.365 | INFO     | stock_bot.news.crawler:fetch_naver_news:170 - fetched 1 news items for 052460
2026-08-06 14:15:00.372 | DEBUG    | stock_bot.live.runner:_news_tick:653 - news 052460 new=0/1 (모두 중복)
2026-08-06 14:15:00.621 | INFO     | stock_bot.news.crawler:fetch_naver_news:165 - news relevance filter: 4 → 2 (제외 2건) [181710]
2026-08-06 14:15:00.622 | INFO     | stock_bot.news.crawler:fetch_naver_news:170 - fetched 2 news items for 181710
2026-08-06 14:15:00.631 | DEBUG    | stock_bot.live.runner:_news_tick:653 - news 181710 new=0/2 (모두 중복)
2026-08-06 14:15:23.413 | INFO     | stock_bot.live.runner:_tick:1298 - 052460 아이크래프트 [ensemble] HOLD score=+0.00 B0/S0 | 현재가 6,110원 | 손절 -4.00%(ATR)
    VWAP 6,064원 +0.76% ─홀드 (+0.000)
    ST 상승추세 ─홀드 (+0.000)
    RSI 49.1 (기준 30/74) ─홀드 (+0.000)
    BB 6,035~6,361원 현재 6,110원 ─홀드 (+0.000)  ← 하단근접 [──●───────] 23%
    DC  ─홀드  ← 미보유 또는 청산 조건 미해당 (+0.000)
    거래량  MA25대비 1.47x  〰(neutral) (+0.0000)  ← 임계 미달 (기준 ≥1.2/≤0.7x) → 중립
2026-08-06 14:15:25.026 | INFO     | stock_bot.live.runner:_tick:1298 - 181710 NHN [ensemble] HOLD score=+0.00 B0/S0 | 현재가 43,300원 | 손절 -2.02%(ATR)
    VWAP 42,738원 +1.31% ─홀드 (+0.000)
    ST 상승추세 ─홀드 (+0.000)
    RSI 61.9 (기준 30/74) ─홀드 (+0.000)
    BB 42,262~43,408원 현재 43,300원 ─홀드 (+0.000)  ← 상단근접 [─────────●] 91%
    DC  ─홀드  ← 미보유 또는 청산 조건 미해당 (+0.000)
    거래량  MA25대비 2.54x  〰(neutral) (+0.0000)  ← 임계 미달 (기준 ≥1.2/≤0.7x) → 중립
2026-08-06 14:20:00.316 | INFO     | stock_bot.news.crawler:fetch_naver_news:165 - news relevance filter: 7 → 1 (제외 6건) [052460]
2026-08-06 14:20:00.317 | INFO     | stock_bot.news.crawler:fetch_naver_news:170 - fetched 1 news items for 052460
2026-08-06 14:20:00.322 | DEBUG    | stock_bot.live.runner:_news_tick:653 - news 052460 new=0/1 (모두 중복)
2026-08-06 14:20:00.561 | INFO     | stock_bot.news.crawler:fetch_naver_news:165 - news relevance filter: 4 → 2 (제외 2건) [181710]
2026-08-06 14:20:00.561 | INFO     | stock_bot.news.crawler:fetch_naver_news:170 - fetched 2 news items for 181710
2026-08-06 14:20:00.571 | DEBUG    | stock_bot.live.runner:_news_tick:653 - news 181710 new=0/2 (모두 중복)
2026-08-06 14:20:03.684 | INFO     | stock_bot.live.runner:_tick:1298 - 052460 아이크래프트 [ensemble] HOLD score=+0.00 B0/S0 | 현재가 6,160원 | 손절 -4.00%(ATR)
    VWAP 6,064원 +1.58% ─홀드 (+0.000)
    ST 상승추세 ─홀드 (+0.000)
    RSI 52.0 (기준 30/74) ─홀드 (+0.000)
    BB 6,035~6,359원 현재 6,160원 ─홀드 (+0.000)  ← 중간 [───●──────] 39%
    DC  ─홀드  ← 미보유 또는 청산 조건 미해당 (+0.000)
    거래량  MA25대비 1.25x  〰(neutral) (+0.0000)  ← 임계 미달 (기준 ≥1.2/≤0.7x) → 중립
2026-08-06 14:20:05.579 | INFO     | stock_bot.live.runner:_tick:1298 - 181710 NHN [ensemble] HOLD score=+0.00 B0/S0 | 현재가 43,400원 | 손절 -1.99%(ATR)
    VWAP 42,766원 +1.48% ─홀드 (+0.000)
    ST 상승추세 ─홀드 (+0.000)
    RSI 63.6 (기준 30/74) ─홀드 (+0.000)
    BB 42,287~43,478원 현재 43,400원 ─홀드 (+0.000)  ← 상단근접 [─────────●] 93%
    DC  ─홀드  ← 미보유 또는 청산 조건 미해당 (+0.000)
    거래량  MA25대비 1.64x  〰(neutral) (+0.0000)  ← 임계 미달 (기준 ≥1.2/≤0.7x) → 중립
2026-08-06 14:25:00.301 | INFO     | stock_bot.news.crawler:fetch_naver_news:165 - news relevance filter: 7 → 1 (제외 6건) [052460]
2026-08-06 14:25:00.301 | INFO     | stock_bot.news.crawler:fetch_naver_news:170 - fetched 1 news items for 052460
2026-08-06 14:25:00.307 | DEBUG    | stock_bot.live.runner:_news_tick:653 - news 052460 new=0/1 (모두 중복)
2026-08-06 14:25:00.611 | INFO     | stock_bot.news.crawler:fetch_naver_news:165 - news relevance filter: 4 → 2 (제외 2건) [181710]
2026-08-06 14:25:00.612 | INFO     | stock_bot.news.crawler:fetch_naver_news:170 - fetched 2 news items for 181710
2026-08-06 14:25:00.621 | DEBUG    | stock_bot.live.runner:_news_tick:653 - news 181710 new=0/2 (모두 중복)
2026-08-06 14:25:02.696 | INFO     | stock_bot.live.runner:_tick:1298 - 052460 아이크래프트 [ensemble] HOLD score=+0.00 B0/S0 | 현재가 6,150원 | 손절 -4.00%(ATR)
    VWAP 6,065원 +1.40% ─홀드 (+0.000)
    ST 상승추세 ─홀드 (+0.000)
    RSI 51.3 (기준 30/74) ─홀드 (+0.000)
    BB 6,035~6,359원 현재 6,150원 ─홀드 (+0.000)  ← 중간 [───●──────] 36%
    DC  ─홀드  ← 미보유 또는 청산 조건 미해당 (+0.000)
    거래량  MA25대비 0.34x  〰(neutral) (+0.0000)  ← 임계 미달 (기준 ≥1.2/≤0.7x) → 중립
2026-08-06 14:25:04.694 | INFO     | stock_bot.live.runner:_tick:1298 - 181710 NHN [ensemble] HOLD score=+0.00 B0/S0 | 현재가 43,400원 | 손절 -1.89%(ATR)
    VWAP 42,782원 +1.44% ─홀드 (+0.000)
    ST 상승추세 ─홀드 (+0.000)
    RSI 63.0 (기준 30/74) ─홀드 (+0.000)
    BB 42,336~43,549원 현재 43,400원 ─홀드 (+0.000)  ← 상단근접 [────────●─] 88%
    DC  ─홀드  ← 미보유 또는 청산 조건 미해당 (+0.000)
    거래량  MA25대비 0.66x  〰(neutral) (+0.0000)  ← 임계 미달 (기준 ≥1.2/≤0.7x) → 중립
2026-08-06 14:30:00.291 | INFO     | stock_bot.news.crawler:fetch_naver_news:165 - news relevance filter: 7 → 1 (제외 6건) [052460]
2026-08-06 14:30:00.292 | INFO     | stock_bot.news.crawler:fetch_naver_news:170 - fetched 1 news items for 052460
2026-08-06 14:30:00.299 | DEBUG    | stock_bot.live.runner:_news_tick:653 - news 052460 new=0/1 (모두 중복)
2026-08-06 14:30:00.532 | INFO     | stock_bot.news.crawler:fetch_naver_news:165 - news relevance filter: 4 → 2 (제외 2건) [181710]
2026-08-06 14:30:00.533 | INFO     | stock_bot.news.crawler:fetch_naver_news:170 - fetched 2 news items for 181710
2026-08-06 14:30:00.542 | DEBUG    | stock_bot.live.runner:_news_tick:653 - news 181710 new=0/2 (모두 중복)
2026-08-06 14:30:22.637 | INFO     | stock_bot.live.runner:_tick:1298 - 052460 아이크래프트 [ensemble] HOLD score=+0.00 B0/S0 | 현재가 6,170원 | 손절 -4.00%(ATR)
    VWAP 6,065원 +1.72% ─홀드 (+0.000)
    ST 상승추세 ─홀드 (+0.000)
    RSI 52.5 (기준 30/74) ─홀드 (+0.000)
    BB 6,036~6,359원 현재 6,170원 ─홀드 (+0.000)  ← 중간 [────●─────] 41%
    DC  ─홀드  ← 미보유 또는 청산 조건 미해당 (+0.000)
    거래량  MA25대비 0.30x  〰(neutral) (+0.0000)  ← 임계 미달 (기준 ≥1.2/≤0.7x) → 중립
2026-08-06 14:30:37.105 | INFO     | stock_bot.live.runner:_tick:1298 - 181710 NHN [ensemble] HOLD score=+0.00 B0/S0 | 현재가 43,300원 | 손절 -1.87%(ATR)
    VWAP 42,805원 +1.16% ─홀드 (+0.000)
    ST 상승추세 ─홀드 (+0.000)
    RSI 60.8 (기준 30/74) ─홀드 (+0.000)
    BB 42,433~43,527원 현재 43,300원 ─홀드 (+0.000)  ← 상단근접 [───────●──] 79%
    DC  ─홀드  ← 미보유 또는 청산 조건 미해당 (+0.000)
    거래량  MA25대비 2.37x  〰(neutral) (+0.0000)  ← 임계 미달 (기준 ≥1.2/≤0.7x) → 중립
2026-08-06 14:35:00.300 | INFO     | stock_bot.news.crawler:fetch_naver_news:165 - news relevance filter: 7 → 1 (제외 6건) [052460]
2026-08-06 14:35:00.301 | INFO     | stock_bot.news.crawler:fetch_naver_news:170 - fetched 1 news items for 052460
2026-08-06 14:35:00.307 | DEBUG    | stock_bot.live.runner:_news_tick:653 - news 052460 new=0/1 (모두 중복)
2026-08-06 14:35:00.547 | INFO     | stock_bot.news.crawler:fetch_naver_news:165 - news relevance filter: 4 → 2 (제외 2건) [181710]
2026-08-06 14:35:00.548 | INFO     | stock_bot.news.crawler:fetch_naver_news:170 - fetched 2 news items for 181710
2026-08-06 14:35:00.557 | DEBUG    | stock_bot.live.runner:_news_tick:653 - news 181710 new=0/2 (모두 중복)
2026-08-06 14:35:02.738 | INFO     | stock_bot.live.runner:_tick:1298 - 052460 아이크래프트 [ensemble] HOLD score=+0.00 B0/S0 | 현재가 6,100원 | 손절 -4.00%(ATR)
    VWAP 6,066원 +0.56% ─홀드 (+0.000)
    ST 상승추세 ─홀드 (+0.000)
    RSI 48.3 (기준 30/74) ─홀드 (+0.000)
    BB 6,027~6,361원 현재 6,100원 ─홀드 (+0.000)  ← 하단근접 [──●───────] 22%
    DC  ─홀드  ← 미보유 또는 청산 조건 미해당 (+0.000)
    거래량  MA25대비 0.79x  〰(neutral) (+0.0000)  ← 임계 미달 (기준 ≥1.2/≤0.7x) → 중립
2026-08-06 14:35:04.760 | INFO     | stock_bot.live.runner:_tick:1298 - 181710 NHN [ensemble] HOLD score=+0.00 B0/S0 | 현재가 43,400원 | 손절 -1.81%(ATR)
    VWAP 42,822원 +1.35% ─홀드 (+0.000)
    ST 상승추세 ─홀드 (+0.000)
    RSI 62.3 (기준 30/74) ─홀드 (+0.000)
    BB 42,533~43,542원 현재 43,400원 ─홀드 (+0.000)  ← 상단근접 [────────●─] 86%
    DC  ─홀드  ← 미보유 또는 청산 조건 미해당 (+0.000)
    거래량  MA25대비 1.93x  〰(neutral) (+0.0000)  ← 임계 미달 (기준 ≥1.2/≤0.7x) → 중립
2026-08-06 14:40:00.291 | INFO     | stock_bot.news.crawler:fetch_naver_news:165 - news relevance filter: 7 → 1 (제외 6건) [052460]
2026-08-06 14:40:00.292 | INFO     | stock_bot.news.crawler:fetch_naver_news:170 - fetched 1 news items for 052460
2026-08-06 14:40:00.297 | DEBUG    | stock_bot.live.runner:_news_tick:653 - news 052460 new=0/1 (모두 중복)
2026-08-06 14:40:00.532 | INFO     | stock_bot.news.crawler:fetch_naver_news:165 - news relevance filter: 4 → 2 (제외 2건) [181710]
2026-08-06 14:40:00.533 | INFO     | stock_bot.news.crawler:fetch_naver_news:170 - fetched 2 news items for 181710
2026-08-06 14:40:00.542 | DEBUG    | stock_bot.live.runner:_news_tick:653 - news 181710 new=0/2 (모두 중복)
2026-08-06 14:40:03.086 | INFO     | stock_bot.live.runner:_tick:1298 - 052460 아이크래프트 [ensemble] HOLD score=+0.00 B0/S0 | 현재가 6,100원 | 손절 -4.00%(ATR)
    VWAP 6,066원 +0.56% ─홀드 (+0.000)
    ST 상승추세 ─홀드 (+0.000)
    RSI 48.2 (기준 30/74) ─홀드 (+0.000)
    BB 6,033~6,358원 현재 6,100원 ─홀드 (+0.000)  ← 하단근접 [──●───────] 21%
    DC  ─홀드  ← 미보유 또는 청산 조건 미해당 (+0.000)
    거래량  MA25대비 0.28x  〰(neutral) (+0.0000)  ← 임계 미달 (기준 ≥1.2/≤0.7x) → 중립
2026-08-06 14:40:05.856 | INFO     | stock_bot.live.runner:_tick:1298 - 181710 NHN [ensemble] HOLD score=+0.00 B0/S0 | 현재가 43,450원 | 손절 -1.80%(ATR)
    VWAP 42,831원 +1.44% ─홀드 (+0.000)
    ST 상승추세 ─홀드 (+0.000)
    RSI 63.3 (기준 30/74) ─홀드 (+0.000)
    BB 42,616~43,554원 현재 43,450원 ─홀드 (+0.000)  ← 상단근접 [────────●─] 89%
    DC  ─홀드  ← 미보유 또는 청산 조건 미해당 (+0.000)
    거래량  MA25대비 0.40x  〰(neutral) (+0.0000)  ← 임계 미달 (기준 ≥1.2/≤0.7x) → 중립
2026-08-06 14:45:00.280 | INFO     | stock_bot.news.crawler:fetch_naver_news:165 - news relevance filter: 7 → 1 (제외 6건) [052460]
2026-08-06 14:45:00.281 | INFO     | stock_bot.news.crawler:fetch_naver_news:170 - fetched 1 news items for 052460
2026-08-06 14:45:00.287 | DEBUG    | stock_bot.live.runner:_news_tick:653 - news 052460 new=0/1 (모두 중복)
2026-08-06 14:45:00.527 | INFO     | stock_bot.news.crawler:fetch_naver_news:165 - news relevance filter: 4 → 2 (제외 2건) [181710]
2026-08-06 14:45:00.527 | INFO     | stock_bot.news.crawler:fetch_naver_news:170 - fetched 2 news items for 181710
2026-08-06 14:45:00.537 | DEBUG    | stock_bot.live.runner:_news_tick:653 - news 181710 new=0/2 (모두 중복)
2026-08-06 14:45:16.635 | INFO     | stock_bot.live.runner:_tick:1298 - 052460 아이크래프트 [ensemble] HOLD score=+0.00 B0/S0 | 현재가 6,130원 | 손절 -4.00%(ATR)
    VWAP 6,066원 +1.05% ─홀드 (+0.000)
    ST 상승추세 ─홀드 (+0.000)
    RSI 50.2 (기준 30/74) ─홀드 (+0.000)
    BB 6,056~6,348원 현재 6,130원 ─홀드 (+0.000)  ← 중간 [──●───────] 25%
    DC  ─홀드  ← 미보유 또는 청산 조건 미해당 (+0.000)
    거래량  MA25대비 0.38x  〰(neutral) (+0.0000)  ← 임계 미달 (기준 ≥1.2/≤0.7x) → 중립
2026-08-06 14:45:25.673 | INFO     | stock_bot.live.runner:_tick:1298 - 181710 NHN [ensemble] HOLD score=+0.00 B0/S0 | 현재가 43,500원 | 손절 -1.75%(ATR)
    VWAP 42,860원 +1.49% ─홀드 (+0.000)
    ST 상승추세 ─홀드 (+0.000)
    RSI 64.3 (기준 30/74) ─홀드 (+0.000)
    BB 42,637~43,618원 현재 43,500원 ─홀드 (+0.000)  ← 상단근접 [────────●─] 88%
    DC  ─홀드  ← 미보유 또는 청산 조건 미해당 (+0.000)
    거래량  MA25대비 2.50x  〰(neutral) (+0.0000)  ← 임계 미달 (기준 ≥1.2/≤0.7x) → 중립
2026-08-06 14:50:00.367 | INFO     | stock_bot.news.crawler:fetch_naver_news:165 - news relevance filter: 7 → 1 (제외 6건) [052460]
2026-08-06 14:50:00.368 | INFO     | stock_bot.news.crawler:fetch_naver_news:170 - fetched 1 news items for 052460
2026-08-06 14:50:00.374 | DEBUG    | stock_bot.live.runner:_news_tick:653 - news 052460 new=0/1 (모두 중복)
2026-08-06 14:50:00.609 | INFO     | stock_bot.news.crawler:fetch_naver_news:165 - news relevance filter: 4 → 2 (제외 2건) [181710]
2026-08-06 14:50:00.610 | INFO     | stock_bot.news.crawler:fetch_naver_news:170 - fetched 2 news items for 181710
2026-08-06 14:50:00.620 | DEBUG    | stock_bot.live.runner:_news_tick:653 - news 181710 new=0/2 (모두 중복)
2026-08-06 14:50:21.781 | INFO     | stock_bot.live.runner:_tick:1298 - 052460 아이크래프트 [ensemble] HOLD score=+0.00 B0/S0 | 현재가 6,160원 | 손절 -4.00%(ATR)
    VWAP 6,068원 +1.52% ─홀드 (+0.000)
    ST 상승추세 ─홀드 (+0.000)
    RSI 52.1 (기준 30/74) ─홀드 (+0.000)
    BB 6,059~6,348원 현재 6,160원 ─홀드 (+0.000)  ← 중간 [───●──────] 35%
    DC  ─홀드  ← 미보유 또는 청산 조건 미해당 (+0.000)
    거래량  MA25대비 1.11x  〰(neutral) (+0.0000)  ← 임계 미달 (기준 ≥1.2/≤0.7x) → 중립
2026-08-06 14:50:23.566 | INFO     | stock_bot.live.runner:_tick:1298 - 181710 NHN [ensemble] HOLD score=+0.00 B0/S0 | 현재가 43,250원 | 손절 -1.91%(ATR)
    VWAP 42,903원 +0.81% ─홀드 (+0.000)
    ST 상승추세 ─홀드 (+0.000)
    RSI 56.5 (기준 30/74) ─홀드 (+0.000)
    BB 42,684~43,596원 현재 43,250원 ─홀드 (+0.000)  ← 중간 [──────●───] 62%
    DC  ─홀드  ← 미보유 또는 청산 조건 미해당 (+0.000)
    거래량  MA25대비 3.59x  〰(neutral) (+0.0000)  ← 임계 미달 (기준 ≥1.2/≤0.7x) → 중립
2026-08-06 14:55:00.260 | INFO     | stock_bot.news.crawler:fetch_naver_news:165 - news relevance filter: 7 → 1 (제외 6건) [052460]
2026-08-06 14:55:00.261 | INFO     | stock_bot.news.crawler:fetch_naver_news:170 - fetched 1 news items for 052460
2026-08-06 14:55:00.266 | DEBUG    | stock_bot.live.runner:_news_tick:653 - news 052460 new=0/1 (모두 중복)
2026-08-06 14:55:00.490 | INFO     | stock_bot.news.crawler:fetch_naver_news:165 - news relevance filter: 4 → 2 (제외 2건) [181710]
2026-08-06 14:55:00.491 | INFO     | stock_bot.news.crawler:fetch_naver_news:170 - fetched 2 news items for 181710
2026-08-06 14:55:00.500 | DEBUG    | stock_bot.live.runner:_news_tick:653 - news 181710 new=0/2 (모두 중복)
2026-08-06 14:55:02.658 | INFO     | stock_bot.live.runner:_tick:1298 - 052460 아이크래프트 [ensemble] HOLD score=+0.00 B0/S0 | 현재가 6,150원 | 손절 -4.00%(ATR)
    VWAP 6,068원 +1.35% ─홀드 (+0.000)
    ST 상승추세 ─홀드 (+0.000)
    RSI 51.3 (기준 30/74) ─홀드 (+0.000)
    BB 6,058~6,348원 현재 6,150원 ─홀드 (+0.000)  ← 중간 [───●──────] 32%
    DC  ─홀드  ← 미보유 또는 청산 조건 미해당 (+0.000)
    거래량  MA25대비 0.52x  〰(neutral) (+0.0000)  ← 임계 미달 (기준 ≥1.2/≤0.7x) → 중립
2026-08-06 14:55:04.702 | INFO     | stock_bot.live.runner:_tick:1298 - 181710 NHN [ensemble] HOLD score=+0.00 B0/S0 | 현재가 43,200원 | 손절 -1.85%(ATR)
    VWAP 42,911원 +0.67% ─홀드 (+0.000)
    ST 상승추세 ─홀드 (+0.000)
    RSI 55.3 (기준 30/74) ─홀드 (+0.000)
    BB 42,704~43,596원 현재 43,200원 ─홀드 (+0.000)  ← 중간 [─────●────] 56%
    DC  ─홀드  ← 미보유 또는 청산 조건 미해당 (+0.000)
    거래량  MA25대비 2.29x  〰(neutral) (+0.0000)  ← 임계 미달 (기준 ≥1.2/≤0.7x) → 중립
2026-08-06 15:00:00.320 | INFO     | stock_bot.news.crawler:fetch_naver_news:165 - news relevance filter: 7 → 1 (제외 6건) [052460]
2026-08-06 15:00:00.321 | INFO     | stock_bot.news.crawler:fetch_naver_news:170 - fetched 1 news items for 052460
2026-08-06 15:00:00.396 | DEBUG    | stock_bot.live.runner:_news_tick:653 - news 052460 new=0/1 (모두 중복)
2026-08-06 15:00:00.636 | INFO     | stock_bot.news.crawler:fetch_naver_news:165 - news relevance filter: 4 → 2 (제외 2건) [181710]
2026-08-06 15:00:00.637 | INFO     | stock_bot.news.crawler:fetch_naver_news:170 - fetched 2 news items for 181710
2026-08-06 15:00:00.646 | DEBUG    | stock_bot.live.runner:_news_tick:653 - news 181710 new=0/2 (모두 중복)
2026-08-06 15:00:26.863 | INFO     | stock_bot.live.runner:_tick:1298 - 052460 아이크래프트 [ensemble] HOLD score=+0.00 B0/S0 | 현재가 6,170원 | 손절 -4.00%(ATR)
    VWAP 6,069원 +1.67% ─홀드 (+0.000)
    ST 상승추세 ─홀드 (+0.000)
    RSI 52.6 (기준 30/74) ─홀드 (+0.000)
    BB 6,057~6,345원 현재 6,170원 ─홀드 (+0.000)  ← 중간 [───●──────] 39%
    DC  ─홀드  ← 미보유 또는 청산 조건 미해당 (+0.000)
    거래량  MA25대비 0.26x  〰(neutral) (+0.0000)  ← 임계 미달 (기준 ≥1.2/≤0.7x) → 중립
2026-08-06 15:00:49.853 | INFO     | stock_bot.live.runner:_tick:1298 - 181710 NHN [ensemble] HOLD score=+0.00 B0/S0 | 현재가 43,300원 | 손절 -1.83%(ATR)
    VWAP 42,915원 +0.90% ─홀드 (+0.000)
    ST 상승추세 ─홀드 (+0.000)
    RSI 57.5 (기준 30/74) ─홀드 (+0.000)
    BB 42,746~43,609원 현재 43,300원 ─홀드 (+0.000)  ← 중간 [──────●───] 64%
    DC  ─홀드  ← 미보유 또는 청산 조건 미해당 (+0.000)
    거래량  MA25대비 0.48x  〰(neutral) (+0.0000)  ← 임계 미달 (기준 ≥1.2/≤0.7x) → 중립
2026-08-06 15:05:00.327 | INFO     | stock_bot.news.crawler:fetch_naver_news:165 - news relevance filter: 7 → 1 (제외 6건) [052460]
2026-08-06 15:05:00.328 | INFO     | stock_bot.news.crawler:fetch_naver_news:170 - fetched 1 news items for 052460
2026-08-06 15:05:00.334 | DEBUG    | stock_bot.live.runner:_news_tick:653 - news 052460 new=0/1 (모두 중복)
2026-08-06 15:05:00.631 | INFO     | stock_bot.news.crawler:fetch_naver_news:165 - news relevance filter: 4 → 2 (제외 2건) [181710]
2026-08-06 15:05:00.633 | INFO     | stock_bot.news.crawler:fetch_naver_news:170 - fetched 2 news items for 181710
2026-08-06 15:05:00.641 | DEBUG    | stock_bot.live.runner:_news_tick:653 - news 181710 new=0/2 (모두 중복)
2026-08-06 15:05:20.443 | INFO     | stock_bot.live.runner:_tick:1298 - 052460 아이크래프트 [ensemble] HOLD score=+0.00 B0/S0 | 현재가 6,170원 | 손절 -4.00%(ATR)
    VWAP 6,069원 +1.66% ─홀드 (+0.000)
    ST 상승추세 ─홀드 (+0.000)
    RSI 52.6 (기준 30/74) ─홀드 (+0.000)
    BB 6,054~6,340원 현재 6,170원 ─홀드 (+0.000)  ← 중간 [────●─────] 41%
    DC  ─홀드  ← 미보유 또는 청산 조건 미해당 (+0.000)
    거래량  MA25대비 0.54x  〰(neutral) (+0.0000)  ← 임계 미달 (기준 ≥1.2/≤0.7x) → 중립
2026-08-06 15:05:22.055 | INFO     | stock_bot.live.runner:_tick:1298 - 181710 NHN [ensemble] HOLD score=+0.00 B0/S0 | 현재가 43,350원 | 손절 -1.78%(ATR)
    VWAP 42,922원 +1.00% ─홀드 (+0.000)
    ST 상승추세 ─홀드 (+0.000)
    RSI 58.4 (기준 30/74) ─홀드 (+0.000)
    BB 42,783~43,622원 현재 43,350원 ─홀드 (+0.000)  ← 중간 [──────●───] 68%
    DC  ─홀드  ← 미보유 또는 청산 조건 미해당 (+0.000)
    거래량  MA25대비 0.95x  〰(neutral) (+0.0000)  ← 임계 미달 (기준 ≥1.2/≤0.7x) → 중립
2026-08-06 15:10:00.379 | INFO     | stock_bot.news.crawler:fetch_naver_news:165 - news relevance filter: 7 → 1 (제외 6건) [052460]
2026-08-06 15:10:00.380 | INFO     | stock_bot.news.crawler:fetch_naver_news:170 - fetched 1 news items for 052460
2026-08-06 15:10:00.385 | DEBUG    | stock_bot.live.runner:_news_tick:653 - news 052460 new=0/1 (모두 중복)
2026-08-06 15:10:00.631 | INFO     | stock_bot.news.crawler:fetch_naver_news:165 - news relevance filter: 4 → 2 (제외 2건) [181710]
2026-08-06 15:10:00.632 | INFO     | stock_bot.news.crawler:fetch_naver_news:170 - fetched 2 news items for 181710
2026-08-06 15:10:00.642 | DEBUG    | stock_bot.live.runner:_news_tick:653 - news 181710 new=0/2 (모두 중복)
2026-08-06 15:10:26.639 | INFO     | stock_bot.live.runner:_tick:1298 - 052460 아이크래프트 [ensemble] HOLD score=+0.00 B0/S0 | 현재가 6,130원 | 손절 -4.00%(ATR)
    VWAP 6,069원 +1.00% ─홀드 (+0.000)
    ST 상승추세 ─홀드 (+0.000)
    RSI 49.7 (기준 30/74) ─홀드 (+0.000)
    BB 6,048~6,328원 현재 6,130원 ─홀드 (+0.000)  ← 중간 [──●───────] 29%
    DC  ─홀드  ← 미보유 또는 청산 조건 미해당 (+0.000)
    거래량  MA25대비 0.18x  〰(neutral) (+0.0000)  ← 임계 미달 (기준 ≥1.2/≤0.7x) → 중립
2026-08-06 15:10:43.774 | INFO     | stock_bot.live.runner:_tick:1298 - 181710 NHN [ensemble] HOLD score=+0.00 B0/S0 | 현재가 43,500원 | 손절 -1.80%(ATR)
    VWAP 42,928원 +1.33% ─홀드 (+0.000)
    ST 상승추세 ─홀드 (+0.000)
    RSI 61.7 (기준 30/74) ─홀드 (+0.000)
    BB 42,815~43,660원 현재 43,500원 ─홀드 (+0.000)  ← 상단근접 [────────●─] 81%
    DC  ─홀드  ← 미보유 또는 청산 조건 미해당 (+0.000)
    거래량  MA25대비 0.41x  〰(neutral) (+0.0000)  ← 임계 미달 (기준 ≥1.2/≤0.7x) → 중립
2026-08-06 15:15:00.265 | INFO     | stock_bot.news.crawler:fetch_naver_news:165 - news relevance filter: 7 → 1 (제외 6건) [052460]
2026-08-06 15:15:00.266 | INFO     | stock_bot.news.crawler:fetch_naver_news:170 - fetched 1 news items for 052460
2026-08-06 15:15:00.272 | DEBUG    | stock_bot.live.runner:_news_tick:653 - news 052460 new=0/1 (모두 중복)
2026-08-06 15:15:00.504 | INFO     | stock_bot.news.crawler:fetch_naver_news:165 - news relevance filter: 4 → 2 (제외 2건) [181710]
2026-08-06 15:15:00.505 | INFO     | stock_bot.news.crawler:fetch_naver_news:170 - fetched 2 news items for 181710
2026-08-06 15:15:00.514 | DEBUG    | stock_bot.live.runner:_news_tick:653 - news 181710 new=0/2 (모두 중복)
2026-08-06 15:15:05.855 | INFO     | stock_bot.live.runner:_tick:1298 - 052460 아이크래프트 [ensemble] HOLD score=+0.00 B0/S0 | 현재가 6,120원 | 손절 -4.00%(ATR)
    VWAP 6,070원 +0.83% ─홀드 (+0.000)
    ST 상승추세 ─홀드 (+0.000)
    RSI 48.8 (기준 30/74) ─홀드 (+0.000)
    BB 6,047~6,309원 현재 6,120원 ─홀드 (+0.000)  ← 중간 [──●───────] 28%
    DC  ─홀드  ← 미보유 또는 청산 조건 미해당 (+0.000)
    거래량  MA25대비 0.90x  〰(neutral) (+0.0000)  ← 임계 미달 (기준 ≥1.2/≤0.7x) → 중립
2026-08-06 15:15:07.773 | INFO     | stock_bot.live.runner:_tick:1298 - 181710 NHN [ensemble] HOLD score=+0.00 B0/S0 | 현재가 43,450원 | 손절 -1.72%(ATR)
    VWAP 42,936원 +1.20% ─홀드 (+0.000)
    ST 상승추세 ─홀드 (+0.000)
    RSI 59.8 (기준 30/74) ─홀드 (+0.000)
    BB 42,842~43,678원 현재 43,450원 ─홀드 (+0.000)  ← 중간 [───────●──] 73%
    DC  ─홀드  ← 미보유 또는 청산 조건 미해당 (+0.000)
    거래량  MA25대비 0.99x  〰(neutral) (+0.0000)  ← 임계 미달 (기준 ≥1.2/≤0.7x) → 중립
2026-08-06 15:20:00.358 | INFO     | stock_bot.news.crawler:fetch_naver_news:165 - news relevance filter: 7 → 1 (제외 6건) [052460]
2026-08-06 15:20:00.359 | INFO     | stock_bot.news.crawler:fetch_naver_news:170 - fetched 1 news items for 052460
2026-08-06 15:20:00.364 | DEBUG    | stock_bot.live.runner:_news_tick:653 - news 052460 new=0/1 (모두 중복)
2026-08-06 15:20:00.596 | INFO     | stock_bot.news.crawler:fetch_naver_news:165 - news relevance filter: 4 → 2 (제외 2건) [181710]
2026-08-06 15:20:00.596 | INFO     | stock_bot.news.crawler:fetch_naver_news:170 - fetched 2 news items for 181710
2026-08-06 15:20:00.606 | DEBUG    | stock_bot.live.runner:_news_tick:653 - news 181710 new=0/2 (모두 중복)
2026-08-06 15:20:03.685 | INFO     | stock_bot.live.runner:_tick:1298 - 052460 아이크래프트 [ensemble] HOLD score=+0.00 B0/S0 | 현재가 6,200원 | 손절 -4.00%(ATR)
    VWAP 6,071원 +2.12% ─홀드 (+0.000)
    ST 상승추세 ─홀드 (+0.000)
    RSI 54.1 (기준 30/74) ─홀드 (+0.000)
    BB 6,057~6,301원 현재 6,200원 ─홀드 (+0.000)  ← 중간 [─────●────] 59%
    DC  ─홀드  ← 미보유 또는 청산 조건 미해당 (+0.000)
    거래량  MA25대비 1.11x  〰(neutral) (+0.0000)  ← 임계 미달 (기준 ≥1.2/≤0.7x) → 중립
2026-08-06 15:20:05.517 | INFO     | stock_bot.live.runner:_tick:1298 - 181710 NHN [ensemble] HOLD score=+0.00 B0/S0 | 현재가 43,450원 | 손절 -1.76%(ATR)
    VWAP 42,949원 +1.17% ─홀드 (+0.000)
    ST 상승추세 ─홀드 (+0.000)
    RSI 59.8 (기준 30/74) ─홀드 (+0.000)
    BB 42,912~43,668원 현재 43,450원 ─홀드 (+0.000)  ← 중간 [───────●──] 71%
    DC  ─홀드  ← 미보유 또는 청산 조건 미해당 (+0.000)
    거래량  MA25대비 1.05x  〰(neutral) (+0.0000)  ← 임계 미달 (기준 ≥1.2/≤0.7x) → 중립
2026-08-06 15:25:00.293 | INFO     | stock_bot.news.crawler:fetch_naver_news:165 - news relevance filter: 7 → 1 (제외 6건) [052460]
2026-08-06 15:25:00.294 | INFO     | stock_bot.news.crawler:fetch_naver_news:170 - fetched 1 news items for 052460
2026-08-06 15:25:00.299 | DEBUG    | stock_bot.live.runner:_news_tick:653 - news 052460 new=0/1 (모두 중복)
2026-08-06 15:25:00.529 | INFO     | stock_bot.news.crawler:fetch_naver_news:165 - news relevance filter: 4 → 2 (제외 2건) [181710]
2026-08-06 15:25:00.530 | INFO     | stock_bot.news.crawler:fetch_naver_news:170 - fetched 2 news items for 181710
2026-08-06 15:25:00.540 | DEBUG    | stock_bot.live.runner:_news_tick:653 - news 181710 new=0/2 (모두 중복)
2026-08-06 15:25:06.046 | INFO     | stock_bot.live.runner:_tick:1298 - 052460 아이크래프트 [ensemble] HOLD score=+0.00 B0/S0 | 현재가 6,200원 | 손절 -4.00%(ATR)
    VWAP 6,071원 +2.12% ─홀드 (+0.000)
    ST 상승추세 ─홀드 (+0.000)
    RSI 54.0 (기준 30/74) ─홀드 (+0.000)
    BB 6,063~6,288원 현재 6,200원 ─홀드 (+0.000)  ← 중간 [──────●───] 61%
    DC  ─홀드  ← 미보유 또는 청산 조건 미해당 (+0.000)
    거래량  MA25대비 1.11x  〰(neutral) (+0.0000)  ← 임계 미달 (기준 ≥1.2/≤0.7x) → 중립
2026-08-06 15:25:09.933 | INFO     | stock_bot.live.runner:_tick:1298 - 181710 NHN [ensemble] HOLD score=+0.00 B0/S0 | 현재가 43,450원 | 손절 -1.64%(ATR)
    VWAP 42,949원 +1.17% ─홀드 (+0.000)
    ST 상승추세 ─홀드 (+0.000)
    RSI 59.8 (기준 30/74) ─홀드 (+0.000)
    BB 42,954~43,671원 현재 43,450원 ─홀드 (+0.000)  ← 중간 [──────●───] 69%
    DC  ─홀드  ← 미보유 또는 청산 조건 미해당 (+0.000)
    거래량  MA25대비 1.05x  〰(neutral) (+0.0000)  ← 임계 미달 (기준 ≥1.2/≤0.7x) → 중립
2026-08-06 15:30:00.276 | INFO     | stock_bot.news.crawler:fetch_naver_news:165 - news relevance filter: 7 → 1 (제외 6건) [052460]
2026-08-06 15:30:00.277 | INFO     | stock_bot.news.crawler:fetch_naver_news:170 - fetched 1 news items for 052460
2026-08-06 15:30:00.344 | DEBUG    | stock_bot.live.runner:_news_tick:653 - news 052460 new=0/1 (모두 중복)
2026-08-06 15:30:00.573 | INFO     | stock_bot.news.crawler:fetch_naver_news:165 - news relevance filter: 4 → 2 (제외 2건) [181710]
2026-08-06 15:30:00.574 | INFO     | stock_bot.news.crawler:fetch_naver_news:170 - fetched 2 news items for 181710
2026-08-06 15:30:00.584 | DEBUG    | stock_bot.live.runner:_news_tick:653 - news 181710 new=0/2 (모두 중복)
2026-08-06 15:30:09.621 | INFO     | stock_bot.live.runner:_tick:1298 - 052460 아이크래프트 [ensemble] HOLD score=+0.00 B0/S0 | 현재가 6,200원 | 손절 -4.00%(ATR)
    VWAP 6,071원 +2.12% ─홀드 (+0.000)
    ST 상승추세 ─홀드 (+0.000)
    RSI 54.0 (기준 30/74) ─홀드 (+0.000)
    BB 6,071~6,273원 현재 6,200원 ─홀드 (+0.000)  ← 중간 [──────●───] 64%
    DC  ─홀드  ← 미보유 또는 청산 조건 미해당 (+0.000)
    거래량  MA25대비 1.11x  〰(neutral) (+0.0000)  ← 임계 미달 (기준 ≥1.2/≤0.7x) → 중립
2026-08-06 15:30:14.558 | INFO     | stock_bot.live.runner:_tick:1298 - 181710 NHN [ensemble] HOLD score=+0.00 B0/S0 | 현재가 43,450원 | 손절 -1.53%(ATR)
    VWAP 42,949원 +1.17% ─홀드 (+0.000)
    ST 상승추세 ─홀드 (+0.000)
    RSI 59.9 (기준 30/74) ─홀드 (+0.000)
    BB 43,018~43,657원 현재 43,450원 ─홀드 (+0.000)  ← 중간 [──────●───] 68%
    DC  ─홀드  ← 미보유 또는 청산 조건 미해당 (+0.000)
    거래량  MA25대비 1.05x  〰(neutral) (+0.0000)  ← 임계 미달 (기준 ≥1.2/≤0.7x) → 중립
2026-08-06 15:35:00.118 | INFO     | stock_bot.live.review:run_daily_review:537 - daily review 2026-08-06 — 0건
2026-08-06 15:35:19.709 | WARNING  | stock_bot.llm_cli:call_cli:136 - claude CLI 비정상 종료 rc=1 detail={"type":"result","subtype":"success","is_error":true,"api_error_status":429,"duration_ms":1486,"duration_api_ms":0,"num_turns":1,"result":"You've hit your weekly limit · resets Aug 8, 9am (Asia/Seoul)","stop_reason":"stop_sequence","session_id":"478a3231-0730-4761-8f7d-9b727bee4806","total_cost_usd"
2026-08-06 16:00:00.295 | INFO     | stock_bot.news.crawler:fetch_naver_news:165 - news relevance filter: 7 → 1 (제외 6건) [052460]
2026-08-06 16:00:00.296 | INFO     | stock_bot.news.crawler:fetch_naver_news:170 - fetched 1 news items for 052460
2026-08-06 16:00:00.301 | DEBUG    | stock_bot.live.runner:_news_tick:653 - news 052460 new=0/1 (모두 중복)
2026-08-06 16:00:00.536 | INFO     | stock_bot.news.crawler:fetch_naver_news:165 - news relevance filter: 4 → 2 (제외 2건) [181710]
2026-08-06 16:00:00.537 | INFO     | stock_bot.news.crawler:fetch_naver_news:170 - fetched 2 news items for 181710
2026-08-06 16:00:00.546 | DEBUG    | stock_bot.live.runner:_news_tick:653 - news 181710 new=0/2 (모두 중복)
2026-08-06 17:00:00.297 | INFO     | stock_bot.news.crawler:fetch_naver_news:165 - news relevance filter: 7 → 1 (제외 6건) [052460]
2026-08-06 17:00:00.298 | INFO     | stock_bot.news.crawler:fetch_naver_news:170 - fetched 1 news items for 052460
2026-08-06 17:00:00.305 | DEBUG    | stock_bot.live.runner:_news_tick:653 - news 052460 new=0/1 (모두 중복)
2026-08-06 17:00:00.631 | INFO     | stock_bot.news.crawler:fetch_naver_news:165 - news relevance filter: 5 → 2 (제외 3건) [181710]
2026-08-06 17:00:00.632 | INFO     | stock_bot.news.crawler:fetch_naver_news:170 - fetched 2 news items for 181710
2026-08-06 17:00:00.641 | DEBUG    | stock_bot.live.runner:_news_tick:653 - news 181710 new=0/2 (모두 중복)
2026-08-06 18:00:02.061 | INFO     | stock_bot.news.crawler:fetch_naver_news:165 - news relevance filter: 7 → 1 (제외 6건) [052460]
2026-08-06 18:00:02.067 | INFO     | stock_bot.news.crawler:fetch_naver_news:170 - fetched 1 news items for 052460
2026-08-06 18:00:02.073 | DEBUG    | stock_bot.live.runner:_news_tick:653 - news 052460 new=0/1 (모두 중복)
2026-08-06 18:00:02.298 | INFO     | stock_bot.news.crawler:fetch_naver_news:165 - news relevance filter: 5 → 2 (제외 3건) [181710]
2026-08-06 18:00:02.299 | INFO     | stock_bot.news.crawler:fetch_naver_news:170 - fetched 2 news items for 181710
2026-08-06 18:00:02.308 | DEBUG    | stock_bot.live.runner:_news_tick:653 - news 181710 new=0/2 (모두 중복)
2026-08-06 19:00:00.269 | INFO     | stock_bot.news.crawler:fetch_naver_news:165 - news relevance filter: 7 → 1 (제외 6건) [052460]
2026-08-06 19:00:00.270 | INFO     | stock_bot.news.crawler:fetch_naver_news:170 - fetched 1 news items for 052460
2026-08-06 19:00:00.275 | DEBUG    | stock_bot.live.runner:_news_tick:653 - news 052460 new=0/1 (모두 중복)
2026-08-06 19:00:00.503 | INFO     | stock_bot.news.crawler:fetch_naver_news:165 - news relevance filter: 5 → 2 (제외 3건) [181710]
2026-08-06 19:00:00.504 | INFO     | stock_bot.news.crawler:fetch_naver_news:170 - fetched 2 news items for 181710
2026-08-06 19:00:00.512 | DEBUG    | stock_bot.live.runner:_news_tick:653 - news 181710 new=0/2 (모두 중복)
2026-08-06 20:00:00.285 | INFO     | stock_bot.news.crawler:fetch_naver_news:165 - news relevance filter: 7 → 1 (제외 6건) [052460]
2026-08-06 20:00:00.286 | INFO     | stock_bot.news.crawler:fetch_naver_news:170 - fetched 1 news items for 052460
2026-08-06 20:00:00.292 | DEBUG    | stock_bot.live.runner:_news_tick:653 - news 052460 new=0/1 (모두 중복)
2026-08-06 20:00:00.518 | INFO     | stock_bot.news.crawler:fetch_naver_news:165 - news relevance filter: 5 → 2 (제외 3건) [181710]
2026-08-06 20:00:00.519 | INFO     | stock_bot.news.crawler:fetch_naver_news:170 - fetched 2 news items for 181710
2026-08-06 20:00:00.528 | DEBUG    | stock_bot.live.runner:_news_tick:653 - news 181710 new=0/2 (모두 중복)
2026-08-06 21:00:00.328 | INFO     | stock_bot.news.crawler:fetch_naver_news:165 - news relevance filter: 7 → 1 (제외 6건) [052460]
2026-08-06 21:00:00.329 | INFO     | stock_bot.news.crawler:fetch_naver_news:170 - fetched 1 news items for 052460
2026-08-06 21:00:00.334 | DEBUG    | stock_bot.live.runner:_news_tick:653 - news 052460 new=0/1 (모두 중복)
2026-08-06 21:00:00.561 | INFO     | stock_bot.news.crawler:fetch_naver_news:165 - news relevance filter: 5 → 2 (제외 3건) [181710]
2026-08-06 21:00:00.561 | INFO     | stock_bot.news.crawler:fetch_naver_news:170 - fetched 2 news items for 181710
2026-08-06 21:00:00.570 | DEBUG    | stock_bot.live.runner:_news_tick:653 - news 181710 new=0/2 (모두 중복)
2026-08-06 22:00:00.285 | INFO     | stock_bot.news.crawler:fetch_naver_news:165 - news relevance filter: 7 → 1 (제외 6건) [052460]
2026-08-06 22:00:00.286 | INFO     | stock_bot.news.crawler:fetch_naver_news:170 - fetched 1 news items for 052460
2026-08-06 22:00:00.291 | DEBUG    | stock_bot.live.runner:_news_tick:653 - news 052460 new=0/1 (모두 중복)
2026-08-06 22:00:00.514 | INFO     | stock_bot.news.crawler:fetch_naver_news:165 - news relevance filter: 5 → 2 (제외 3건) [181710]
2026-08-06 22:00:00.515 | INFO     | stock_bot.news.crawler:fetch_naver_news:170 - fetched 2 news items for 181710
2026-08-06 22:00:00.525 | DEBUG    | stock_bot.live.runner:_news_tick:653 - news 181710 new=0/2 (모두 중복)
2026-08-06 23:00:00.258 | INFO     | stock_bot.news.crawler:fetch_naver_news:165 - news relevance filter: 7 → 1 (제외 6건) [052460]
2026-08-06 23:00:00.259 | INFO     | stock_bot.news.crawler:fetch_naver_news:170 - fetched 1 news items for 052460
2026-08-06 23:00:00.265 | DEBUG    | stock_bot.live.runner:_news_tick:653 - news 052460 new=0/1 (모두 중복)
2026-08-06 23:00:00.475 | INFO     | stock_bot.news.crawler:fetch_naver_news:165 - news relevance filter: 5 → 2 (제외 3건) [181710]
2026-08-06 23:00:00.476 | INFO     | stock_bot.news.crawler:fetch_naver_news:170 - fetched 2 news items for 181710
2026-08-06 23:00:00.484 | DEBUG    | stock_bot.live.runner:_news_tick:653 - news 181710 new=0/2 (모두 중복)
