2026-07-08 00:00:00.008 | DEBUG    | stock_bot.live.runner:_send_cost_report:437 - claude_code 백엔드 — API 비용 리포트 생략
2026-07-08 00:00:00.013 | INFO     | stock_bot.live.runner:_is_trading_day:498 - 거래일 판정 2026-07-08 → 거래일 (출처: exchange_calendars)
2026-07-08 00:00:00.296 | INFO     | stock_bot.news.crawler:fetch_naver_news:165 - news relevance filter: 4 → 2 (제외 2건) [006360]
2026-07-08 00:00:00.297 | INFO     | stock_bot.news.crawler:fetch_naver_news:170 - fetched 2 news items for 006360
2026-07-08 00:00:00.305 | DEBUG    | stock_bot.live.runner:_news_tick:616 - news 006360 new=0/2 (모두 중복)
2026-07-08 00:00:00.581 | INFO     | stock_bot.news.crawler:fetch_naver_news:165 - news relevance filter: 15 → 3 (제외 12건) [013580]
2026-07-08 00:00:00.582 | INFO     | stock_bot.news.crawler:fetch_naver_news:170 - fetched 3 news items for 013580
2026-07-08 00:00:00.594 | DEBUG    | stock_bot.live.runner:_news_tick:616 - news 013580 new=0/3 (모두 중복)
2026-07-08 00:05:00.508 | DEBUG    | stock_bot.live.backup:_export_logs:182 - backup: bot 로그 2026-07-07 추출 96KB
2026-07-08 00:05:06.857 | DEBUG    | stock_bot.live.backup:_export_logs:182 - backup: web 로그 2026-07-07 추출 1199KB
2026-07-08 00:05:06.878 | DEBUG    | stock_bot.live.backup:_export_logs:182 - backup: leader 로그 2026-07-07 추출 10KB
2026-07-08 00:05:09.052 | DEBUG    | stock_bot.live.backup:_git_push:265 - backup: origin 정렬됨(behind=0) → reset 생략, 바로 push
2026-07-08 00:05:12.318 | INFO     | stock_bot.live.backup:run_backup:344 - backup 완료: trades=61 reviews=53 news=6 log=1306KB → git push
2026-07-08 01:00:00.299 | INFO     | stock_bot.news.crawler:fetch_naver_news:165 - news relevance filter: 4 → 2 (제외 2건) [006360]
2026-07-08 01:00:00.300 | INFO     | stock_bot.news.crawler:fetch_naver_news:170 - fetched 2 news items for 006360
2026-07-08 01:00:00.309 | DEBUG    | stock_bot.live.runner:_news_tick:616 - news 006360 new=0/2 (모두 중복)
2026-07-08 01:00:00.545 | INFO     | stock_bot.news.crawler:fetch_naver_news:165 - news relevance filter: 15 → 3 (제외 12건) [013580]
2026-07-08 01:00:00.546 | INFO     | stock_bot.news.crawler:fetch_naver_news:170 - fetched 3 news items for 013580
2026-07-08 01:00:00.558 | DEBUG    | stock_bot.live.runner:_news_tick:616 - news 013580 new=0/3 (모두 중복)
2026-07-08 02:00:00.294 | INFO     | stock_bot.news.crawler:fetch_naver_news:165 - news relevance filter: 4 → 2 (제외 2건) [006360]
2026-07-08 02:00:00.295 | INFO     | stock_bot.news.crawler:fetch_naver_news:170 - fetched 2 news items for 006360
2026-07-08 02:00:00.303 | DEBUG    | stock_bot.live.runner:_news_tick:616 - news 006360 new=0/2 (모두 중복)
2026-07-08 02:00:00.585 | INFO     | stock_bot.news.crawler:fetch_naver_news:165 - news relevance filter: 15 → 3 (제외 12건) [013580]
2026-07-08 02:00:00.585 | INFO     | stock_bot.news.crawler:fetch_naver_news:170 - fetched 3 news items for 013580
2026-07-08 02:00:00.597 | DEBUG    | stock_bot.live.runner:_news_tick:616 - news 013580 new=0/3 (모두 중복)
2026-07-08 03:00:00.282 | INFO     | stock_bot.news.crawler:fetch_naver_news:165 - news relevance filter: 3 → 2 (제외 1건) [006360]
2026-07-08 03:00:00.283 | INFO     | stock_bot.news.crawler:fetch_naver_news:170 - fetched 2 news items for 006360
2026-07-08 03:00:00.292 | DEBUG    | stock_bot.live.runner:_news_tick:616 - news 006360 new=0/2 (모두 중복)
2026-07-08 03:00:00.531 | INFO     | stock_bot.news.crawler:fetch_naver_news:165 - news relevance filter: 15 → 3 (제외 12건) [013580]
2026-07-08 03:00:00.532 | INFO     | stock_bot.news.crawler:fetch_naver_news:170 - fetched 3 news items for 013580
2026-07-08 03:00:00.544 | DEBUG    | stock_bot.live.runner:_news_tick:616 - news 013580 new=0/3 (모두 중복)
2026-07-08 04:00:00.276 | INFO     | stock_bot.news.crawler:fetch_naver_news:165 - news relevance filter: 3 → 2 (제외 1건) [006360]
2026-07-08 04:00:00.277 | INFO     | stock_bot.news.crawler:fetch_naver_news:170 - fetched 2 news items for 006360
2026-07-08 04:00:00.285 | DEBUG    | stock_bot.live.runner:_news_tick:616 - news 006360 new=0/2 (모두 중복)
2026-07-08 04:00:00.518 | INFO     | stock_bot.news.crawler:fetch_naver_news:165 - news relevance filter: 15 → 3 (제외 12건) [013580]
2026-07-08 04:00:00.519 | INFO     | stock_bot.news.crawler:fetch_naver_news:170 - fetched 3 news items for 013580
2026-07-08 04:00:00.530 | DEBUG    | stock_bot.live.runner:_news_tick:616 - news 013580 new=0/3 (모두 중복)
2026-07-08 05:00:00.292 | INFO     | stock_bot.news.crawler:fetch_naver_news:165 - news relevance filter: 4 → 2 (제외 2건) [006360]
2026-07-08 05:00:00.293 | INFO     | stock_bot.news.crawler:fetch_naver_news:170 - fetched 2 news items for 006360
2026-07-08 05:00:00.302 | DEBUG    | stock_bot.live.runner:_news_tick:616 - news 006360 new=0/2 (모두 중복)
2026-07-08 05:00:00.594 | INFO     | stock_bot.news.crawler:fetch_naver_news:165 - news relevance filter: 15 → 3 (제외 12건) [013580]
2026-07-08 05:00:00.595 | INFO     | stock_bot.news.crawler:fetch_naver_news:170 - fetched 3 news items for 013580
2026-07-08 05:00:00.606 | DEBUG    | stock_bot.live.runner:_news_tick:616 - news 013580 new=0/3 (모두 중복)
2026-07-08 06:00:00.290 | INFO     | stock_bot.news.crawler:fetch_naver_news:165 - news relevance filter: 5 → 2 (제외 3건) [006360]
2026-07-08 06:00:00.292 | INFO     | stock_bot.news.crawler:fetch_naver_news:170 - fetched 2 news items for 006360
2026-07-08 06:00:00.300 | DEBUG    | stock_bot.live.runner:_news_tick:616 - news 006360 new=0/2 (모두 중복)
2026-07-08 06:00:00.534 | INFO     | stock_bot.news.crawler:fetch_naver_news:165 - news relevance filter: 16 → 3 (제외 13건) [013580]
2026-07-08 06:00:00.535 | INFO     | stock_bot.news.crawler:fetch_naver_news:170 - fetched 3 news items for 013580
2026-07-08 06:00:00.546 | DEBUG    | stock_bot.live.runner:_news_tick:616 - news 013580 new=0/3 (모두 중복)
2026-07-08 07:00:00.279 | INFO     | stock_bot.news.crawler:fetch_naver_news:165 - news relevance filter: 6 → 2 (제외 4건) [006360]
2026-07-08 07:00:00.280 | INFO     | stock_bot.news.crawler:fetch_naver_news:170 - fetched 2 news items for 006360
2026-07-08 07:00:00.289 | DEBUG    | stock_bot.live.runner:_news_tick:616 - news 006360 new=0/2 (모두 중복)
2026-07-08 07:00:00.523 | INFO     | stock_bot.news.crawler:fetch_naver_news:165 - news relevance filter: 16 → 3 (제외 13건) [013580]
2026-07-08 07:00:00.524 | INFO     | stock_bot.news.crawler:fetch_naver_news:170 - fetched 3 news items for 013580
2026-07-08 07:00:00.535 | DEBUG    | stock_bot.live.runner:_news_tick:616 - news 013580 new=0/3 (모두 중복)
2026-07-08 08:00:00.689 | INFO     | stock_bot.news.crawler:fetch_naver_news:165 - news relevance filter: 8 → 3 (제외 5건) [006360]
2026-07-08 08:00:00.705 | INFO     | stock_bot.news.crawler:fetch_naver_news:170 - fetched 3 news items for 006360
2026-07-08 08:00:12.983 | INFO     | stock_bot.live.runner:_news_tick:655 - news 006360 new=1/3 critical=0 llm_batch=1
2026-07-08 08:00:13.956 | INFO     | stock_bot.news.crawler:fetch_naver_news:165 - news relevance filter: 17 → 3 (제외 14건) [013580]
2026-07-08 08:00:13.957 | INFO     | stock_bot.news.crawler:fetch_naver_news:170 - fetched 3 news items for 013580
2026-07-08 08:00:22.192 | INFO     | stock_bot.live.runner:_news_tick:655 - news 013580 new=2/3 critical=0 llm_batch=1
2026-07-08 08:00:41.469 | INFO     | stock_bot.live.runner:_reload_env_if_changed:422 - .env 변경 감지, 핫리로드[스톡봇]: trade_symbols: 006360,013580 → 006360,010960
2026-07-08 09:00:00.308 | INFO     | stock_bot.news.crawler:fetch_naver_news:165 - news relevance filter: 3 → 1 (제외 2건) [006360]
2026-07-08 09:00:00.309 | INFO     | stock_bot.news.crawler:fetch_naver_news:170 - fetched 1 news items for 006360
2026-07-08 09:00:00.314 | DEBUG    | stock_bot.live.runner:_news_tick:616 - news 006360 new=0/1 (모두 중복)
2026-07-08 09:00:02.159 | INFO     | stock_bot.news.crawler:fetch_naver_news:165 - news relevance filter: 4 → 1 (제외 3건) [010960]
2026-07-08 09:00:02.160 | INFO     | stock_bot.news.crawler:fetch_naver_news:170 - fetched 1 news items for 010960
2026-07-08 09:00:02.167 | DEBUG    | stock_bot.live.runner:_news_tick:616 - news 010960 new=0/1 (모두 중복)
2026-07-08 09:00:02.561 | INFO     | stock_bot.live.runner:_tick:1243 - 006360 GS건설 [ensemble] HOLD score=+0.07 B0/S0 | 현재가 30,900원 | 손절 -4.00%(ATR)
    VWAP 워밍업 중 (1/8봉)
    VWAP 수집중 (0/5봉)
    ST 수집중(봉부족) ─홀드 (+0.000)
    RSI 50.3 (기준 30/74) ─홀드 (+0.000)
    BB 30,420~31,275원 현재 30,900원 ─홀드 (+0.000)  ← 중간 [─────●────] 56%
    DC  ─홀드  ← 미보유 또는 청산 조건 미해당 (+0.000)
    뉴스  bias=+0.071 (7건)
2026-07-08 09:00:05.041 | INFO     | stock_bot.live.runner:_tick:1243 - 010960 삼호개발 [ensemble] HOLD score=+0.00 B0/S0 | 현재가 4,190원 | 손절 -4.00%(ATR)
    VWAP 워밍업 중 (1/8봉)
    VWAP 수집중 (0/5봉)
    ST 수집중(봉부족) ─홀드 (+0.000)
    RSI 41.4 (기준 30/74) ─홀드 (+0.000)
    BB 4,067~4,516원 현재 4,190원 ─홀드 (+0.000)  ← 중간 [──●───────] 27%
    DC  ─홀드  ← 미보유 또는 청산 조건 미해당 (+0.000)
2026-07-08 09:05:00.312 | INFO     | stock_bot.news.crawler:fetch_naver_news:165 - news relevance filter: 3 → 1 (제외 2건) [006360]
2026-07-08 09:05:00.313 | INFO     | stock_bot.news.crawler:fetch_naver_news:170 - fetched 1 news items for 006360
2026-07-08 09:05:00.318 | DEBUG    | stock_bot.live.runner:_news_tick:616 - news 006360 new=0/1 (모두 중복)
2026-07-08 09:05:00.513 | INFO     | stock_bot.news.crawler:fetch_naver_news:165 - news relevance filter: 4 → 1 (제외 3건) [010960]
2026-07-08 09:05:00.514 | INFO     | stock_bot.news.crawler:fetch_naver_news:170 - fetched 1 news items for 010960
2026-07-08 09:05:00.519 | DEBUG    | stock_bot.live.runner:_news_tick:616 - news 010960 new=0/1 (모두 중복)
2026-07-08 09:05:06.686 | INFO     | stock_bot.live.runner:_tick:1243 - 006360 GS건설 [ensemble] HOLD score=+0.32 B1/S0 | 현재가 29,200원 | 손절 -4.00%(ATR)
    VWAP 워밍업 중 (2/8봉)
    VWAP 수집중 (0/5봉)
    ST 수집중(봉부족) ─홀드 (+0.000)
    RSI 29.2 (기준 30/74) ▲매수 (+0.250)
    BB 29,601~31,774원 현재 29,200원 ─홀드 (+0.000)  ← 하단근접 [●──────────] -18%
    DC  ─홀드  ← 미보유 또는 청산 조건 미해당 (+0.000)
    거래량  MA1(봉부족,설정25)대비 1.00x  〰(neutral) (+0.0000)  ← 임계 미달 (기준 ≥1.2/≤0.7x) → 중립
    뉴스  bias=+0.071 (7건)
2026-07-08 09:05:10.997 | INFO     | stock_bot.live.runner:_tick:1243 - 010960 삼호개발 [ensemble] HOLD score=+0.00 B0/S0 | 현재가 4,400원 | 손절 -4.00%(ATR)
    VWAP 워밍업 중 (2/8봉)
    VWAP 수집중 (0/5봉)
    ST 수집중(봉부족) ─홀드 (+0.000)
    RSI 51.5 (기준 30/74) ─홀드 (+0.000)
    BB 4,077~4,529원 현재 4,400원 ─홀드 (+0.000)  ← 중간 [───────●──] 72%
    DC  ─홀드  ← 미보유 또는 청산 조건 미해당 (+0.000)
    거래량  MA1(봉부족,설정25)대비 1.00x  〰(neutral) (+0.0000)  ← 임계 미달 (기준 ≥1.2/≤0.7x) → 중립
2026-07-08 09:10:00.288 | INFO     | stock_bot.news.crawler:fetch_naver_news:165 - news relevance filter: 4 → 1 (제외 3건) [006360]
2026-07-08 09:10:00.289 | INFO     | stock_bot.news.crawler:fetch_naver_news:170 - fetched 1 news items for 006360
2026-07-08 09:10:00.294 | DEBUG    | stock_bot.live.runner:_news_tick:616 - news 006360 new=0/1 (모두 중복)
2026-07-08 09:10:00.488 | INFO     | stock_bot.news.crawler:fetch_naver_news:165 - news relevance filter: 4 → 1 (제외 3건) [010960]
2026-07-08 09:10:00.488 | INFO     | stock_bot.news.crawler:fetch_naver_news:170 - fetched 1 news items for 010960
2026-07-08 09:10:00.493 | DEBUG    | stock_bot.live.runner:_news_tick:616 - news 010960 new=0/1 (모두 중복)
2026-07-08 09:10:03.829 | INFO     | stock_bot.live.runner:_tick:1243 - 006360 GS건설 [ensemble] HOLD score=+0.27 B1/S0 | 현재가 28,400원 | 손절 -4.00%(ATR)
    VWAP 워밍업 중 (3/8봉)
    VWAP 수집중 (0/5봉)
    ST 수집중(봉부족) ─홀드 (+0.000)
    RSI 24.3 (기준 30/74) ▲매수 (+0.250)
    BB 28,856~32,214원 현재 28,400원 ─홀드 (+0.000)  ← 하단근접 [●──────────] -14%
    DC  ─홀드  ← 미보유 또는 청산 조건 미해당 (+0.000)
    거래량  MA2(봉부족,설정25)대비 0.01x  ▼(penalty) (-0.0500)  ← 점수 조정 -0.0500
    뉴스  bias=+0.071 (7건)
2026-07-08 09:10:06.166 | INFO     | stock_bot.live.runner:_tick:1243 - 010960 삼호개발 [ensemble] HOLD score=+0.00 B0/S0 | 현재가 4,440원 | 손절 -4.00%(ATR)
    VWAP 워밍업 중 (3/8봉)
    VWAP 수집중 (0/5봉)
    ST 수집중(봉부족) ─홀드 (+0.000)
    RSI 53.3 (기준 30/74) ─홀드 (+0.000)
    BB 4,075~4,534원 현재 4,440원 ─홀드 (+0.000)  ← 상단근접 [───────●──] 79%
    DC  ─홀드  ← 미보유 또는 청산 조건 미해당 (+0.000)
    거래량  MA2(봉부족,설정25)대비 0.08x  〰(neutral) (+0.0000)  ← 임계 미달 (기준 ≥1.2/≤0.7x) → 중립
2026-07-08 09:15:00.285 | INFO     | stock_bot.news.crawler:fetch_naver_news:165 - news relevance filter: 5 → 1 (제외 4건) [006360]
2026-07-08 09:15:00.286 | INFO     | stock_bot.news.crawler:fetch_naver_news:170 - fetched 1 news items for 006360
2026-07-08 09:15:00.292 | DEBUG    | stock_bot.live.runner:_news_tick:616 - news 006360 new=0/1 (모두 중복)
2026-07-08 09:15:00.493 | INFO     | stock_bot.news.crawler:fetch_naver_news:165 - news relevance filter: 4 → 1 (제외 3건) [010960]
2026-07-08 09:15:00.494 | INFO     | stock_bot.news.crawler:fetch_naver_news:170 - fetched 1 news items for 010960
2026-07-08 09:15:00.499 | DEBUG    | stock_bot.live.runner:_news_tick:616 - news 010960 new=0/1 (모두 중복)
2026-07-08 09:15:02.588 | INFO     | stock_bot.live.runner:_tick:1243 - 006360 GS건설 [ensemble] HOLD score=+0.27 B1/S0 | 현재가 28,950원 | 손절 -4.00%(ATR)
    VWAP 워밍업 중 (4/8봉)
    VWAP 수집중 (0/5봉)
    ST 수집중(봉부족) ─홀드 (+0.000)
    RSI 32.6 (기준 30/74) ─홀드 (+0.000)
    BB 28,772~32,173원 현재 28,950원 ▲매수 (+0.250)
    DC  ─홀드  ← 미보유 또는 청산 조건 미해당 (+0.000)
    뉴스  bias=+0.071 (7건)
2026-07-08 09:15:03.704 | INFO     | stock_bot.live.runner:_tick:1243 - 010960 삼호개발 [ensemble] HOLD score=+0.00 B0/S0 | 현재가 4,170원 | 손절 -4.00%(ATR)
    VWAP 워밍업 중 (4/8봉)
    VWAP 수집중 (0/5봉)
    ST 수집중(봉부족) ─홀드 (+0.000)
    RSI 43.0 (기준 30/74) ─홀드 (+0.000)
    BB 4,050~4,508원 현재 4,170원 ─홀드 (+0.000)  ← 중간 [──●───────] 26%
    DC  ─홀드  ← 미보유 또는 청산 조건 미해당 (+0.000)
    거래량  MA3(봉부족,설정25)대비 0.02x  〰(neutral) (+0.0000)  ← 임계 미달 (기준 ≥1.2/≤0.7x) → 중립
2026-07-08 09:20:00.325 | INFO     | stock_bot.news.crawler:fetch_naver_news:165 - news relevance filter: 5 → 1 (제외 4건) [006360]
2026-07-08 09:20:00.326 | INFO     | stock_bot.news.crawler:fetch_naver_news:170 - fetched 1 news items for 006360
2026-07-08 09:20:00.332 | DEBUG    | stock_bot.live.runner:_news_tick:616 - news 006360 new=0/1 (모두 중복)
2026-07-08 09:20:00.534 | INFO     | stock_bot.news.crawler:fetch_naver_news:165 - news relevance filter: 4 → 1 (제외 3건) [010960]
2026-07-08 09:20:00.535 | INFO     | stock_bot.news.crawler:fetch_naver_news:170 - fetched 1 news items for 010960
2026-07-08 09:20:00.540 | DEBUG    | stock_bot.live.runner:_news_tick:616 - news 010960 new=0/1 (모두 중복)
2026-07-08 09:20:07.685 | INFO     | stock_bot.live.runner:_tick:1243 - 006360 GS건설 [ensemble] HOLD score=+0.07 B0/S0 | 현재가 28,825원 | 손절 -4.00%(ATR)
    VWAP 워밍업 중 (5/8봉)
    VWAP 수집중 (0/5봉)
    ST 수집중(봉부족) ─홀드 (+0.000)
    RSI 31.7 (기준 30/74) ─홀드 (+0.000)
    BB 28,508~32,234원 현재 28,825원 ─홀드 (+0.000)  ← 하단근접 [●─────────] 8%
    DC  ─홀드  ← 미보유 또는 청산 조건 미해당 (+0.000)
    거래량  MA4(봉부족,설정25)대비 0.01x  〰(neutral) (+0.0000)  ← 임계 미달 (기준 ≥1.2/≤0.7x) → 중립
    뉴스  bias=+0.071 (7건)
2026-07-08 09:20:11.551 | INFO     | stock_bot.live.runner:_tick:1243 - 010960 삼호개발 [ensemble] HOLD score=+0.00 B0/S0 | 현재가 4,090원 | 손절 -4.00%(ATR)
    VWAP 워밍업 중 (5/8봉)
    VWAP 수집중 (0/5봉)
    ST 수집중(봉부족) ─홀드 (+0.000)
    RSI 40.3 (기준 30/74) ─홀드 (+0.000)
    BB 4,015~4,499원 현재 4,090원 ─홀드 (+0.000)  ← 하단근접 [─●────────] 15%
    DC  ─홀드  ← 미보유 또는 청산 조건 미해당 (+0.000)
    거래량  MA4(봉부족,설정25)대비 0.00x  〰(neutral) (+0.0000)  ← 임계 미달 (기준 ≥1.2/≤0.7x) → 중립
2026-07-08 09:25:00.302 | INFO     | stock_bot.news.crawler:fetch_naver_news:165 - news relevance filter: 5 → 1 (제외 4건) [006360]
2026-07-08 09:25:00.303 | INFO     | stock_bot.news.crawler:fetch_naver_news:170 - fetched 1 news items for 006360
2026-07-08 09:25:00.308 | DEBUG    | stock_bot.live.runner:_news_tick:616 - news 006360 new=0/1 (모두 중복)
2026-07-08 09:25:00.496 | INFO     | stock_bot.news.crawler:fetch_naver_news:165 - news relevance filter: 4 → 1 (제외 3건) [010960]
2026-07-08 09:25:00.496 | INFO     | stock_bot.news.crawler:fetch_naver_news:170 - fetched 1 news items for 010960
2026-07-08 09:25:00.502 | DEBUG    | stock_bot.live.runner:_news_tick:616 - news 010960 new=0/1 (모두 중복)
2026-07-08 09:25:01.426 | INFO     | stock_bot.live.runner:_tick:1243 - 006360 GS건설 [ensemble] HOLD score=+0.07 B0/S0 | 현재가 29,400원 | 손절 -4.00%(ATR)
    VWAP 워밍업 중 (6/8봉)
    VWAP 수집중 (0/5봉)
    ST 수집중(봉부족) ─홀드 (+0.000)
    RSI 39.5 (기준 30/74) ─홀드 (+0.000)
    BB 28,457~32,188원 현재 29,400원 ─홀드 (+0.000)  ← 중간 [──●───────] 25%
    DC  ─홀드  ← 미보유 또는 청산 조건 미해당 (+0.000)
    거래량  MA5(봉부족,설정25)대비 0.26x  〰(neutral) (+0.0000)  ← 임계 미달 (기준 ≥1.2/≤0.7x) → 중립
    뉴스  bias=+0.071 (7건)
2026-07-08 09:25:02.464 | INFO     | stock_bot.live.runner:_tick:1243 - 010960 삼호개발 [ensemble] HOLD score=+0.00 B0/S0 | 현재가 4,025원 | 손절 -4.00%(ATR)
    VWAP 워밍업 중 (6/8봉)
    VWAP 수집중 (0/5봉)
    ST 수집중(봉부족) ─홀드 (+0.000)
    RSI 38.5 (기준 30/74) ─홀드 (+0.000)
    BB 3,978~4,487원 현재 4,025원 ─홀드 (+0.000)  ← 하단근접 [●─────────] 9%
    DC  ─홀드  ← 미보유 또는 청산 조건 미해당 (+0.000)
    거래량  MA5(봉부족,설정25)대비 0.01x  〰(neutral) (+0.0000)  ← 임계 미달 (기준 ≥1.2/≤0.7x) → 중립
2026-07-08 09:30:00.351 | INFO     | stock_bot.news.crawler:fetch_naver_news:165 - news relevance filter: 5 → 1 (제외 4건) [006360]
2026-07-08 09:30:00.352 | INFO     | stock_bot.news.crawler:fetch_naver_news:170 - fetched 1 news items for 006360
2026-07-08 09:30:00.357 | DEBUG    | stock_bot.live.runner:_news_tick:616 - news 006360 new=0/1 (모두 중복)
2026-07-08 09:30:00.573 | INFO     | stock_bot.news.crawler:fetch_naver_news:165 - news relevance filter: 4 → 1 (제외 3건) [010960]
2026-07-08 09:30:00.574 | INFO     | stock_bot.news.crawler:fetch_naver_news:170 - fetched 1 news items for 010960
2026-07-08 09:30:00.579 | DEBUG    | stock_bot.live.runner:_news_tick:616 - news 010960 new=0/1 (모두 중복)
2026-07-08 09:30:05.440 | INFO     | stock_bot.live.runner:_tick:1243 - 006360 GS건설 [ensemble] HOLD score=+0.07 B0/S0 | 현재가 29,200원 | 손절 -4.00%(ATR)
    VWAP 워밍업 중 (7/8봉)
    VWAP 수집중 (0/5봉)
    ST 수집중(봉부족) ─홀드 (+0.000)
    RSI 37.7 (기준 30/74) ─홀드 (+0.000)
    BB 28,344~32,166원 현재 29,200원 ─홀드 (+0.000)  ← 하단근접 [──●───────] 22%
    DC  ─홀드  ← 미보유 또는 청산 조건 미해당 (+0.000)
    거래량  MA6(봉부족,설정25)대비 0.00x  〰(neutral) (+0.0000)  ← 임계 미달 (기준 ≥1.2/≤0.7x) → 중립
    뉴스  bias=+0.071 (7건)
2026-07-08 09:30:07.240 | INFO     | stock_bot.live.runner:_tick:1243 - 010960 삼호개발 [ensemble] HOLD score=+0.00 B0/S0 | 현재가 4,035원 | 손절 -4.00%(ATR)
    VWAP 워밍업 중 (7/8봉)
    VWAP 수집중 (0/5봉)
    ST 수집중(봉부족) ─홀드 (+0.000)
    RSI 39.0 (기준 30/74) ─홀드 (+0.000)
    BB 3,960~4,464원 현재 4,035원 ─홀드 (+0.000)  ← 하단근접 [─●────────] 15%
    DC  ─홀드  ← 미보유 또는 청산 조건 미해당 (+0.000)
    거래량  MA6(봉부족,설정25)대비 0.00x  〰(neutral) (+0.0000)  ← 임계 미달 (기준 ≥1.2/≤0.7x) → 중립
2026-07-08 09:35:00.342 | INFO     | stock_bot.news.crawler:fetch_naver_news:165 - news relevance filter: 6 → 1 (제외 5건) [006360]
2026-07-08 09:35:00.343 | INFO     | stock_bot.news.crawler:fetch_naver_news:170 - fetched 1 news items for 006360
2026-07-08 09:35:00.348 | DEBUG    | stock_bot.live.runner:_news_tick:616 - news 006360 new=0/1 (모두 중복)
2026-07-08 09:35:00.551 | INFO     | stock_bot.news.crawler:fetch_naver_news:165 - news relevance filter: 4 → 1 (제외 3건) [010960]
2026-07-08 09:35:00.552 | INFO     | stock_bot.news.crawler:fetch_naver_news:170 - fetched 1 news items for 010960
2026-07-08 09:35:00.557 | DEBUG    | stock_bot.live.runner:_news_tick:616 - news 010960 new=0/1 (모두 중복)
2026-07-08 09:35:10.586 | INFO     | stock_bot.live.runner:_tick:1243 - 006360 GS건설 [ensemble] HOLD score=+0.07 B0/S0 | 현재가 28,650원 | 손절 -4.00%(ATR)
    VWAP 수집중 (0/5봉)
    ST 수집중(봉부족) ─홀드 (+0.000)
    RSI 33.8 (기준 30/74) ─홀드 (+0.000)
    BB 28,033~32,252원 현재 28,650원 ─홀드 (+0.000)  ← 하단근접 [─●────────] 15%
    DC  ─홀드  ← 미보유 또는 청산 조건 미해당 (+0.000)
    거래량  MA7(봉부족,설정25)대비 0.00x  〰(neutral) (+0.0000)  ← 임계 미달 (기준 ≥1.2/≤0.7x) → 중립
    뉴스  bias=+0.071 (7건)
2026-07-08 09:35:21.294 | INFO     | stock_bot.live.runner:_tick:1243 - 010960 삼호개발 [ensemble] HOLD score=+0.00 B0/S0 | 현재가 4,030원 | 손절 -4.00%(ATR)
    VWAP 수집중 (0/5봉)
    ST 수집중(봉부족) ─홀드 (+0.000)
    RSI 38.7 (기준 30/74) ─홀드 (+0.000)
    BB 3,940~4,450원 현재 4,030원 ─홀드 (+0.000)  ← 하단근접 [─●────────] 18%
    DC  ─홀드  ← 미보유 또는 청산 조건 미해당 (+0.000)
    거래량  MA7(봉부족,설정25)대비 0.01x  〰(neutral) (+0.0000)  ← 임계 미달 (기준 ≥1.2/≤0.7x) → 중립
2026-07-08 09:40:00.303 | INFO     | stock_bot.news.crawler:fetch_naver_news:165 - news relevance filter: 6 → 1 (제외 5건) [006360]
2026-07-08 09:40:00.307 | INFO     | stock_bot.news.crawler:fetch_naver_news:170 - fetched 1 news items for 006360
2026-07-08 09:40:00.314 | DEBUG    | stock_bot.live.runner:_news_tick:616 - news 006360 new=0/1 (모두 중복)
2026-07-08 09:40:00.532 | INFO     | stock_bot.news.crawler:fetch_naver_news:165 - news relevance filter: 4 → 1 (제외 3건) [010960]
2026-07-08 09:40:00.533 | INFO     | stock_bot.news.crawler:fetch_naver_news:170 - fetched 1 news items for 010960
2026-07-08 09:40:00.539 | DEBUG    | stock_bot.live.runner:_news_tick:616 - news 010960 new=0/1 (모두 중복)
2026-07-08 09:40:02.451 | INFO     | stock_bot.live.runner:_tick:1243 - 006360 GS건설 [ensemble] HOLD score=+0.07 B0/S0 | 현재가 29,300원 | 손절 -4.00%(ATR)
    VWAP 수집중 (1/5봉)
    ST 상승추세 ─홀드 (+0.000)
    RSI 41.4 (기준 30/74) ─홀드 (+0.000)
    BB 28,055~32,145원 현재 29,300원 ─홀드 (+0.000)  ← 중간 [───●──────] 30%
    DC  ─홀드  ← 미보유 또는 청산 조건 미해당 (+0.000)
    거래량  MA8(봉부족,설정25)대비 0.00x  〰(neutral) (+0.0000)  ← 임계 미달 (기준 ≥1.2/≤0.7x) → 중립
    뉴스  bias=+0.071 (7건)
2026-07-08 09:40:04.416 | INFO     | stock_bot.live.runner:_tick:1243 - 010960 삼호개발 [ensemble] HOLD score=+0.00 B0/S0 | 현재가 4,070원 | 손절 -4.00%(ATR)
    VWAP 수집중 (1/5봉)
    ST 상승추세 ─홀드 (+0.000)
    RSI 41.0 (기준 30/74) ─홀드 (+0.000)
    BB 3,938~4,428원 현재 4,070원 ─홀드 (+0.000)  ← 중간 [──●───────] 27%
    DC  ─홀드  ← 미보유 또는 청산 조건 미해당 (+0.000)
    거래량  1주  MA8대비 0.00x  [거래 저조 (≤0.7x)]  ← 필터 활성 중 (봉 부족 9/26)
2026-07-08 09:45:00.346 | INFO     | stock_bot.news.crawler:fetch_naver_news:165 - news relevance filter: 6 → 1 (제외 5건) [006360]
2026-07-08 09:45:00.347 | INFO     | stock_bot.news.crawler:fetch_naver_news:170 - fetched 1 news items for 006360
2026-07-08 09:45:00.353 | DEBUG    | stock_bot.live.runner:_news_tick:616 - news 006360 new=0/1 (모두 중복)
2026-07-08 09:45:00.563 | INFO     | stock_bot.news.crawler:fetch_naver_news:165 - news relevance filter: 4 → 1 (제외 3건) [010960]
2026-07-08 09:45:00.564 | INFO     | stock_bot.news.crawler:fetch_naver_news:170 - fetched 1 news items for 010960
2026-07-08 09:45:00.569 | DEBUG    | stock_bot.live.runner:_news_tick:616 - news 010960 new=0/1 (모두 중복)
2026-07-08 09:45:14.200 | INFO     | stock_bot.live.runner:_tick:1243 - 006360 GS건설 [ensemble] HOLD score=+0.07 B0/S0 | 현재가 29,200원 | 손절 -4.00%(ATR)
    VWAP 수집중 (2/5봉)
    ST 상승추세 ─홀드 (+0.000)
    RSI 40.5 (기준 30/74) ─홀드 (+0.000)
    BB 27,959~32,056원 현재 29,200원 ─홀드 (+0.000)  ← 중간 [───●──────] 30%
    DC  ─홀드  ← 미보유 또는 청산 조건 미해당 (+0.000)
    거래량  MA9(봉부족,설정25)대비 0.01x  〰(neutral) (+0.0000)  ← 임계 미달 (기준 ≥1.2/≤0.7x) → 중립
    뉴스  bias=+0.071 (7건)
2026-07-08 09:45:24.115 | INFO     | stock_bot.live.runner:_tick:1243 - 010960 삼호개발 [ensemble] HOLD score=+0.00 B0/S0 | 현재가 3,935원 | 손절 -4.00%(ATR)
    VWAP 수집중 (2/5봉)
    ST 상승추세 ─홀드 (+0.000)
    RSI 36.5 (기준 30/74) ─홀드 (+0.000)
    BB 3,887~4,428원 현재 3,935원 ─홀드 (+0.000)  ← 하단근접 [●─────────] 9%
    DC  ─홀드  ← 미보유 또는 청산 조건 미해당 (+0.000)
    거래량  MA9(봉부족,설정25)대비 0.12x  〰(neutral) (+0.0000)  ← 임계 미달 (기준 ≥1.2/≤0.7x) → 중립
2026-07-08 09:50:00.291 | INFO     | stock_bot.news.crawler:fetch_naver_news:165 - news relevance filter: 6 → 1 (제외 5건) [006360]
2026-07-08 09:50:00.292 | INFO     | stock_bot.news.crawler:fetch_naver_news:170 - fetched 1 news items for 006360
2026-07-08 09:50:00.299 | DEBUG    | stock_bot.live.runner:_news_tick:616 - news 006360 new=0/1 (모두 중복)
2026-07-08 09:50:00.527 | INFO     | stock_bot.news.crawler:fetch_naver_news:165 - news relevance filter: 4 → 1 (제외 3건) [010960]
2026-07-08 09:50:00.528 | INFO     | stock_bot.news.crawler:fetch_naver_news:170 - fetched 1 news items for 010960
2026-07-08 09:50:00.535 | DEBUG    | stock_bot.live.runner:_news_tick:616 - news 010960 new=0/1 (모두 중복)
2026-07-08 09:50:12.447 | INFO     | stock_bot.live.runner:_tick:1243 - 006360 GS건설 [ensemble] HOLD score=+0.07 B0/S0 | 현재가 29,200원 | 손절 -4.00%(ATR)
    VWAP 수집중 (3/5봉)
    ST 상승추세 ─홀드 (+0.000)
    RSI 40.7 (기준 30/74) ─홀드 (+0.000)
    BB 27,907~31,898원 현재 29,200원 ─홀드 (+0.000)  ← 중간 [───●──────] 32%
    DC  ─홀드  ← 미보유 또는 청산 조건 미해당 (+0.000)
    거래량  MA10(봉부족,설정25)대비 0.03x  〰(neutral) (+0.0000)  ← 임계 미달 (기준 ≥1.2/≤0.7x) → 중립
    뉴스  bias=+0.071 (7건)
2026-07-08 09:50:20.193 | INFO     | stock_bot.live.runner:_tick:1243 - 010960 삼호개발 [ensemble] HOLD score=+0.00 B0/S0 | 현재가 3,930원 | 손절 -4.00%(ATR)
    VWAP 수집중 (3/5봉)
    ST 상승추세 ─홀드 (+0.000)
    RSI 36.4 (기준 30/74) ─홀드 (+0.000)
    BB 3,857~4,430원 현재 3,930원 ─홀드 (+0.000)  ← 하단근접 [─●────────] 13%
    DC  ─홀드  ← 미보유 또는 청산 조건 미해당 (+0.000)
    거래량  MA10(봉부족,설정25)대비 0.03x  〰(neutral) (+0.0000)  ← 임계 미달 (기준 ≥1.2/≤0.7x) → 중립
2026-07-08 09:55:00.325 | INFO     | stock_bot.news.crawler:fetch_naver_news:165 - news relevance filter: 6 → 1 (제외 5건) [006360]
2026-07-08 09:55:00.326 | INFO     | stock_bot.news.crawler:fetch_naver_news:170 - fetched 1 news items for 006360
2026-07-08 09:55:00.331 | DEBUG    | stock_bot.live.runner:_news_tick:616 - news 006360 new=0/1 (모두 중복)
2026-07-08 09:55:00.522 | INFO     | stock_bot.news.crawler:fetch_naver_news:165 - news relevance filter: 4 → 1 (제외 3건) [010960]
2026-07-08 09:55:00.523 | INFO     | stock_bot.news.crawler:fetch_naver_news:170 - fetched 1 news items for 010960
2026-07-08 09:55:00.528 | DEBUG    | stock_bot.live.runner:_news_tick:616 - news 010960 new=0/1 (모두 중복)
2026-07-08 09:55:04.743 | INFO     | stock_bot.live.runner:_tick:1243 - 006360 GS건설 [ensemble] HOLD score=+0.07 B0/S0 | 현재가 29,300원 | 손절 -4.00%(ATR)
    VWAP 수집중 (4/5봉)
    ST 상승추세 ─홀드 (+0.000)
    RSI 41.9 (기준 30/74) ─홀드 (+0.000)
    BB 27,921~31,689원 현재 29,300원 ─홀드 (+0.000)  ← 중간 [───●──────] 37%
    DC  ─홀드  ← 미보유 또는 청산 조건 미해당 (+0.000)
    거래량  MA11(봉부족,설정25)대비 0.01x  〰(neutral) (+0.0000)  ← 임계 미달 (기준 ≥1.2/≤0.7x) → 중립
    뉴스  bias=+0.071 (7건)
2026-07-08 09:55:06.745 | INFO     | stock_bot.live.runner:_tick:1243 - 010960 삼호개발 [ensemble] HOLD score=+0.00 B0/S0 | 현재가 3,950원 | 손절 -4.00%(ATR)
    VWAP 수집중 (4/5봉)
    ST 상승추세 ─홀드 (+0.000)
    RSI 37.3 (기준 30/74) ─홀드 (+0.000)
    BB 3,837~4,419원 현재 3,950원 ─홀드 (+0.000)  ← 하단근접 [─●────────] 19%
    DC  ─홀드  ← 미보유 또는 청산 조건 미해당 (+0.000)
    거래량  6주  MA11대비 0.00x  [거래 저조 (≤0.7x)]  ← 필터 활성 중 (봉 부족 12/26)
2026-07-08 10:00:01.439 | INFO     | stock_bot.news.crawler:fetch_naver_news:165 - news relevance filter: 6 → 1 (제외 5건) [006360]
2026-07-08 10:00:01.440 | INFO     | stock_bot.news.crawler:fetch_naver_news:170 - fetched 1 news items for 006360
2026-07-08 10:00:01.446 | DEBUG    | stock_bot.live.runner:_news_tick:616 - news 006360 new=0/1 (모두 중복)
2026-07-08 10:00:01.663 | INFO     | stock_bot.news.crawler:fetch_naver_news:165 - news relevance filter: 4 → 1 (제외 3건) [010960]
2026-07-08 10:00:01.664 | INFO     | stock_bot.news.crawler:fetch_naver_news:170 - fetched 1 news items for 010960
2026-07-08 10:00:01.669 | DEBUG    | stock_bot.live.runner:_news_tick:616 - news 010960 new=0/1 (모두 중복)
2026-07-08 10:00:12.326 | INFO     | stock_bot.live.runner:_tick:1243 - 006360 GS건설 [ensemble] HOLD score=+0.00 B0/S0 | 현재가 29,400원 | 손절 -4.00%(ATR)
    VWAP 29,222원 +0.61% ─홀드 (+0.000)
    ST 상승추세 ─홀드 (+0.000)
    RSI 43.1 (기준 30/74) ─홀드 (+0.000)
    BB 27,911~31,549원 현재 29,400원 ─홀드 (+0.000)  ← 중간 [────●─────] 41%
    DC  ─홀드  ← 미보유 또는 청산 조건 미해당 (+0.000)
    거래량  MA12(봉부족,설정25)대비 0.06x  〰(neutral) (+0.0000)  ← 임계 미달 (기준 ≥1.2/≤0.7x) → 중립
    뉴스  bias=+0.000 (1건)
2026-07-08 10:00:13.740 | INFO     | stock_bot.live.runner:_tick:1243 - 010960 삼호개발 [ensemble] HOLD score=+0.00 B0/S0 | 현재가 3,965원 | 손절 -4.00%(ATR)
    VWAP 3,961원 +0.10% ─홀드 (+0.000)
    ST 상승추세 ─홀드 (+0.000)
    RSI 38.1 (기준 30/74) ─홀드 (+0.000)
    BB 3,824~4,400원 현재 3,965원 ─홀드 (+0.000)  ← 하단근접 [──●───────] 25%
    DC  ─홀드  ← 미보유 또는 청산 조건 미해당 (+0.000)
    거래량  MA12(봉부족,설정25)대비 0.03x  〰(neutral) (+0.0000)  ← 임계 미달 (기준 ≥1.2/≤0.7x) → 중립
2026-07-08 10:05:00.268 | INFO     | stock_bot.news.crawler:fetch_naver_news:165 - news relevance filter: 7 → 1 (제외 6건) [006360]
2026-07-08 10:05:00.268 | INFO     | stock_bot.news.crawler:fetch_naver_news:170 - fetched 1 news items for 006360
2026-07-08 10:05:00.273 | DEBUG    | stock_bot.live.runner:_news_tick:616 - news 006360 new=0/1 (모두 중복)
2026-07-08 10:05:00.475 | INFO     | stock_bot.news.crawler:fetch_naver_news:165 - news relevance filter: 4 → 1 (제외 3건) [010960]
2026-07-08 10:05:00.476 | INFO     | stock_bot.news.crawler:fetch_naver_news:170 - fetched 1 news items for 010960
2026-07-08 10:05:00.481 | DEBUG    | stock_bot.live.runner:_news_tick:616 - news 010960 new=0/1 (모두 중복)
2026-07-08 10:05:02.444 | INFO     | stock_bot.live.runner:_tick:1243 - 006360 GS건설 [ensemble] HOLD score=+0.00 B0/S0 | 현재가 29,450원 | 손절 -4.00%(ATR)
    VWAP 29,285원 +0.56% ─홀드 (+0.000)
    ST 상승추세 ─홀드 (+0.000)
    RSI 43.7 (기준 30/74) ─홀드 (+0.000)
    BB 27,931~31,384원 현재 29,450원 ─홀드 (+0.000)  ← 중간 [────●─────] 44%
    DC  ─홀드  ← 미보유 또는 청산 조건 미해당 (+0.000)
    거래량  4주  MA13대비 0.00x  [거래 저조 (≤0.7x)]  ← 필터 활성 중 (봉 부족 14/26)
    뉴스  bias=+0.000 (1건)
2026-07-08 10:05:04.457 | INFO     | stock_bot.live.runner:_tick:1243 - 010960 삼호개발 [ensemble] HOLD score=+0.00 B0/S0 | 현재가 4,010원 | 손절 -4.00%(ATR)
    VWAP 3,965원 +1.13% ─홀드 (+0.000)
    ST 상승추세 ─홀드 (+0.000)
    RSI 40.6 (기준 30/74) ─홀드 (+0.000)
    BB 3,820~4,386원 현재 4,010원 ─홀드 (+0.000)  ← 중간 [───●──────] 34%
    DC  ─홀드  ← 미보유 또는 청산 조건 미해당 (+0.000)
    거래량  MA13(봉부족,설정25)대비 0.00x  〰(neutral) (+0.0000)  ← 임계 미달 (기준 ≥1.2/≤0.7x) → 중립
2026-07-08 10:10:00.258 | INFO     | stock_bot.news.crawler:fetch_naver_news:165 - news relevance filter: 8 → 1 (제외 7건) [006360]
2026-07-08 10:10:00.259 | INFO     | stock_bot.news.crawler:fetch_naver_news:170 - fetched 1 news items for 006360
2026-07-08 10:10:00.264 | DEBUG    | stock_bot.live.runner:_news_tick:616 - news 006360 new=0/1 (모두 중복)
2026-07-08 10:10:00.501 | INFO     | stock_bot.news.crawler:fetch_naver_news:165 - news relevance filter: 4 → 1 (제외 3건) [010960]
2026-07-08 10:10:00.502 | INFO     | stock_bot.news.crawler:fetch_naver_news:170 - fetched 1 news items for 010960
2026-07-08 10:10:00.507 | DEBUG    | stock_bot.live.runner:_news_tick:616 - news 010960 new=0/1 (모두 중복)
2026-07-08 10:10:13.904 | INFO     | stock_bot.live.runner:_tick:1243 - 006360 GS건설 [ensemble] HOLD score=+0.00 B0/S0 | 현재가 29,350원 | 손절 -4.00%(ATR)
    VWAP 29,294원 +0.19% ─홀드 (+0.000)
    ST 상승추세 ─홀드 (+0.000)
    RSI 42.7 (기준 30/74) ─홀드 (+0.000)
    BB 27,961~31,184원 현재 29,350원 ─홀드 (+0.000)  ← 중간 [────●─────] 43%
    DC  ─홀드  ← 미보유 또는 청산 조건 미해당 (+0.000)
    거래량  MA14(봉부족,설정25)대비 0.01x  〰(neutral) (+0.0000)  ← 임계 미달 (기준 ≥1.2/≤0.7x) → 중립
    뉴스  bias=+0.000 (1건)
2026-07-08 10:10:22.497 | INFO     | stock_bot.live.runner:_tick:1243 - 010960 삼호개발 [ensemble] HOLD score=+0.00 B0/S0 | 현재가 4,020원 | 손절 -4.00%(ATR)
    VWAP 3,968원 +1.31% ─홀드 (+0.000)
    ST 상승추세 ─홀드 (+0.000)
    RSI 41.1 (기준 30/74) ─홀드 (+0.000)
    BB 3,813~4,381원 현재 4,020원 ─홀드 (+0.000)  ← 중간 [───●──────] 36%
    DC  ─홀드  ← 미보유 또는 청산 조건 미해당 (+0.000)
    거래량  MA14(봉부족,설정25)대비 0.00x  〰(neutral) (+0.0000)  ← 임계 미달 (기준 ≥1.2/≤0.7x) → 중립
2026-07-08 10:15:00.279 | INFO     | stock_bot.news.crawler:fetch_naver_news:165 - news relevance filter: 9 → 1 (제외 8건) [006360]
2026-07-08 10:15:00.280 | INFO     | stock_bot.news.crawler:fetch_naver_news:170 - fetched 1 news items for 006360
2026-07-08 10:15:00.286 | DEBUG    | stock_bot.live.runner:_news_tick:616 - news 006360 new=0/1 (모두 중복)
2026-07-08 10:15:00.490 | INFO     | stock_bot.news.crawler:fetch_naver_news:165 - news relevance filter: 4 → 1 (제외 3건) [010960]
2026-07-08 10:15:00.491 | INFO     | stock_bot.news.crawler:fetch_naver_news:170 - fetched 1 news items for 010960
2026-07-08 10:15:00.496 | DEBUG    | stock_bot.live.runner:_news_tick:616 - news 010960 new=0/1 (모두 중복)
2026-07-08 10:15:03.034 | INFO     | stock_bot.live.runner:_tick:1243 - 006360 GS건설 [ensemble] HOLD score=+0.00 B0/S0 | 현재가 29,500원 | 손절 -4.00%(ATR)
    VWAP 29,308원 +0.65% ─홀드 (+0.000)
    ST 상승추세 ─홀드 (+0.000)
    RSI 44.5 (기준 30/74) ─홀드 (+0.000)
    BB 28,019~31,006원 현재 29,500원 ─홀드 (+0.000)  ← 중간 [────●─────] 50%
    DC  ─홀드  ← 미보유 또는 청산 조건 미해당 (+0.000)
    거래량  4주  MA15대비 0.00x  [거래 저조 (≤0.7x)]  ← 필터 활성 중 (봉 부족 16/26)
    뉴스  bias=+0.000 (1건)
2026-07-08 10:15:04.468 | INFO     | stock_bot.live.runner:_tick:1243 - 010960 삼호개발 [ensemble] HOLD score=+0.00 B0/S0 | 현재가 4,015원 | 손절 -4.00%(ATR)
    VWAP 3,971원 +1.11% ─홀드 (+0.000)
    ST 상승추세 ─홀드 (+0.000)
    RSI 40.9 (기준 30/74) ─홀드 (+0.000)
    BB 3,805~4,376원 현재 4,015원 ─홀드 (+0.000)  ← 중간 [───●──────] 37%
    DC  ─홀드  ← 미보유 또는 청산 조건 미해당 (+0.000)
    거래량  MA15(봉부족,설정25)대비 0.02x  〰(neutral) (+0.0000)  ← 임계 미달 (기준 ≥1.2/≤0.7x) → 중립
2026-07-08 10:20:00.464 | INFO     | stock_bot.news.crawler:fetch_naver_news:165 - news relevance filter: 10 → 1 (제외 9건) [006360]
2026-07-08 10:20:00.465 | INFO     | stock_bot.news.crawler:fetch_naver_news:170 - fetched 1 news items for 006360
2026-07-08 10:20:00.470 | DEBUG    | stock_bot.live.runner:_news_tick:616 - news 006360 new=0/1 (모두 중복)
2026-07-08 10:20:00.686 | INFO     | stock_bot.news.crawler:fetch_naver_news:165 - news relevance filter: 4 → 1 (제외 3건) [010960]
2026-07-08 10:20:00.686 | INFO     | stock_bot.news.crawler:fetch_naver_news:170 - fetched 1 news items for 010960
2026-07-08 10:20:00.692 | DEBUG    | stock_bot.live.runner:_news_tick:616 - news 010960 new=0/1 (모두 중복)
2026-07-08 10:20:16.559 | INFO     | stock_bot.live.runner:_tick:1243 - 006360 GS건설 [ensemble] HOLD score=+0.00 B0/S0 | 현재가 29,150원 | 손절 -4.00%(ATR)
    VWAP 29,298원 -0.50% ─홀드 (+0.000)
    ST 상승추세 ─홀드 (+0.000)
    RSI 41.3 (기준 30/74) ─홀드 (+0.000)
    BB 28,040~30,775원 현재 29,150원 ─홀드 (+0.000)  ← 중간 [────●─────] 41%
    DC  ─홀드  ← 미보유 또는 청산 조건 미해당 (+0.000)
    거래량  MA16(봉부족,설정25)대비 0.00x  〰(neutral) (+0.0000)  ← 임계 미달 (기준 ≥1.2/≤0.7x) → 중립
    뉴스  bias=+0.000 (1건)
2026-07-08 10:20:27.258 | INFO     | stock_bot.live.runner:_tick:1243 - 010960 삼호개발 [ensemble] HOLD score=+0.00 B0/S0 | 현재가 4,050원 | 손절 -4.00%(ATR)
    VWAP 3,978원 +1.82% ─홀드 (+0.000)
    ST 상승추세 ─홀드 (+0.000)
    RSI 43.0 (기준 30/74) ─홀드 (+0.000)
    BB 3,805~4,368원 현재 4,050원 ─홀드 (+0.000)  ← 중간 [────●─────] 44%
    DC  ─홀드  ← 미보유 또는 청산 조건 미해당 (+0.000)
    거래량  MA16(봉부족,설정25)대비 0.01x  〰(neutral) (+0.0000)  ← 임계 미달 (기준 ≥1.2/≤0.7x) → 중립
2026-07-08 10:25:00.288 | INFO     | stock_bot.news.crawler:fetch_naver_news:165 - news relevance filter: 11 → 1 (제외 10건) [006360]
2026-07-08 10:25:00.288 | INFO     | stock_bot.news.crawler:fetch_naver_news:170 - fetched 1 news items for 006360
2026-07-08 10:25:00.294 | DEBUG    | stock_bot.live.runner:_news_tick:616 - news 006360 new=0/1 (모두 중복)
2026-07-08 10:25:00.489 | INFO     | stock_bot.news.crawler:fetch_naver_news:165 - news relevance filter: 4 → 1 (제외 3건) [010960]
2026-07-08 10:25:00.490 | INFO     | stock_bot.news.crawler:fetch_naver_news:170 - fetched 1 news items for 010960
2026-07-08 10:25:00.495 | DEBUG    | stock_bot.live.runner:_news_tick:616 - news 010960 new=0/1 (모두 중복)
2026-07-08 10:25:11.714 | INFO     | stock_bot.live.runner:_tick:1243 - 006360 GS건설 [ensemble] HOLD score=+0.20 B1/S0 | 현재가 29,050원 | 손절 -4.00%(ATR)
    VWAP 29,274원 -0.77% ▲매수 (+0.250)
    ST 상승추세 ─홀드 (+0.000)
    RSI 40.2 (기준 30/74) ─홀드 (+0.000)
    BB 28,104~30,526원 현재 29,050원 ─홀드 (+0.000)  ← 중간 [───●──────] 39%
    DC  ─홀드  ← 미보유 또는 청산 조건 미해당 (+0.000)
    거래량  MA17(봉부족,설정25)대비 0.00x  ▼(penalty) (-0.0500)  ← 점수 조정 -0.0500
    뉴스  bias=+0.000 (1건)
2026-07-08 10:25:16.689 | INFO     | stock_bot.live.runner:_tick:1243 - 010960 삼호개발 [ensemble] HOLD score=+0.00 B0/S0 | 현재가 4,030원 | 손절 -4.00%(ATR)
    VWAP 3,980원 +1.25% ─홀드 (+0.000)
    ST 상승추세 ─홀드 (+0.000)
    RSI 42.2 (기준 30/74) ─홀드 (+0.000)
    BB 3,797~4,359원 현재 4,030원 ─홀드 (+0.000)  ← 중간 [────●─────] 41%
    DC  ─홀드  ← 미보유 또는 청산 조건 미해당 (+0.000)
    거래량  MA17(봉부족,설정25)대비 0.01x  〰(neutral) (+0.0000)  ← 임계 미달 (기준 ≥1.2/≤0.7x) → 중립
2026-07-08 10:30:00.329 | INFO     | stock_bot.news.crawler:fetch_naver_news:165 - news relevance filter: 11 → 1 (제외 10건) [006360]
2026-07-08 10:30:00.330 | INFO     | stock_bot.news.crawler:fetch_naver_news:170 - fetched 1 news items for 006360
2026-07-08 10:30:00.336 | DEBUG    | stock_bot.live.runner:_news_tick:616 - news 006360 new=0/1 (모두 중복)
2026-07-08 10:30:00.557 | INFO     | stock_bot.news.crawler:fetch_naver_news:165 - news relevance filter: 4 → 1 (제외 3건) [010960]
2026-07-08 10:30:00.558 | INFO     | stock_bot.news.crawler:fetch_naver_news:170 - fetched 1 news items for 010960
2026-07-08 10:30:00.564 | DEBUG    | stock_bot.live.runner:_news_tick:616 - news 010960 new=0/1 (모두 중복)
2026-07-08 10:30:04.983 | INFO     | stock_bot.live.runner:_tick:1243 - 006360 GS건설 [ensemble] HOLD score=+0.00 B0/S0 | 현재가 29,050원 | 손절 -4.00%(ATR)
    VWAP 29,251원 -0.69% ─홀드 (+0.000)
    ST 상승추세 ─홀드 (+0.000)
    RSI 40.6 (기준 30/74) ─홀드 (+0.000)
    BB 28,261~30,179원 현재 29,050원 ─홀드 (+0.000)  ← 중간 [────●─────] 41%
    DC  ─홀드  ← 미보유 또는 청산 조건 미해당 (+0.000)
    거래량  MA18(봉부족,설정25)대비 0.06x  〰(neutral) (+0.0000)  ← 임계 미달 (기준 ≥1.2/≤0.7x) → 중립
    뉴스  bias=+0.000 (1건)
2026-07-08 10:30:09.157 | INFO     | stock_bot.live.runner:_tick:1243 - 010960 삼호개발 [ensemble] HOLD score=+0.00 B0/S0 | 현재가 4,055원 | 손절 -4.00%(ATR)
    VWAP 3,984원 +1.79% ─홀드 (+0.000)
    ST 상승추세 ─홀드 (+0.000)
    RSI 43.8 (기준 30/74) ─홀드 (+0.000)
    BB 3,798~4,348원 현재 4,055원 ─홀드 (+0.000)  ← 중간 [────●─────] 47%
    DC  ─홀드  ← 미보유 또는 청산 조건 미해당 (+0.000)
    거래량  19주  MA18대비 0.00x  [거래 저조 (≤0.7x)]  ← 필터 활성 중 (봉 부족 19/26)
2026-07-08 10:35:00.294 | INFO     | stock_bot.news.crawler:fetch_naver_news:165 - news relevance filter: 11 → 1 (제외 10건) [006360]
2026-07-08 10:35:00.295 | INFO     | stock_bot.news.crawler:fetch_naver_news:170 - fetched 1 news items for 006360
2026-07-08 10:35:00.300 | DEBUG    | stock_bot.live.runner:_news_tick:616 - news 006360 new=0/1 (모두 중복)
2026-07-08 10:35:00.492 | INFO     | stock_bot.news.crawler:fetch_naver_news:165 - news relevance filter: 4 → 1 (제외 3건) [010960]
2026-07-08 10:35:00.493 | INFO     | stock_bot.news.crawler:fetch_naver_news:170 - fetched 1 news items for 010960
2026-07-08 10:35:00.498 | DEBUG    | stock_bot.live.runner:_news_tick:616 - news 010960 new=0/1 (모두 중복)
2026-07-08 10:35:17.920 | INFO     | stock_bot.live.runner:_tick:1243 - 006360 GS건설 [ensemble] HOLD score=+0.20 B1/S0 | 현재가 28,900원 | 손절 -4.00%(ATR)
    VWAP 29,236원 -1.15% ▲매수 (+0.250)
    ST 상승추세 ─홀드 (+0.000)
    RSI 38.9 (기준 30/74) ─홀드 (+0.000)
    BB 28,552~29,673원 현재 28,900원 ─홀드 (+0.000)  ← 중간 [───●──────] 31%
    DC  ─홀드  ← 미보유 또는 청산 조건 미해당 (+0.000)
    거래량  MA19(봉부족,설정25)대비 0.01x  ▼(penalty) (-0.0500)  ← 점수 조정 -0.0500
    뉴스  bias=+0.000 (1건)
2026-07-08 10:35:26.164 | INFO     | stock_bot.live.runner:_tick:1243 - 010960 삼호개발 [ensemble] HOLD score=+0.00 B0/S0 | 현재가 4,120원 | 손절 -4.00%(ATR)
    VWAP 3,998원 +3.04% ─홀드 (+0.000)
    ST 상승추세 ─홀드 (+0.000)
    RSI 47.4 (기준 30/74) ─홀드 (+0.000)
    BB 3,801~4,345원 현재 4,120원 ─홀드 (+0.000)  ← 중간 [─────●────] 59%
    DC  ─홀드  ← 미보유 또는 청산 조건 미해당 (+0.000)
    거래량  MA19(봉부족,설정25)대비 0.15x  〰(neutral) (+0.0000)  ← 임계 미달 (기준 ≥1.2/≤0.7x) → 중립
2026-07-08 10:40:00.243 | INFO     | stock_bot.news.crawler:fetch_naver_news:165 - news relevance filter: 11 → 1 (제외 10건) [006360]
2026-07-08 10:40:00.244 | INFO     | stock_bot.news.crawler:fetch_naver_news:170 - fetched 1 news items for 006360
2026-07-08 10:40:00.250 | DEBUG    | stock_bot.live.runner:_news_tick:616 - news 006360 new=0/1 (모두 중복)
2026-07-08 10:40:00.465 | INFO     | stock_bot.news.crawler:fetch_naver_news:165 - news relevance filter: 4 → 1 (제외 3건) [010960]
2026-07-08 10:40:00.466 | INFO     | stock_bot.news.crawler:fetch_naver_news:170 - fetched 1 news items for 010960
2026-07-08 10:40:00.472 | DEBUG    | stock_bot.live.runner:_news_tick:616 - news 010960 new=0/1 (모두 중복)
2026-07-08 10:40:02.549 | INFO     | stock_bot.live.runner:_tick:1243 - 006360 GS건설 [ensemble] HOLD score=+0.20 B1/S0 | 현재가 28,750원 | 손절 -4.00%(ATR)
    VWAP 29,206원 -1.56% ▲매수 (+0.250)
    ST 상승추세 ─홀드 (+0.000)
    RSI 37.4 (기준 30/74) ─홀드 (+0.000)
    BB 28,487~29,673원 현재 28,750원 ─홀드 (+0.000)  ← 하단근접 [──●───────] 22%
    DC  ─홀드  ← 미보유 또는 청산 조건 미해당 (+0.000)
    거래량  8주  MA20대비 0.00x  [거래 저조 (≤0.7x)]  ← 필터 활성 중 (봉 부족 21/26)
    뉴스  bias=+0.000 (1건)
2026-07-08 10:40:04.517 | INFO     | stock_bot.live.runner:_tick:1243 - 010960 삼호개발 [ensemble] HOLD score=+0.00 B0/S0 | 현재가 4,090원 | 손절 -4.00%(ATR)
    VWAP 4,007원 +2.08% ─홀드 (+0.000)
    ST 상승추세 ─홀드 (+0.000)
    RSI 46.0 (기준 30/74) ─홀드 (+0.000)
    BB 3,840~4,273원 현재 4,090원 ─홀드 (+0.000)  ← 중간 [─────●────] 58%
    DC  ─홀드  ← 미보유 또는 청산 조건 미해당 (+0.000)
    거래량  MA20(봉부족,설정25)대비 0.03x  〰(neutral) (+0.0000)  ← 임계 미달 (기준 ≥1.2/≤0.7x) → 중립
2026-07-08 10:45:01.003 | INFO     | stock_bot.news.crawler:fetch_naver_news:165 - news relevance filter: 12 → 1 (제외 11건) [006360]
2026-07-08 10:45:01.004 | INFO     | stock_bot.news.crawler:fetch_naver_news:170 - fetched 1 news items for 006360
2026-07-08 10:45:01.009 | DEBUG    | stock_bot.live.runner:_news_tick:616 - news 006360 new=0/1 (모두 중복)
2026-07-08 10:45:01.215 | INFO     | stock_bot.news.crawler:fetch_naver_news:165 - news relevance filter: 4 → 1 (제외 3건) [010960]
2026-07-08 10:45:01.215 | INFO     | stock_bot.news.crawler:fetch_naver_news:170 - fetched 1 news items for 010960
2026-07-08 10:45:01.220 | DEBUG    | stock_bot.live.runner:_news_tick:616 - news 010960 new=0/1 (모두 중복)
2026-07-08 10:45:02.437 | INFO     | stock_bot.live.runner:_tick:1243 - 006360 GS건설 [ensemble] HOLD score=+0.20 B1/S0 | 현재가 28,800원 | 손절 -4.00%(ATR)
    VWAP 29,190원 -1.34% ▲매수 (+0.250)
    ST 상승추세 ─홀드 (+0.000)
    RSI 38.2 (기준 30/74) ─홀드 (+0.000)
    BB 28,590~29,615원 현재 28,800원 ─홀드 (+0.000)  ← 하단근접 [──●───────] 20%
    DC  ─홀드  ← 미보유 또는 청산 조건 미해당 (+0.000)
    거래량  MA21(봉부족,설정25)대비 0.03x  ▼(penalty) (-0.0500)  ← 점수 조정 -0.0500
    뉴스  bias=+0.000 (1건)
2026-07-08 10:45:04.432 | INFO     | stock_bot.live.runner:_tick:1243 - 010960 삼호개발 [ensemble] HOLD score=+0.00 B0/S0 | 현재가 4,180원 | 손절 -4.00%(ATR)
    VWAP 4,024원 +3.89% ─홀드 (+0.000)
    ST 상승추세 ─홀드 (+0.000)
    RSI 50.5 (기준 30/74) ─홀드 (+0.000)
    BB 3,897~4,200원 현재 4,180원 ─홀드 (+0.000)  ← 상단근접 [─────────●] 93%
    DC  ─홀드  ← 미보유 또는 청산 조건 미해당 (+0.000)
    거래량  MA21(봉부족,설정25)대비 0.00x  〰(neutral) (+0.0000)  ← 임계 미달 (기준 ≥1.2/≤0.7x) → 중립
2026-07-08 10:50:00.902 | INFO     | stock_bot.news.crawler:fetch_naver_news:165 - news relevance filter: 15 → 2 (제외 13건) [006360]
2026-07-08 10:50:00.903 | INFO     | stock_bot.news.crawler:fetch_naver_news:170 - fetched 2 news items for 006360
2026-07-08 10:50:02.640 | INFO     | stock_bot.live.runner:_tick:1243 - 006360 GS건설 [ensemble] HOLD score=+0.20 B1/S0 | 현재가 28,900원 | 손절 -4.00%(ATR)
    VWAP 29,175원 -0.94% ▲매수 (+0.250)
    ST 상승추세 ─홀드 (+0.000)
    RSI 40.1 (기준 30/74) ─홀드 (+0.000)
    BB 28,606~29,609원 현재 28,900원 ─홀드 (+0.000)  ← 중간 [──●───────] 29%
    DC  ─홀드  ← 미보유 또는 청산 조건 미해당 (+0.000)
    거래량  MA22(봉부족,설정25)대비 0.05x  ▼(penalty) (-0.0500)  ← 점수 조정 -0.0500
    뉴스  bias=+0.000 (1건)
2026-07-08 10:50:04.590 | INFO     | stock_bot.live.runner:_tick:1243 - 010960 삼호개발 [ensemble] HOLD score=+0.00 B0/S0 | 현재가 4,120원 | 손절 -4.00%(ATR)
    VWAP 4,048원 +1.79% ─홀드 (+0.000)
    ST 상승추세 ─홀드 (+0.000)
    RSI 47.5 (기준 30/74) ─홀드 (+0.000)
    BB 3,907~4,180원 현재 4,120원 ─홀드 (+0.000)  ← 상단근접 [───────●──] 78%
    DC  ─홀드  ← 미보유 또는 청산 조건 미해당 (+0.000)
    거래량  MA22(봉부족,설정25)대비 0.00x  〰(neutral) (+0.0000)  ← 임계 미달 (기준 ≥1.2/≤0.7x) → 중립
2026-07-08 10:50:25.646 | INFO     | stock_bot.live.runner:_news_tick:655 - news 006360 new=1/2 critical=0 llm_batch=1
2026-07-08 10:50:25.984 | INFO     | stock_bot.news.crawler:fetch_naver_news:165 - news relevance filter: 4 → 1 (제외 3건) [010960]
2026-07-08 10:50:25.985 | INFO     | stock_bot.news.crawler:fetch_naver_news:170 - fetched 1 news items for 010960
2026-07-08 10:50:25.991 | DEBUG    | stock_bot.live.runner:_news_tick:616 - news 010960 new=0/1 (모두 중복)
2026-07-08 10:55:00.341 | INFO     | stock_bot.news.crawler:fetch_naver_news:165 - news relevance filter: 4 → 1 (제외 3건) [006360]
2026-07-08 10:55:00.342 | INFO     | stock_bot.news.crawler:fetch_naver_news:170 - fetched 1 news items for 006360
2026-07-08 10:55:00.348 | DEBUG    | stock_bot.live.runner:_news_tick:616 - news 006360 new=0/1 (모두 중복)
2026-07-08 10:55:00.542 | INFO     | stock_bot.news.crawler:fetch_naver_news:165 - news relevance filter: 4 → 1 (제외 3건) [010960]
2026-07-08 10:55:00.543 | INFO     | stock_bot.news.crawler:fetch_naver_news:170 - fetched 1 news items for 010960
2026-07-08 10:55:00.548 | DEBUG    | stock_bot.live.runner:_news_tick:616 - news 010960 new=0/1 (모두 중복)
2026-07-08 10:55:16.650 | INFO     | stock_bot.live.runner:_tick:1243 - 006360 GS건설 [ensemble] HOLD score=+0.20 B1/S0 | 현재가 28,750원 | 손절 -4.00%(ATR)
    VWAP 29,154원 -1.38% ▲매수 (+0.250)
    ST 상승추세 ─홀드 (+0.000)
    RSI 38.6 (기준 30/74) ─홀드 (+0.000)
    BB 28,548~29,632원 현재 28,750원 ─홀드 (+0.000)  ← 하단근접 [─●────────] 19%
    DC  ─홀드  ← 미보유 또는 청산 조건 미해당 (+0.000)
    거래량  MA23(봉부족,설정25)대비 0.04x  ▼(penalty) (-0.0500)  ← 점수 조정 -0.0500
    뉴스  bias=+0.000 (2건)
2026-07-08 10:55:23.609 | INFO     | stock_bot.live.runner:_tick:1243 - 010960 삼호개발 [ensemble] HOLD score=+0.00 B0/S0 | 현재가 4,395원 | 손절 -4.00%(ATR)
    VWAP 4,133원 +6.33% ─홀드 (+0.000)
    ST 상승추세 ─홀드 (+0.000)
    RSI 59.3 (기준 30/74) ─홀드 (+0.000)
    BB 3,822~4,321원 현재 4,395원 ─홀드 (+0.000)  ← 상단근접 [─────────●] 115%
    DC  ─홀드  ← 미보유 또는 청산 조건 미해당 (+0.000)
    거래량  MA23(봉부족,설정25)대비 1.14x  〰(neutral) (+0.0000)  ← 임계 미달 (기준 ≥1.2/≤0.7x) → 중립
2026-07-08 11:00:00.283 | INFO     | stock_bot.news.crawler:fetch_naver_news:165 - news relevance filter: 3 → 1 (제외 2건) [006360]
2026-07-08 11:00:00.284 | INFO     | stock_bot.news.crawler:fetch_naver_news:170 - fetched 1 news items for 006360
2026-07-08 11:00:00.289 | DEBUG    | stock_bot.live.runner:_news_tick:616 - news 006360 new=0/1 (모두 중복)
2026-07-08 11:00:00.505 | INFO     | stock_bot.news.crawler:fetch_naver_news:165 - news relevance filter: 4 → 1 (제외 3건) [010960]
2026-07-08 11:00:00.507 | INFO     | stock_bot.news.crawler:fetch_naver_news:170 - fetched 1 news items for 010960
2026-07-08 11:00:00.513 | DEBUG    | stock_bot.live.runner:_news_tick:616 - news 010960 new=0/1 (모두 중복)
2026-07-08 11:00:17.037 | INFO     | stock_bot.live.runner:_tick:1243 - 006360 GS건설 [ensemble] HOLD score=+0.20 B1/S0 | 현재가 28,750원 | 손절 -4.00%(ATR)
    VWAP 29,143원 -1.35% ▲매수 (+0.250)
    ST 상승추세 ─홀드 (+0.000)
    RSI 38.8 (기준 30/74) ─홀드 (+0.000)
    BB 28,524~29,596원 현재 28,750원 ─홀드 (+0.000)  ← 하단근접 [──●───────] 21%
    DC  ─홀드  ← 미보유 또는 청산 조건 미해당 (+0.000)
    거래량  MA24(봉부족,설정25)대비 0.00x  ▼(penalty) (-0.0500)  ← 점수 조정 -0.0500
    뉴스  bias=+0.000 (2건)
2026-07-08 11:00:34.058 | INFO     | stock_bot.live.runner:_tick:1243 - 010960 삼호개발 [ensemble] HOLD score=+0.00 B0/S0 | 현재가 4,360원 | 손절 -4.00%(ATR)
    VWAP 4,188원 +4.10% ─홀드 (+0.000)
    ST 상승추세 ─홀드 (+0.000)
    RSI 57.9 (기준 30/74) ─홀드 (+0.000)
    BB 3,817~4,355원 현재 4,360원 ─홀드 (+0.000)  ← 상단근접 [─────────●] 101%
    DC  ─홀드  ← 미보유 또는 청산 조건 미해당 (+0.000)
    거래량  MA24(봉부족,설정25)대비 0.43x  〰(neutral) (+0.0000)  ← 임계 미달 (기준 ≥1.2/≤0.7x) → 중립
2026-07-08 11:05:00.284 | INFO     | stock_bot.news.crawler:fetch_naver_news:165 - news relevance filter: 4 → 1 (제외 3건) [006360]
2026-07-08 11:05:00.285 | INFO     | stock_bot.news.crawler:fetch_naver_news:170 - fetched 1 news items for 006360
2026-07-08 11:05:00.290 | DEBUG    | stock_bot.live.runner:_news_tick:616 - news 006360 new=0/1 (모두 중복)
2026-07-08 11:05:00.483 | INFO     | stock_bot.news.crawler:fetch_naver_news:165 - news relevance filter: 4 → 1 (제외 3건) [010960]
2026-07-08 11:05:00.484 | INFO     | stock_bot.news.crawler:fetch_naver_news:170 - fetched 1 news items for 010960
2026-07-08 11:05:00.489 | DEBUG    | stock_bot.live.runner:_news_tick:616 - news 010960 new=0/1 (모두 중복)
2026-07-08 11:05:17.935 | INFO     | stock_bot.live.runner:_tick:1243 - 006360 GS건설 [ensemble] HOLD score=+0.20 B1/S0 | 현재가 28,600원 | 손절 -4.00%(ATR)
    VWAP 29,120원 -1.78% ▲매수 (+0.250)
    ST 상승추세 ─홀드 (+0.000)
    RSI 37.4 (기준 30/74) ─홀드 (+0.000)
    BB 28,444~29,606원 현재 28,600원 ─홀드 (+0.000)  ← 하단근접 [─●────────] 13%
    DC  ─홀드  ← 미보유 또는 청산 조건 미해당 (+0.000)
    거래량  MA25대비 0.07x  ▼(penalty) (-0.0500)  ← 점수 조정 -0.0500
    뉴스  bias=+0.000 (2건)
2026-07-08 11:05:28.622 | INFO     | stock_bot.live.runner:_tick:1243 - 010960 삼호개발 [ensemble] HOLD score=+0.00 B0/S0 | 현재가 4,330원 | 손절 -4.00%(ATR)
    VWAP 4,211원 +2.84% ─홀드 (+0.000)
    ST 상승추세 ─홀드 (+0.000)
    RSI 56.4 (기준 30/74) ─홀드 (+0.000)
    BB 3,816~4,387원 현재 4,330원 ─홀드 (+0.000)  ← 상단근접 [─────────●] 90%
    DC  ─홀드  ← 미보유 또는 청산 조건 미해당 (+0.000)
    거래량  MA25대비 0.09x  〰(neutral) (+0.0000)  ← 임계 미달 (기준 ≥1.2/≤0.7x) → 중립
2026-07-08 11:10:00.168 | INFO     | stock_bot.broker.kis:_ensure_token:129 - KIS access token issued (env=paper, cached)
2026-07-08 11:10:00.290 | INFO     | stock_bot.news.crawler:fetch_naver_news:165 - news relevance filter: 4 → 1 (제외 3건) [006360]
2026-07-08 11:10:00.291 | INFO     | stock_bot.news.crawler:fetch_naver_news:170 - fetched 1 news items for 006360
2026-07-08 11:10:00.298 | DEBUG    | stock_bot.live.runner:_news_tick:616 - news 006360 new=0/1 (모두 중복)
2026-07-08 11:10:00.531 | INFO     | stock_bot.news.crawler:fetch_naver_news:165 - news relevance filter: 4 → 1 (제외 3건) [010960]
2026-07-08 11:10:00.532 | INFO     | stock_bot.news.crawler:fetch_naver_news:170 - fetched 1 news items for 010960
2026-07-08 11:10:00.539 | DEBUG    | stock_bot.live.runner:_news_tick:616 - news 010960 new=0/1 (모두 중복)
2026-07-08 11:10:02.557 | INFO     | stock_bot.live.runner:_tick:1243 - 006360 GS건설 [ensemble] HOLD score=+0.20 B1/S0 | 현재가 28,450원 | 손절 -4.00%(ATR)
    VWAP 29,066원 -2.12% ▲매수 (+0.250)
    ST 상승추세 ─홀드 (+0.000)
    RSI 35.8 (기준 30/74) ─홀드 (+0.000)
    BB 28,380~29,640원 현재 28,450원 ─홀드 (+0.000)  ← 하단근접 [●─────────] 6%
    DC  ─홀드  ← 미보유 또는 청산 조건 미해당 (+0.000)
    거래량  1주  MA25대비 0.00x  [거래 저조 (≤0.7x)]  ← 필터 활성 중 (봉 부족 27/26)
    뉴스  bias=+0.000 (2건)
2026-07-08 11:10:04.656 | INFO     | stock_bot.live.runner:_tick:1243 - 010960 삼호개발 [ensemble] HOLD score=+0.00 B0/S0 | 현재가 4,245원 | 손절 -4.00%(ATR)
    VWAP 4,217원 +0.67% ─홀드 (+0.000)
    ST 상승추세 ─홀드 (+0.000)
    RSI 52.2 (기준 30/74) ─홀드 (+0.000)
    BB 3,828~4,388원 현재 4,245원 ─홀드 (+0.000)  ← 중간 [───────●──] 74%
    DC  ─홀드  ← 미보유 또는 청산 조건 미해당 (+0.000)
    거래량  MA25대비 0.01x  〰(neutral) (+0.0000)  ← 임계 미달 (기준 ≥1.2/≤0.7x) → 중립
2026-07-08 11:15:00.297 | INFO     | stock_bot.news.crawler:fetch_naver_news:165 - news relevance filter: 4 → 1 (제외 3건) [006360]
2026-07-08 11:15:00.298 | INFO     | stock_bot.news.crawler:fetch_naver_news:170 - fetched 1 news items for 006360
2026-07-08 11:15:00.303 | DEBUG    | stock_bot.live.runner:_news_tick:616 - news 006360 new=0/1 (모두 중복)
2026-07-08 11:15:00.491 | INFO     | stock_bot.news.crawler:fetch_naver_news:165 - news relevance filter: 4 → 1 (제외 3건) [010960]
2026-07-08 11:15:00.491 | INFO     | stock_bot.news.crawler:fetch_naver_news:170 - fetched 1 news items for 010960
2026-07-08 11:15:00.496 | DEBUG    | stock_bot.live.runner:_news_tick:616 - news 010960 new=0/1 (모두 중복)
2026-07-08 11:15:02.504 | INFO     | stock_bot.live.runner:_tick:1243 - 006360 GS건설 [ensemble] HOLD score=+0.20 B1/S0 | 현재가 28,450원 | 손절 -4.00%(ATR)
    VWAP 29,047원 -2.06% ▲매수 (+0.250)
    ST 상승추세 ─홀드 (+0.000)
    RSI 35.8 (기준 30/74) ─홀드 (+0.000)
    BB 28,306~29,629원 현재 28,450원 ─홀드 (+0.000)  ← 하단근접 [─●────────] 11%
    DC  ─홀드  ← 미보유 또는 청산 조건 미해당 (+0.000)
    거래량  MA25대비 0.00x  ▼(penalty) (-0.0500)  ← 점수 조정 -0.0500
    뉴스  bias=+0.000 (2건)
2026-07-08 11:15:04.467 | INFO     | stock_bot.live.runner:_tick:1243 - 010960 삼호개발 [ensemble] HOLD score=+0.20 B1/S0 | 현재가 4,185원 | 손절 -4.00%(ATR)
    VWAP 4,216원 -0.73% ▲매수 (+0.250)
    ST 상승추세 ─홀드 (+0.000)
    RSI 49.5 (기준 30/74) ─홀드 (+0.000)
    BB 3,834~4,388원 현재 4,185원 ─홀드 (+0.000)  ← 중간 [──────●───] 63%
    DC  ─홀드  ← 미보유 또는 청산 조건 미해당 (+0.000)
    거래량  4주  MA25대비 0.00x  [거래 저조 (≤0.7x)]  ← 필터 활성 중 (봉 부족 28/26)
2026-07-08 11:20:00.268 | INFO     | stock_bot.news.crawler:fetch_naver_news:165 - news relevance filter: 4 → 1 (제외 3건) [006360]
2026-07-08 11:20:00.269 | INFO     | stock_bot.news.crawler:fetch_naver_news:170 - fetched 1 news items for 006360
2026-07-08 11:20:00.275 | DEBUG    | stock_bot.live.runner:_news_tick:616 - news 006360 new=0/1 (모두 중복)
2026-07-08 11:20:00.498 | INFO     | stock_bot.news.crawler:fetch_naver_news:165 - news relevance filter: 4 → 1 (제외 3건) [010960]
2026-07-08 11:20:00.499 | INFO     | stock_bot.news.crawler:fetch_naver_news:170 - fetched 1 news items for 010960
2026-07-08 11:20:00.505 | DEBUG    | stock_bot.live.runner:_news_tick:616 - news 010960 new=0/1 (모두 중복)
2026-07-08 11:20:02.843 | INFO     | stock_bot.live.runner:_tick:1243 - 006360 GS건설 [ensemble] HOLD score=+0.20 B1/S0 | 현재가 28,500원 | 손절 -4.00%(ATR)
    VWAP 29,019원 -1.79% ▲매수 (+0.250)
    ST 상승추세 ─홀드 (+0.000)
    RSI 36.7 (기준 30/74) ─홀드 (+0.000)
    BB 28,259~29,611원 현재 28,500원 ─홀드 (+0.000)  ← 하단근접 [─●────────] 18%
    DC  ─홀드  ← 미보유 또는 청산 조건 미해당 (+0.000)
    거래량  MA25대비 0.29x  ▼(penalty) (-0.0500)  ← 점수 조정 -0.0500
    뉴스  bias=+0.000 (2건)
2026-07-08 11:20:04.810 | INFO     | stock_bot.live.runner:_tick:1243 - 010960 삼호개발 [ensemble] HOLD score=+0.00 B0/S0 | 현재가 4,220원 | 손절 -4.00%(ATR)
    VWAP 4,216원 +0.09% ─홀드 (+0.000)
    ST 상승추세 ─홀드 (+0.000)
    RSI 51.1 (기준 30/74) ─홀드 (+0.000)
    BB 3,852~4,399원 현재 4,220원 ─홀드 (+0.000)  ← 중간 [──────●───] 67%
    DC  ─홀드  ← 미보유 또는 청산 조건 미해당 (+0.000)
    거래량  MA25대비 0.01x  〰(neutral) (+0.0000)  ← 임계 미달 (기준 ≥1.2/≤0.7x) → 중립
2026-07-08 11:25:00.302 | INFO     | stock_bot.news.crawler:fetch_naver_news:165 - news relevance filter: 4 → 1 (제외 3건) [006360]
2026-07-08 11:25:00.302 | INFO     | stock_bot.news.crawler:fetch_naver_news:170 - fetched 1 news items for 006360
2026-07-08 11:25:00.308 | DEBUG    | stock_bot.live.runner:_news_tick:616 - news 006360 new=0/1 (모두 중복)
2026-07-08 11:25:00.493 | INFO     | stock_bot.news.crawler:fetch_naver_news:165 - news relevance filter: 4 → 1 (제외 3건) [010960]
2026-07-08 11:25:00.494 | INFO     | stock_bot.news.crawler:fetch_naver_news:170 - fetched 1 news items for 010960
2026-07-08 11:25:00.499 | DEBUG    | stock_bot.live.runner:_news_tick:616 - news 010960 new=0/1 (모두 중복)
2026-07-08 11:25:02.496 | INFO     | stock_bot.live.runner:_tick:1243 - 006360 GS건설 [ensemble] HOLD score=+0.20 B1/S0 | 현재가 28,550원 | 손절 -4.00%(ATR)
    VWAP 29,014원 -1.60% ▲매수 (+0.250)
    ST 상승추세 ─홀드 (+0.000)
    RSI 38.0 (기준 30/74) ─홀드 (+0.000)
    BB 28,232~29,588원 현재 28,550원 ─홀드 (+0.000)  ← 하단근접 [──●───────] 23%
    DC  ─홀드  ← 미보유 또는 청산 조건 미해당 (+0.000)
    거래량  MA25대비 0.00x  ▼(penalty) (-0.0500)  ← 점수 조정 -0.0500
    뉴스  bias=+0.000 (2건)
2026-07-08 11:25:04.511 | INFO     | stock_bot.live.runner:_tick:1243 - 010960 삼호개발 [ensemble] HOLD score=+0.00 B0/S0 | 현재가 4,460원 | 손절 -4.00%(ATR)
    VWAP 4,280원 +4.20% ─홀드 (+0.000)
    ST 상승추세 ─홀드 (+0.000)
    RSI 59.8 (기준 30/74) ─홀드 (+0.000)
    BB 3,837~4,491원 현재 4,460원 ─홀드 (+0.000)  ← 상단근접 [─────────●] 95%
    DC  ─홀드  ← 미보유 또는 청산 조건 미해당 (+0.000)
    거래량  MA25대비 0.02x  〰(neutral) (+0.0000)  ← 임계 미달 (기준 ≥1.2/≤0.7x) → 중립
2026-07-08 11:30:00.262 | INFO     | stock_bot.news.crawler:fetch_naver_news:165 - news relevance filter: 5 → 1 (제외 4건) [006360]
2026-07-08 11:30:00.263 | INFO     | stock_bot.news.crawler:fetch_naver_news:170 - fetched 1 news items for 006360
2026-07-08 11:30:00.269 | DEBUG    | stock_bot.live.runner:_news_tick:616 - news 006360 new=0/1 (모두 중복)
2026-07-08 11:30:00.470 | INFO     | stock_bot.news.crawler:fetch_naver_news:165 - news relevance filter: 4 → 1 (제외 3건) [010960]
2026-07-08 11:30:00.470 | INFO     | stock_bot.news.crawler:fetch_naver_news:170 - fetched 1 news items for 010960
2026-07-08 11:30:00.476 | DEBUG    | stock_bot.live.runner:_news_tick:616 - news 010960 new=0/1 (모두 중복)
2026-07-08 11:30:23.472 | INFO     | stock_bot.live.runner:_tick:1243 - 006360 GS건설 [ensemble] HOLD score=+0.20 B1/S0 | 현재가 28,650원 | 손절 -4.00%(ATR)
    VWAP 29,003원 -1.22% ▲매수 (+0.250)
    ST 상승추세 ─홀드 (+0.000)
    RSI 39.5 (기준 30/74) ─홀드 (+0.000)
    BB 28,230~29,535원 현재 28,650원 ─홀드 (+0.000)  ← 중간 [───●──────] 32%
    DC  ─홀드  ← 미보유 또는 청산 조건 미해당 (+0.000)
    거래량  MA25대비 0.02x  ▼(penalty) (-0.0500)  ← 점수 조정 -0.0500
    뉴스  bias=+0.000 (2건)
2026-07-08 11:30:36.942 | INFO     | stock_bot.live.runner:_tick:1243 - 010960 삼호개발 [ensemble] HOLD score=+0.00 B0/S0 | 현재가 4,345원 | 손절 -4.00%(ATR)
    VWAP 4,296원 +1.13% ─홀드 (+0.000)
    ST 상승추세 ─홀드 (+0.000)
    RSI 54.9 (기준 30/74) ─홀드 (+0.000)
    BB 3,876~4,482원 현재 4,345원 ─홀드 (+0.000)  ← 상단근접 [───────●──] 77%
    DC  ─홀드  ← 미보유 또는 청산 조건 미해당 (+0.000)
    거래량  MA25대비 0.32x  〰(neutral) (+0.0000)  ← 임계 미달 (기준 ≥1.2/≤0.7x) → 중립
2026-07-08 11:35:00.289 | INFO     | stock_bot.news.crawler:fetch_naver_news:165 - news relevance filter: 5 → 1 (제외 4건) [006360]
2026-07-08 11:35:00.290 | INFO     | stock_bot.news.crawler:fetch_naver_news:170 - fetched 1 news items for 006360
2026-07-08 11:35:00.295 | DEBUG    | stock_bot.live.runner:_news_tick:616 - news 006360 new=0/1 (모두 중복)
2026-07-08 11:35:00.502 | INFO     | stock_bot.news.crawler:fetch_naver_news:165 - news relevance filter: 4 → 1 (제외 3건) [010960]
2026-07-08 11:35:00.503 | INFO     | stock_bot.news.crawler:fetch_naver_news:170 - fetched 1 news items for 010960
2026-07-08 11:35:00.508 | DEBUG    | stock_bot.live.runner:_news_tick:616 - news 010960 new=0/1 (모두 중복)
2026-07-08 11:35:02.483 | INFO     | stock_bot.live.runner:_tick:1243 - 006360 GS건설 [ensemble] HOLD score=+0.20 B1/S0 | 현재가 28,425원 | 손절 -4.00%(ATR)
    VWAP 28,989원 -1.95% ▲매수 (+0.250)
    ST 상승추세 ─홀드 (+0.000)
    RSI 36.9 (기준 30/74) ─홀드 (+0.000)
    BB 28,155~29,500원 현재 28,425원 ─홀드 (+0.000)  ← 하단근접 [──●───────] 20%
    DC  ─홀드  ← 미보유 또는 청산 조건 미해당 (+0.000)
    거래량  6주  MA25대비 0.00x  [거래 저조 (≤0.7x)]  ← 필터 활성 중 (봉 부족 32/26)
    뉴스  bias=+0.000 (2건)
2026-07-08 11:35:04.453 | INFO     | stock_bot.live.runner:_tick:1243 - 010960 삼호개발 [ensemble] HOLD score=+0.00 B0/S0 | 현재가 4,380원 | 손절 -4.00%(ATR)
    VWAP 4,303원 +1.79% ─홀드 (+0.000)
    ST 상승추세 ─홀드 (+0.000)
    RSI 56.0 (기준 30/74) ─홀드 (+0.000)
    BB 3,900~4,505원 현재 4,380원 ─홀드 (+0.000)  ← 상단근접 [───────●──] 79%
    DC  ─홀드  ← 미보유 또는 청산 조건 미해당 (+0.000)
    거래량  MA25대비 0.00x  〰(neutral) (+0.0000)  ← 임계 미달 (기준 ≥1.2/≤0.7x) → 중립
2026-07-08 11:40:00.468 | INFO     | stock_bot.news.crawler:fetch_naver_news:165 - news relevance filter: 5 → 1 (제외 4건) [006360]
2026-07-08 11:40:00.469 | INFO     | stock_bot.news.crawler:fetch_naver_news:170 - fetched 1 news items for 006360
2026-07-08 11:40:00.475 | DEBUG    | stock_bot.live.runner:_news_tick:616 - news 006360 new=0/1 (모두 중복)
2026-07-08 11:40:00.686 | INFO     | stock_bot.news.crawler:fetch_naver_news:165 - news relevance filter: 4 → 1 (제외 3건) [010960]
2026-07-08 11:40:00.687 | INFO     | stock_bot.news.crawler:fetch_naver_news:170 - fetched 1 news items for 010960
2026-07-08 11:40:00.693 | DEBUG    | stock_bot.live.runner:_news_tick:616 - news 010960 new=0/1 (모두 중복)
2026-07-08 11:40:02.727 | INFO     | stock_bot.live.runner:_tick:1243 - 006360 GS건설 [ensemble] HOLD score=+0.20 B1/S0 | 현재가 28,550원 | 손절 -4.00%(ATR)
    VWAP 28,981원 -1.49% ▲매수 (+0.250)
    ST 상승추세 ─홀드 (+0.000)
    RSI 39.5 (기준 30/74) ─홀드 (+0.000)
    BB 28,192~29,390원 현재 28,550원 ─홀드 (+0.000)  ← 중간 [──●───────] 30%
    DC  ─홀드  ← 미보유 또는 청산 조건 미해당 (+0.000)
    거래량  MA25대비 0.09x  ▼(penalty) (-0.0500)  ← 점수 조정 -0.0500
    뉴스  bias=+0.000 (2건)
2026-07-08 11:40:04.738 | INFO     | stock_bot.live.runner:_tick:1243 - 010960 삼호개발 [ensemble] HOLD score=+0.00 B0/S0 | 현재가 4,315원 | 손절 -4.00%(ATR)
    VWAP 4,305원 +0.24% ─홀드 (+0.000)
    ST 상승추세 ─홀드 (+0.000)
    RSI 53.2 (기준 30/74) ─홀드 (+0.000)
    BB 3,931~4,500원 현재 4,315원 ─홀드 (+0.000)  ← 중간 [──────●───] 67%
    DC  ─홀드  ← 미보유 또는 청산 조건 미해당 (+0.000)
    거래량  MA25대비 0.03x  〰(neutral) (+0.0000)  ← 임계 미달 (기준 ≥1.2/≤0.7x) → 중립
2026-07-08 11:45:00.288 | INFO     | stock_bot.news.crawler:fetch_naver_news:165 - news relevance filter: 5 → 1 (제외 4건) [006360]
2026-07-08 11:45:00.289 | INFO     | stock_bot.news.crawler:fetch_naver_news:170 - fetched 1 news items for 006360
2026-07-08 11:45:00.294 | DEBUG    | stock_bot.live.runner:_news_tick:616 - news 006360 new=0/1 (모두 중복)
2026-07-08 11:45:00.492 | INFO     | stock_bot.news.crawler:fetch_naver_news:165 - news relevance filter: 4 → 1 (제외 3건) [010960]
2026-07-08 11:45:00.493 | INFO     | stock_bot.news.crawler:fetch_naver_news:170 - fetched 1 news items for 010960
2026-07-08 11:45:00.498 | DEBUG    | stock_bot.live.runner:_news_tick:616 - news 010960 new=0/1 (모두 중복)
2026-07-08 11:45:02.467 | INFO     | stock_bot.live.runner:_tick:1243 - 006360 GS건설 [ensemble] HOLD score=+0.20 B1/S0 | 현재가 28,600원 | 손절 -4.00%(ATR)
    VWAP 28,975원 -1.29% ▲매수 (+0.250)
    ST 상승추세 ─홀드 (+0.000)
    RSI 40.2 (기준 30/74) ─홀드 (+0.000)
    BB 28,220~29,282원 현재 28,600원 ─홀드 (+0.000)  ← 중간 [───●──────] 36%
    DC  ─홀드  ← 미보유 또는 청산 조건 미해당 (+0.000)
    거래량  MA25대비 0.04x  ▼(penalty) (-0.0500)  ← 점수 조정 -0.0500
    뉴스  bias=+0.000 (2건)
2026-07-08 11:45:04.580 | INFO     | stock_bot.live.runner:_tick:1243 - 010960 삼호개발 [ensemble] HOLD score=+0.00 B0/S0 | 현재가 4,355원 | 손절 -4.00%(ATR)
    VWAP 4,307원 +1.11% ─홀드 (+0.000)
    ST 상승추세 ─홀드 (+0.000)
    RSI 54.6 (기준 30/74) ─홀드 (+0.000)
    BB 3,956~4,512원 현재 4,355원 ─홀드 (+0.000)  ← 중간 [───────●──] 72%
    DC  ─홀드  ← 미보유 또는 청산 조건 미해당 (+0.000)
    거래량  MA25대비 0.00x  〰(neutral) (+0.0000)  ← 임계 미달 (기준 ≥1.2/≤0.7x) → 중립
2026-07-08 11:50:00.278 | INFO     | stock_bot.news.crawler:fetch_naver_news:165 - news relevance filter: 5 → 1 (제외 4건) [006360]
2026-07-08 11:50:00.279 | INFO     | stock_bot.news.crawler:fetch_naver_news:170 - fetched 1 news items for 006360
2026-07-08 11:50:00.285 | DEBUG    | stock_bot.live.runner:_news_tick:616 - news 006360 new=0/1 (모두 중복)
2026-07-08 11:50:00.510 | INFO     | stock_bot.news.crawler:fetch_naver_news:165 - news relevance filter: 4 → 1 (제외 3건) [010960]
2026-07-08 11:50:00.512 | INFO     | stock_bot.news.crawler:fetch_naver_news:170 - fetched 1 news items for 010960
2026-07-08 11:50:00.518 | DEBUG    | stock_bot.live.runner:_news_tick:616 - news 010960 new=0/1 (모두 중복)
2026-07-08 11:50:19.403 | INFO     | stock_bot.live.runner:_tick:1243 - 006360 GS건설 [ensemble] HOLD score=+0.20 B1/S0 | 현재가 28,700원 | 손절 -4.00%(ATR)
    VWAP 28,969원 -0.93% ▲매수 (+0.250)
    ST 상승추세 ─홀드 (+0.000)
    RSI 42.2 (기준 30/74) ─홀드 (+0.000)
    BB 28,323~29,110원 현재 28,700원 ─홀드 (+0.000)  ← 중간 [────●─────] 48%
    DC  ─홀드  ← 미보유 또는 청산 조건 미해당 (+0.000)
    거래량  MA25대비 0.01x  ▼(penalty) (-0.0500)  ← 점수 조정 -0.0500
    뉴스  bias=+0.000 (2건)
2026-07-08 11:50:30.447 | INFO     | stock_bot.live.runner:_tick:1243 - 010960 삼호개발 [ensemble] HOLD score=+0.00 B0/S0 | 현재가 4,555원 | 손절 -4.00%(ATR)
    VWAP 4,335원 +5.09% ─홀드 (+0.000)
    ST 상승추세 ─홀드 (+0.000)
    RSI 61.1 (기준 30/74) ─홀드 (+0.000)
    BB 3,956~4,582원 현재 4,555원 ─홀드 (+0.000)  ← 상단근접 [─────────●] 96%
    DC  ─홀드  ← 미보유 또는 청산 조건 미해당 (+0.000)
    거래량  MA25대비 0.43x  〰(neutral) (+0.0000)  ← 임계 미달 (기준 ≥1.2/≤0.7x) → 중립
2026-07-08 11:55:00.270 | INFO     | stock_bot.news.crawler:fetch_naver_news:165 - news relevance filter: 5 → 1 (제외 4건) [006360]
2026-07-08 11:55:00.271 | INFO     | stock_bot.news.crawler:fetch_naver_news:170 - fetched 1 news items for 006360
2026-07-08 11:55:00.276 | DEBUG    | stock_bot.live.runner:_news_tick:616 - news 006360 new=0/1 (모두 중복)
2026-07-08 11:55:00.481 | INFO     | stock_bot.news.crawler:fetch_naver_news:165 - news relevance filter: 4 → 1 (제외 3건) [010960]
2026-07-08 11:55:00.482 | INFO     | stock_bot.news.crawler:fetch_naver_news:170 - fetched 1 news items for 010960
2026-07-08 11:55:00.487 | DEBUG    | stock_bot.live.runner:_news_tick:616 - news 010960 new=0/1 (모두 중복)
2026-07-08 11:55:09.881 | INFO     | stock_bot.live.runner:_tick:1243 - 006360 GS건설 [ensemble] HOLD score=+0.20 B1/S0 | 현재가 28,650원 | 손절 -4.00%(ATR)
    VWAP 28,965원 -1.09% ▲매수 (+0.250)
    ST 상승추세 ─홀드 (+0.000)
    RSI 41.5 (기준 30/74) ─홀드 (+0.000)
    BB 28,341~29,042원 현재 28,650원 ─홀드 (+0.000)  ← 중간 [────●─────] 44%
    DC  ─홀드  ← 미보유 또는 청산 조건 미해당 (+0.000)
    거래량  MA25대비 0.02x  ▼(penalty) (-0.0500)  ← 점수 조정 -0.0500
    뉴스  bias=+0.000 (2건)
2026-07-08 11:55:16.494 | INFO     | stock_bot.live.runner:_tick:1243 - 010960 삼호개발 [ensemble] HOLD score=+0.00 B0/S0 | 현재가 4,570원 | 손절 -4.00%(ATR)
    VWAP 4,359원 +4.84% ─홀드 (+0.000)
    ST 상승추세 ─홀드 (+0.000)
    RSI 61.4 (기준 30/74) ─홀드 (+0.000)
    BB 3,968~4,623원 현재 4,570원 ─홀드 (+0.000)  ← 상단근접 [─────────●] 92%
    DC  ─홀드  ← 미보유 또는 청산 조건 미해당 (+0.000)
    거래량  MA25대비 0.04x  〰(neutral) (+0.0000)  ← 임계 미달 (기준 ≥1.2/≤0.7x) → 중립
2026-07-08 12:00:00.252 | INFO     | stock_bot.news.crawler:fetch_naver_news:165 - news relevance filter: 5 → 1 (제외 4건) [006360]
2026-07-08 12:00:00.253 | INFO     | stock_bot.news.crawler:fetch_naver_news:170 - fetched 1 news items for 006360
2026-07-08 12:00:00.258 | DEBUG    | stock_bot.live.runner:_news_tick:616 - news 006360 new=0/1 (모두 중복)
2026-07-08 12:00:00.508 | INFO     | stock_bot.news.crawler:fetch_naver_news:165 - news relevance filter: 4 → 1 (제외 3건) [010960]
2026-07-08 12:00:00.509 | INFO     | stock_bot.news.crawler:fetch_naver_news:170 - fetched 1 news items for 010960
2026-07-08 12:00:00.516 | DEBUG    | stock_bot.live.runner:_news_tick:616 - news 010960 new=0/1 (모두 중복)
2026-07-08 12:00:18.566 | INFO     | stock_bot.live.runner:_tick:1243 - 006360 GS건설 [ensemble] HOLD score=+0.20 B1/S0 | 현재가 28,750원 | 손절 -4.00%(ATR)
    VWAP 28,960원 -0.73% ▲매수 (+0.250)
    ST 상승추세 ─홀드 (+0.000)
    RSI 43.6 (기준 30/74) ─홀드 (+0.000)
    BB 28,367~28,986원 현재 28,750원 ─홀드 (+0.000)  ← 중간 [──────●───] 62%
    DC  ─홀드  ← 미보유 또는 청산 조건 미해당 (+0.000)
    거래량  MA25대비 0.06x  ▼(penalty) (-0.0500)  ← 점수 조정 -0.0500
    뉴스  bias=+0.000 (2건)
2026-07-08 12:00:29.620 | INFO     | stock_bot.live.runner:_tick:1243 - 010960 삼호개발 [ensemble] HOLD score=+0.00 B0/S0 | 현재가 4,370원 | 손절 -4.00%(ATR)
    VWAP 4,368원 +0.06% ─홀드 (+0.000)
    ST 상승추세 ─홀드 (+0.000)
    RSI 53.3 (기준 30/74) ─홀드 (+0.000)
    BB 4,023~4,588원 현재 4,370원 ─홀드 (+0.000)  ← 중간 [──────●───] 61%
    DC  ─홀드  ← 미보유 또는 청산 조건 미해당 (+0.000)
    거래량  MA25대비 0.26x  〰(neutral) (+0.0000)  ← 임계 미달 (기준 ≥1.2/≤0.7x) → 중립
2026-07-08 12:05:00.298 | INFO     | stock_bot.news.crawler:fetch_naver_news:165 - news relevance filter: 5 → 1 (제외 4건) [006360]
2026-07-08 12:05:00.299 | INFO     | stock_bot.news.crawler:fetch_naver_news:170 - fetched 1 news items for 006360
2026-07-08 12:05:00.304 | DEBUG    | stock_bot.live.runner:_news_tick:616 - news 006360 new=0/1 (모두 중복)
2026-07-08 12:05:00.499 | INFO     | stock_bot.news.crawler:fetch_naver_news:165 - news relevance filter: 4 → 1 (제외 3건) [010960]
2026-07-08 12:05:00.500 | INFO     | stock_bot.news.crawler:fetch_naver_news:170 - fetched 1 news items for 010960
2026-07-08 12:05:00.505 | DEBUG    | stock_bot.live.runner:_news_tick:616 - news 010960 new=0/1 (모두 중복)
2026-07-08 12:05:12.516 | INFO     | stock_bot.live.runner:_tick:1243 - 006360 GS건설 [ensemble] HOLD score=+0.20 B1/S0 | 현재가 28,700원 | 손절 -4.00%(ATR)
    VWAP 28,959원 -0.89% ▲매수 (+0.250)
    ST 상승추세 ─홀드 (+0.000)
    RSI 42.6 (기준 30/74) ─홀드 (+0.000)
    BB 28,392~28,928원 현재 28,700원 ─홀드 (+0.000)  ← 중간 [─────●────] 57%
    DC  ─홀드  ← 미보유 또는 청산 조건 미해당 (+0.000)
    거래량  MA25대비 0.01x  ▼(penalty) (-0.0500)  ← 점수 조정 -0.0500
    뉴스  bias=+0.000 (2건)
2026-07-08 12:05:19.495 | INFO     | stock_bot.live.runner:_tick:1243 - 010960 삼호개발 [ensemble] HOLD score=+0.00 B0/S0 | 현재가 4,375원 | 손절 -4.00%(ATR)
    VWAP 4,369원 +0.15% ─홀드 (+0.000)
    ST 상승추세 ─홀드 (+0.000)
    RSI 53.4 (기준 30/74) ─홀드 (+0.000)
    BB 4,062~4,581원 현재 4,375원 ─홀드 (+0.000)  ← 중간 [──────●───] 60%
    DC  ─홀드  ← 미보유 또는 청산 조건 미해당 (+0.000)
    거래량  MA25대비 0.02x  〰(neutral) (+0.0000)  ← 임계 미달 (기준 ≥1.2/≤0.7x) → 중립
2026-07-08 12:10:00.283 | INFO     | stock_bot.news.crawler:fetch_naver_news:165 - news relevance filter: 5 → 1 (제외 4건) [006360]
2026-07-08 12:10:00.284 | INFO     | stock_bot.news.crawler:fetch_naver_news:170 - fetched 1 news items for 006360
2026-07-08 12:10:00.290 | DEBUG    | stock_bot.live.runner:_news_tick:616 - news 006360 new=0/1 (모두 중복)
2026-07-08 12:10:00.505 | INFO     | stock_bot.news.crawler:fetch_naver_news:165 - news relevance filter: 4 → 1 (제외 3건) [010960]
2026-07-08 12:10:00.505 | INFO     | stock_bot.news.crawler:fetch_naver_news:170 - fetched 1 news items for 010960
2026-07-08 12:10:00.511 | DEBUG    | stock_bot.live.runner:_news_tick:616 - news 010960 new=0/1 (모두 중복)
2026-07-08 12:10:02.538 | INFO     | stock_bot.live.runner:_tick:1243 - 006360 GS건설 [ensemble] HOLD score=+0.20 B1/S0 | 현재가 28,700원 | 손절 -4.00%(ATR)
    VWAP 28,953원 -0.87% ▲매수 (+0.250)
    ST 상승추세 ─홀드 (+0.000)
    RSI 42.6 (기준 30/74) ─홀드 (+0.000)
    BB 28,406~28,894원 현재 28,700원 ─홀드 (+0.000)  ← 중간 [──────●───] 60%
    DC  ─홀드  ← 미보유 또는 청산 조건 미해당 (+0.000)
    거래량  MA25대비 0.06x  ▼(penalty) (-0.0500)  ← 점수 조정 -0.0500
    뉴스  bias=+0.000 (2건)
2026-07-08 12:10:04.580 | INFO     | stock_bot.live.runner:_tick:1243 - 010960 삼호개발 [ensemble] HOLD score=+0.20 B1/S0 | 현재가 4,320원 | 손절 -4.00%(ATR)
    VWAP 4,368원 -1.09% ▲매수 (+0.250)
    ST 상승추세 ─홀드 (+0.000)
    RSI 51.4 (기준 30/74) ─홀드 (+0.000)
    BB 4,087~4,570원 현재 4,320원 ─홀드 (+0.000)  ← 중간 [────●─────] 48%
    DC  ─홀드  ← 미보유 또는 청산 조건 미해당 (+0.000)
    거래량  MA25대비 0.00x  ▼(penalty) (-0.0500)  ← 점수 조정 -0.0500
2026-07-08 12:15:00.292 | INFO     | stock_bot.news.crawler:fetch_naver_news:165 - news relevance filter: 5 → 1 (제외 4건) [006360]
2026-07-08 12:15:00.292 | INFO     | stock_bot.news.crawler:fetch_naver_news:170 - fetched 1 news items for 006360
2026-07-08 12:15:00.297 | DEBUG    | stock_bot.live.runner:_news_tick:616 - news 006360 new=0/1 (모두 중복)
2026-07-08 12:15:00.486 | INFO     | stock_bot.news.crawler:fetch_naver_news:165 - news relevance filter: 4 → 1 (제외 3건) [010960]
2026-07-08 12:15:00.487 | INFO     | stock_bot.news.crawler:fetch_naver_news:170 - fetched 1 news items for 010960
2026-07-08 12:15:00.492 | DEBUG    | stock_bot.live.runner:_news_tick:616 - news 010960 new=0/1 (모두 중복)
2026-07-08 12:15:14.460 | INFO     | stock_bot.live.runner:_tick:1243 - 006360 GS건설 [ensemble] HOLD score=+0.00 B0/S0 | 현재가 28,750원 | 손절 -4.00%(ATR)
    VWAP 28,946원 -0.68% ─홀드 (+0.000)
    ST 상승추세 ─홀드 (+0.000)
    RSI 43.7 (기준 30/74) ─홀드 (+0.000)
    BB 28,405~28,900원 현재 28,750원 ─홀드 (+0.000)  ← 중간 [──────●───] 70%
    DC  ─홀드  ← 미보유 또는 청산 조건 미해당 (+0.000)
    거래량  MA25대비 0.07x  〰(neutral) (+0.0000)  ← 임계 미달 (기준 ≥1.2/≤0.7x) → 중립
    뉴스  bias=+0.000 (2건)
2026-07-08 12:15:22.327 | INFO     | stock_bot.live.runner:_tick:1243 - 010960 삼호개발 [ensemble] HOLD score=+0.00 B0/S0 | 현재가 4,400원 | 손절 -4.00%(ATR)
    VWAP 4,368원 +0.74% ─홀드 (+0.000)
    ST 상승추세 ─홀드 (+0.000)
    RSI 54.1 (기준 30/74) ─홀드 (+0.000)
    BB 4,121~4,569원 현재 4,400원 ─홀드 (+0.000)  ← 중간 [──────●───] 62%
    DC  ─홀드  ← 미보유 또는 청산 조건 미해당 (+0.000)
    거래량  MA25대비 0.01x  〰(neutral) (+0.0000)  ← 임계 미달 (기준 ≥1.2/≤0.7x) → 중립
2026-07-08 12:20:00.269 | INFO     | stock_bot.news.crawler:fetch_naver_news:165 - news relevance filter: 5 → 1 (제외 4건) [006360]
2026-07-08 12:20:00.270 | INFO     | stock_bot.news.crawler:fetch_naver_news:170 - fetched 1 news items for 006360
2026-07-08 12:20:00.276 | DEBUG    | stock_bot.live.runner:_news_tick:616 - news 006360 new=0/1 (모두 중복)
2026-07-08 12:20:00.493 | INFO     | stock_bot.news.crawler:fetch_naver_news:165 - news relevance filter: 4 → 1 (제외 3건) [010960]
2026-07-08 12:20:00.494 | INFO     | stock_bot.news.crawler:fetch_naver_news:170 - fetched 1 news items for 010960
2026-07-08 12:20:00.499 | DEBUG    | stock_bot.live.runner:_news_tick:616 - news 010960 new=0/1 (모두 중복)
2026-07-08 12:20:02.559 | INFO     | stock_bot.live.runner:_tick:1243 - 006360 GS건설 [ensemble] HOLD score=+0.20 B1/S0 | 현재가 28,700원 | 손절 -4.00%(ATR)
    VWAP 28,944원 -0.84% ▲매수 (+0.250)
    ST 상승추세 ─홀드 (+0.000)
    RSI 42.8 (기준 30/74) ─홀드 (+0.000)
    BB 28,409~28,886원 현재 28,700원 ─홀드 (+0.000)  ← 중간 [──────●───] 61%
    DC  ─홀드  ← 미보유 또는 청산 조건 미해당 (+0.000)
    거래량  MA25대비 0.02x  ▼(penalty) (-0.0500)  ← 점수 조정 -0.0500
    뉴스  bias=+0.000 (2건)
2026-07-08 12:20:04.525 | INFO     | stock_bot.live.runner:_tick:1243 - 010960 삼호개발 [ensemble] HOLD score=+0.00 B0/S0 | 현재가 4,345원 | 손절 -4.00%(ATR)
    VWAP 4,368원 -0.52% ─홀드 (+0.000)
    ST 상승추세 ─홀드 (+0.000)
    RSI 52.1 (기준 30/74) ─홀드 (+0.000)
    BB 4,141~4,560원 현재 4,345원 ─홀드 (+0.000)  ← 중간 [────●─────] 49%
    DC  ─홀드  ← 미보유 또는 청산 조건 미해당 (+0.000)
    거래량  MA25대비 0.00x  〰(neutral) (+0.0000)  ← 임계 미달 (기준 ≥1.2/≤0.7x) → 중립
2026-07-08 12:25:00.285 | INFO     | stock_bot.news.crawler:fetch_naver_news:165 - news relevance filter: 5 → 1 (제외 4건) [006360]
2026-07-08 12:25:00.286 | INFO     | stock_bot.news.crawler:fetch_naver_news:170 - fetched 1 news items for 006360
2026-07-08 12:25:00.291 | DEBUG    | stock_bot.live.runner:_news_tick:616 - news 006360 new=0/1 (모두 중복)
2026-07-08 12:25:00.481 | INFO     | stock_bot.news.crawler:fetch_naver_news:165 - news relevance filter: 4 → 1 (제외 3건) [010960]
2026-07-08 12:25:00.482 | INFO     | stock_bot.news.crawler:fetch_naver_news:170 - fetched 1 news items for 010960
2026-07-08 12:25:00.487 | DEBUG    | stock_bot.live.runner:_news_tick:616 - news 010960 new=0/1 (모두 중복)
2026-07-08 12:25:02.523 | INFO     | stock_bot.live.runner:_tick:1243 - 006360 GS건설 [ensemble] HOLD score=+0.00 B0/S0 | 현재가 28,850원 | 손절 -4.00%(ATR)
    VWAP 28,942원 -0.32% ─홀드 (+0.000)
    ST 상승추세 ─홀드 (+0.000)
    RSI 46.0 (기준 30/74) ─홀드 (+0.000)
    BB 28,407~28,898원 현재 28,850원 ─홀드 (+0.000)  ← 상단근접 [─────────●] 90%
    DC  ─홀드  ← 미보유 또는 청산 조건 미해당 (+0.000)
    거래량  MA25대비 0.00x  〰(neutral) (+0.0000)  ← 임계 미달 (기준 ≥1.2/≤0.7x) → 중립
    뉴스  bias=+0.000 (2건)
2026-07-08 12:25:04.527 | INFO     | stock_bot.live.runner:_tick:1243 - 010960 삼호개발 [ensemble] HOLD score=+0.20 B1/S0 | 현재가 4,315원 | 손절 -4.00%(ATR)
    VWAP 4,367원 -1.20% ▲매수 (+0.250)
    ST 상승추세 ─홀드 (+0.000)
    RSI 51.0 (기준 30/74) ─홀드 (+0.000)
    BB 4,177~4,540원 현재 4,315원 ─홀드 (+0.000)  ← 중간 [───●──────] 38%
    DC  ─홀드  ← 미보유 또는 청산 조건 미해당 (+0.000)
    거래량  MA25대비 0.00x  ▼(penalty) (-0.0500)  ← 점수 조정 -0.0500
2026-07-08 12:30:00.262 | INFO     | stock_bot.news.crawler:fetch_naver_news:165 - news relevance filter: 5 → 1 (제외 4건) [006360]
2026-07-08 12:30:00.263 | INFO     | stock_bot.news.crawler:fetch_naver_news:170 - fetched 1 news items for 006360
2026-07-08 12:30:00.269 | DEBUG    | stock_bot.live.runner:_news_tick:616 - news 006360 new=0/1 (모두 중복)
2026-07-08 12:30:00.508 | INFO     | stock_bot.news.crawler:fetch_naver_news:165 - news relevance filter: 4 → 1 (제외 3건) [010960]
2026-07-08 12:30:00.509 | INFO     | stock_bot.news.crawler:fetch_naver_news:170 - fetched 1 news items for 010960
2026-07-08 12:30:00.517 | DEBUG    | stock_bot.live.runner:_news_tick:616 - news 010960 new=0/1 (모두 중복)
2026-07-08 12:30:03.712 | INFO     | stock_bot.live.runner:_tick:1243 - 006360 GS건설 [ensemble] HOLD score=+0.00 B0/S0 | 현재가 28,800원 | 손절 -4.00%(ATR)
    VWAP 28,941원 -0.49% ─홀드 (+0.000)
    ST 상승추세 ─홀드 (+0.000)
    RSI 45.1 (기준 30/74) ─홀드 (+0.000)
    BB 28,409~28,901원 현재 28,800원 ─홀드 (+0.000)  ← 상단근접 [───────●──] 79%
    DC  ─홀드  ← 미보유 또는 청산 조건 미해당 (+0.000)
    거래량  MA25대비 0.10x  〰(neutral) (+0.0000)  ← 임계 미달 (기준 ≥1.2/≤0.7x) → 중립
    뉴스  bias=+0.000 (2건)
2026-07-08 12:30:05.225 | INFO     | stock_bot.live.runner:_tick:1243 - 010960 삼호개발 [ensemble] HOLD score=+0.20 B1/S0 | 현재가 4,320원 | 손절 -4.00%(ATR)
    VWAP 4,367원 -1.08% ▲매수 (+0.250)
    ST 상승추세 ─홀드 (+0.000)
    RSI 51.1 (기준 30/74) ─홀드 (+0.000)
    BB 4,174~4,538원 현재 4,320원 ─홀드 (+0.000)  ← 중간 [────●─────] 40%
    DC  ─홀드  ← 미보유 또는 청산 조건 미해당 (+0.000)
    거래량  MA25대비 0.02x  ▼(penalty) (-0.0500)  ← 점수 조정 -0.0500
2026-07-08 12:35:00.306 | INFO     | stock_bot.news.crawler:fetch_naver_news:165 - news relevance filter: 5 → 1 (제외 4건) [006360]
2026-07-08 12:35:00.307 | INFO     | stock_bot.news.crawler:fetch_naver_news:170 - fetched 1 news items for 006360
2026-07-08 12:35:00.312 | DEBUG    | stock_bot.live.runner:_news_tick:616 - news 006360 new=0/1 (모두 중복)
2026-07-08 12:35:00.495 | INFO     | stock_bot.news.crawler:fetch_naver_news:165 - news relevance filter: 4 → 1 (제외 3건) [010960]
2026-07-08 12:35:00.496 | INFO     | stock_bot.news.crawler:fetch_naver_news:170 - fetched 1 news items for 010960
2026-07-08 12:35:00.501 | DEBUG    | stock_bot.live.runner:_news_tick:616 - news 010960 new=0/1 (모두 중복)
2026-07-08 12:35:13.536 | INFO     | stock_bot.live.runner:_tick:1243 - 006360 GS건설 [ensemble] HOLD score=+0.20 B1/S0 | 현재가 28,700원 | 손절 -4.00%(ATR)
    VWAP 28,939원 -0.83% ▲매수 (+0.250)
    ST 상승추세 ─홀드 (+0.000)
    RSI 43.2 (기준 30/74) ─홀드 (+0.000)
    BB 28,415~28,880원 현재 28,700원 ─홀드 (+0.000)  ← 중간 [──────●───] 61%
    DC  ─홀드  ← 미보유 또는 청산 조건 미해당 (+0.000)
    거래량  MA25대비 0.02x  ▼(penalty) (-0.0500)  ← 점수 조정 -0.0500
    뉴스  bias=+0.000 (2건)
2026-07-08 12:35:22.508 | INFO     | stock_bot.live.runner:_tick:1243 - 010960 삼호개발 [ensemble] HOLD score=+0.20 B1/S0 | 현재가 4,280원 | 손절 -4.00%(ATR)
    VWAP 4,366원 -1.96% ▲매수 (+0.250)
    ST 상승추세 ─홀드 (+0.000)
    RSI 49.6 (기준 30/74) ─홀드 (+0.000)
    BB 4,165~4,538원 현재 4,280원 ─홀드 (+0.000)  ← 중간 [───●──────] 31%
    DC  ─홀드  ← 미보유 또는 청산 조건 미해당 (+0.000)
    거래량  MA25대비 0.01x  ▼(penalty) (-0.0500)  ← 점수 조정 -0.0500
2026-07-08 12:40:00.282 | INFO     | stock_bot.news.crawler:fetch_naver_news:165 - news relevance filter: 5 → 1 (제외 4건) [006360]
2026-07-08 12:40:00.283 | INFO     | stock_bot.news.crawler:fetch_naver_news:170 - fetched 1 news items for 006360
2026-07-08 12:40:00.289 | DEBUG    | stock_bot.live.runner:_news_tick:616 - news 006360 new=0/1 (모두 중복)
2026-07-08 12:40:00.504 | INFO     | stock_bot.news.crawler:fetch_naver_news:165 - news relevance filter: 4 → 1 (제외 3건) [010960]
2026-07-08 12:40:00.505 | INFO     | stock_bot.news.crawler:fetch_naver_news:170 - fetched 1 news items for 010960
2026-07-08 12:40:00.510 | DEBUG    | stock_bot.live.runner:_news_tick:616 - news 010960 new=0/1 (모두 중복)
2026-07-08 12:40:02.649 | INFO     | stock_bot.live.runner:_tick:1243 - 006360 GS건설 [ensemble] HOLD score=+0.00 B0/S0 | 현재가 28,750원 | 손절 -4.00%(ATR)
    VWAP 28,936원 -0.64% ─홀드 (+0.000)
    ST 상승추세 ─홀드 (+0.000)
    RSI 44.1 (기준 30/74) ─홀드 (+0.000)
    BB 28,415~28,895원 현재 28,750원 ─홀드 (+0.000)  ← 중간 [──────●───] 70%
    DC  ─홀드  ← 미보유 또는 청산 조건 미해당 (+0.000)
    거래량  4주  MA25대비 0.00x  [거래 저조 (≤0.7x)]  ← 필터 활성 중 (봉 부족 45/26)
    뉴스  bias=+0.000 (2건)
2026-07-08 12:40:04.663 | INFO     | stock_bot.live.runner:_tick:1243 - 010960 삼호개발 [ensemble] HOLD score=+0.20 B1/S0 | 현재가 4,330원 | 손절 -4.00%(ATR)
    VWAP 4,365원 -0.81% ▲매수 (+0.250)
    ST 상승추세 ─홀드 (+0.000)
    RSI 51.5 (기준 30/74) ─홀드 (+0.000)
    BB 4,169~4,537원 현재 4,330원 ─홀드 (+0.000)  ← 중간 [────●─────] 44%
    DC  ─홀드  ← 미보유 또는 청산 조건 미해당 (+0.000)
    거래량  MA25대비 0.03x  ▼(penalty) (-0.0500)  ← 점수 조정 -0.0500
2026-07-08 12:45:00.249 | INFO     | stock_bot.news.crawler:fetch_naver_news:165 - news relevance filter: 5 → 1 (제외 4건) [006360]
2026-07-08 12:45:00.249 | INFO     | stock_bot.news.crawler:fetch_naver_news:170 - fetched 1 news items for 006360
2026-07-08 12:45:00.254 | DEBUG    | stock_bot.live.runner:_news_tick:616 - news 006360 new=0/1 (모두 중복)
2026-07-08 12:45:00.441 | INFO     | stock_bot.news.crawler:fetch_naver_news:165 - news relevance filter: 4 → 1 (제외 3건) [010960]
2026-07-08 12:45:00.442 | INFO     | stock_bot.news.crawler:fetch_naver_news:170 - fetched 1 news items for 010960
2026-07-08 12:45:00.447 | DEBUG    | stock_bot.live.runner:_news_tick:616 - news 010960 new=0/1 (모두 중복)
2026-07-08 12:45:02.498 | INFO     | stock_bot.live.runner:_tick:1243 - 006360 GS건설 [ensemble] HOLD score=+0.20 B1/S0 | 현재가 28,700원 | 손절 -4.00%(ATR)
    VWAP 28,931원 -0.80% ▲매수 (+0.250)
    ST 상승추세 ─홀드 (+0.000)
    RSI 43.2 (기준 30/74) ─홀드 (+0.000)
    BB 28,436~28,889원 현재 28,700원 ─홀드 (+0.000)  ← 중간 [─────●────] 58%
    DC  ─홀드  ← 미보유 또는 청산 조건 미해당 (+0.000)
    거래량  MA25대비 0.15x  ▼(penalty) (-0.0500)  ← 점수 조정 -0.0500
    뉴스  bias=+0.000 (2건)
2026-07-08 12:45:04.514 | INFO     | stock_bot.live.runner:_tick:1243 - 010960 삼호개발 [ensemble] HOLD score=+0.00 B0/S0 | 현재가 4,500원 | 손절 -4.00%(ATR)
    VWAP 4,367원 +3.04% ─홀드 (+0.000)
    ST 상승추세 ─홀드 (+0.000)
    RSI 57.8 (기준 30/74) ─홀드 (+0.000)
    BB 4,180~4,566원 현재 4,500원 ─홀드 (+0.000)  ← 상단근접 [────────●─] 83%
    DC  ─홀드  ← 미보유 또는 청산 조건 미해당 (+0.000)
    거래량  MA25대비 0.01x  〰(neutral) (+0.0000)  ← 임계 미달 (기준 ≥1.2/≤0.7x) → 중립
2026-07-08 12:50:00.264 | INFO     | stock_bot.news.crawler:fetch_naver_news:165 - news relevance filter: 5 → 1 (제외 4건) [006360]
2026-07-08 12:50:00.265 | INFO     | stock_bot.news.crawler:fetch_naver_news:170 - fetched 1 news items for 006360
2026-07-08 12:50:00.270 | DEBUG    | stock_bot.live.runner:_news_tick:616 - news 006360 new=0/1 (모두 중복)
2026-07-08 12:50:00.492 | INFO     | stock_bot.news.crawler:fetch_naver_news:165 - news relevance filter: 4 → 1 (제외 3건) [010960]
2026-07-08 12:50:00.493 | INFO     | stock_bot.news.crawler:fetch_naver_news:170 - fetched 1 news items for 010960
2026-07-08 12:50:00.498 | DEBUG    | stock_bot.live.runner:_news_tick:616 - news 010960 new=0/1 (모두 중복)
2026-07-08 12:50:17.507 | INFO     | stock_bot.live.runner:_tick:1243 - 006360 GS건설 [ensemble] HOLD score=+0.20 B1/S0 | 현재가 28,600원 | 손절 -4.00%(ATR)
    VWAP 28,926원 -1.13% ▲매수 (+0.250)
    ST 상승추세 ─홀드 (+0.000)
    RSI 41.5 (기준 30/74) ─홀드 (+0.000)
    BB 28,451~28,874원 현재 28,600원 ─홀드 (+0.000)  ← 중간 [───●──────] 35%
    DC  ─홀드  ← 미보유 또는 청산 조건 미해당 (+0.000)
    거래량  4주  MA25대비 0.00x  [거래 저조 (≤0.7x)]  ← 필터 활성 중 (봉 부족 47/26)
    뉴스  bias=+0.000 (2건)
2026-07-08 12:50:24.814 | INFO     | stock_bot.live.runner:_tick:1243 - 010960 삼호개발 [ensemble] HOLD score=+0.00 B0/S0 | 현재가 4,435원 | 손절 -4.00%(ATR)
    VWAP 4,374원 +1.40% ─홀드 (+0.000)
    ST 상승추세 ─홀드 (+0.000)
    RSI 55.1 (기준 30/74) ─홀드 (+0.000)
    BB 4,214~4,549원 현재 4,435원 ─홀드 (+0.000)  ← 중간 [──────●───] 66%
    DC  ─홀드  ← 미보유 또는 청산 조건 미해당 (+0.000)
    거래량  MA25대비 0.02x  〰(neutral) (+0.0000)  ← 임계 미달 (기준 ≥1.2/≤0.7x) → 중립
2026-07-08 12:55:00.291 | INFO     | stock_bot.news.crawler:fetch_naver_news:165 - news relevance filter: 5 → 1 (제외 4건) [006360]
2026-07-08 12:55:00.292 | INFO     | stock_bot.news.crawler:fetch_naver_news:170 - fetched 1 news items for 006360
2026-07-08 12:55:00.297 | DEBUG    | stock_bot.live.runner:_news_tick:616 - news 006360 new=0/1 (모두 중복)
2026-07-08 12:55:00.488 | INFO     | stock_bot.news.crawler:fetch_naver_news:165 - news relevance filter: 4 → 1 (제외 3건) [010960]
2026-07-08 12:55:00.489 | INFO     | stock_bot.news.crawler:fetch_naver_news:170 - fetched 1 news items for 010960
2026-07-08 12:55:00.494 | DEBUG    | stock_bot.live.runner:_news_tick:616 - news 010960 new=0/1 (모두 중복)
2026-07-08 12:55:02.480 | INFO     | stock_bot.live.runner:_tick:1243 - 006360 GS건설 [ensemble] HOLD score=+0.20 B1/S0 | 현재가 28,500원 | 손절 -4.00%(ATR)
    VWAP 28,910원 -1.42% ▲매수 (+0.250)
    ST 상승추세 ─홀드 (+0.000)
    RSI 39.6 (기준 30/74) ─홀드 (+0.000)
    BB 28,424~28,886원 현재 28,500원 ─홀드 (+0.000)  ← 하단근접 [─●────────] 16%
    DC  ─홀드  ← 미보유 또는 청산 조건 미해당 (+0.000)
    거래량  MA25대비 0.02x  ▼(penalty) (-0.0500)  ← 점수 조정 -0.0500
    뉴스  bias=+0.000 (2건)
2026-07-08 12:55:04.481 | INFO     | stock_bot.live.runner:_tick:1243 - 010960 삼호개발 [ensemble] HOLD score=+0.00 B0/S0 | 현재가 4,520원 | 손절 -4.00%(ATR)
    VWAP 4,377원 +3.27% ─홀드 (+0.000)
    ST 상승추세 ─홀드 (+0.000)
    RSI 58.1 (기준 30/74) ─홀드 (+0.000)
    BB 4,232~4,570원 현재 4,520원 ─홀드 (+0.000)  ← 상단근접 [────────●─] 85%
    DC  ─홀드  ← 미보유 또는 청산 조건 미해당 (+0.000)
    거래량  MA25대비 0.02x  〰(neutral) (+0.0000)  ← 임계 미달 (기준 ≥1.2/≤0.7x) → 중립
2026-07-08 13:00:00.330 | INFO     | stock_bot.news.crawler:fetch_naver_news:165 - news relevance filter: 5 → 1 (제외 4건) [006360]
2026-07-08 13:00:00.332 | INFO     | stock_bot.news.crawler:fetch_naver_news:170 - fetched 1 news items for 006360
2026-07-08 13:00:00.337 | DEBUG    | stock_bot.live.runner:_news_tick:616 - news 006360 new=0/1 (모두 중복)
2026-07-08 13:00:00.551 | INFO     | stock_bot.news.crawler:fetch_naver_news:165 - news relevance filter: 4 → 1 (제외 3건) [010960]
2026-07-08 13:00:00.552 | INFO     | stock_bot.news.crawler:fetch_naver_news:170 - fetched 1 news items for 010960
2026-07-08 13:00:00.557 | DEBUG    | stock_bot.live.runner:_news_tick:616 - news 010960 new=0/1 (모두 중복)
2026-07-08 13:00:23.621 | INFO     | stock_bot.live.runner:_tick:1243 - 006360 GS건설 [ensemble] HOLD score=+0.20 B1/S0 | 현재가 28,450원 | 손절 -3.98%(ATR)
    VWAP 28,903원 -1.57% ▲매수 (+0.250)
    ST 상승추세 ─홀드 (+0.000)
    RSI 38.2 (기준 30/74) ─홀드 (+0.000)
    BB 28,390~28,900원 현재 28,450원 ─홀드 (+0.000)  ← 하단근접 [─●────────] 12%
    DC  ─홀드  ← 미보유 또는 청산 조건 미해당 (+0.000)
    거래량  MA25대비 0.03x  ▼(penalty) (-0.0500)  ← 점수 조정 -0.0500
    뉴스  bias=+0.000 (2건)
2026-07-08 13:00:35.592 | INFO     | stock_bot.live.runner:_tick:1243 - 010960 삼호개발 [ensemble] HOLD score=+0.00 B0/S0 | 현재가 4,415원 | 손절 -4.00%(ATR)
    VWAP 4,379원 +0.83% ─홀드 (+0.000)
    ST 상승추세 ─홀드 (+0.000)
    RSI 53.5 (기준 30/74) ─홀드 (+0.000)
    BB 4,237~4,549원 현재 4,415원 ─홀드 (+0.000)  ← 중간 [─────●────] 57%
    DC  ─홀드  ← 미보유 또는 청산 조건 미해당 (+0.000)
    거래량  MA25대비 0.14x  〰(neutral) (+0.0000)  ← 임계 미달 (기준 ≥1.2/≤0.7x) → 중립
2026-07-08 13:05:00.260 | INFO     | stock_bot.news.crawler:fetch_naver_news:165 - news relevance filter: 5 → 1 (제외 4건) [006360]
2026-07-08 13:05:00.261 | INFO     | stock_bot.news.crawler:fetch_naver_news:170 - fetched 1 news items for 006360
2026-07-08 13:05:00.267 | DEBUG    | stock_bot.live.runner:_news_tick:616 - news 006360 new=0/1 (모두 중복)
2026-07-08 13:05:00.462 | INFO     | stock_bot.news.crawler:fetch_naver_news:165 - news relevance filter: 5 → 1 (제외 4건) [010960]
2026-07-08 13:05:00.463 | INFO     | stock_bot.news.crawler:fetch_naver_news:170 - fetched 1 news items for 010960
2026-07-08 13:05:00.468 | DEBUG    | stock_bot.live.runner:_news_tick:616 - news 010960 new=0/1 (모두 중복)
2026-07-08 13:05:14.385 | INFO     | stock_bot.live.runner:_tick:1243 - 006360 GS건설 [ensemble] HOLD score=+0.20 B1/S0 | 현재가 28,400원 | 손절 -3.77%(ATR)
    VWAP 28,897원 -1.72% ▲매수 (+0.250)
    ST 상승추세 ─홀드 (+0.000)
    RSI 37.2 (기준 30/74) ─홀드 (+0.000)
    BB 28,345~28,915원 현재 28,400원 ─홀드 (+0.000)  ← 하단근접 [●─────────] 10%
    DC  ─홀드  ← 미보유 또는 청산 조건 미해당 (+0.000)
    거래량  MA25대비 0.05x  ▼(penalty) (-0.0500)  ← 점수 조정 -0.0500
    뉴스  bias=+0.000 (2건)
2026-07-08 13:05:19.970 | INFO     | stock_bot.live.runner:_tick:1243 - 010960 삼호개발 [ensemble] HOLD score=+0.00 B0/S0 | 현재가 4,520원 | 손절 -4.00%(ATR)
    VWAP 4,381원 +3.16% ─홀드 (+0.000)
    ST 상승추세 ─홀드 (+0.000)
    RSI 57.1 (기준 30/74) ─홀드 (+0.000)
    BB 4,234~4,578원 현재 4,520원 ─홀드 (+0.000)  ← 상단근접 [────────●─] 83%
    DC  ─홀드  ← 미보유 또는 청산 조건 미해당 (+0.000)
    거래량  MA25대비 0.11x  〰(neutral) (+0.0000)  ← 임계 미달 (기준 ≥1.2/≤0.7x) → 중립
2026-07-08 13:10:00.289 | INFO     | stock_bot.news.crawler:fetch_naver_news:165 - news relevance filter: 5 → 1 (제외 4건) [006360]
2026-07-08 13:10:00.289 | INFO     | stock_bot.news.crawler:fetch_naver_news:170 - fetched 1 news items for 006360
2026-07-08 13:10:00.294 | DEBUG    | stock_bot.live.runner:_news_tick:616 - news 006360 new=0/1 (모두 중복)
2026-07-08 13:10:00.487 | INFO     | stock_bot.news.crawler:fetch_naver_news:165 - news relevance filter: 5 → 1 (제외 4건) [010960]
2026-07-08 13:10:00.488 | INFO     | stock_bot.news.crawler:fetch_naver_news:170 - fetched 1 news items for 010960
2026-07-08 13:10:00.493 | DEBUG    | stock_bot.live.runner:_news_tick:616 - news 010960 new=0/1 (모두 중복)
2026-07-08 13:10:02.512 | INFO     | stock_bot.live.runner:_tick:1243 - 006360 GS건설 [ensemble] HOLD score=+0.20 B1/S0 | 현재가 28,350원 | 손절 -3.81%(ATR)
    VWAP 28,864원 -1.78% ▲매수 (+0.250)
    ST 상승추세 ─홀드 (+0.000)
    RSI 36.3 (기준 30/74) ─홀드 (+0.000)
    BB 28,317~28,930원 현재 28,350원 ─홀드 (+0.000)  ← 하단근접 [●─────────] 5%
    DC  ─홀드  ← 미보유 또는 청산 조건 미해당 (+0.000)
    거래량  MA25대비 0.17x  ▼(penalty) (-0.0500)  ← 점수 조정 -0.0500
    뉴스  bias=+0.000 (2건)
2026-07-08 13:10:04.520 | INFO     | stock_bot.live.runner:_tick:1243 - 010960 삼호개발 [ensemble] HOLD score=+0.00 B0/S0 | 현재가 4,550원 | 손절 -4.00%(ATR)
    VWAP 4,387원 +3.71% ─홀드 (+0.000)
    ST 상승추세 ─홀드 (+0.000)
    RSI 58.1 (기준 30/74) ─홀드 (+0.000)
    BB 4,228~4,603원 현재 4,550원 ─홀드 (+0.000)  ← 상단근접 [────────●─] 86%
    DC  ─홀드  ← 미보유 또는 청산 조건 미해당 (+0.000)
    거래량  MA25대비 0.05x  〰(neutral) (+0.0000)  ← 임계 미달 (기준 ≥1.2/≤0.7x) → 중립
2026-07-08 13:15:00.341 | INFO     | stock_bot.news.crawler:fetch_naver_news:165 - news relevance filter: 5 → 1 (제외 4건) [006360]
2026-07-08 13:15:00.342 | INFO     | stock_bot.news.crawler:fetch_naver_news:170 - fetched 1 news items for 006360
2026-07-08 13:15:00.347 | DEBUG    | stock_bot.live.runner:_news_tick:616 - news 006360 new=0/1 (모두 중복)
2026-07-08 13:15:00.556 | INFO     | stock_bot.news.crawler:fetch_naver_news:165 - news relevance filter: 5 → 1 (제외 4건) [010960]
2026-07-08 13:15:00.557 | INFO     | stock_bot.news.crawler:fetch_naver_news:170 - fetched 1 news items for 010960
2026-07-08 13:15:00.562 | DEBUG    | stock_bot.live.runner:_news_tick:616 - news 010960 new=0/1 (모두 중복)
2026-07-08 13:15:19.445 | INFO     | stock_bot.live.runner:_tick:1243 - 006360 GS건설 [ensemble] HOLD score=+0.45 B2/S0 | 현재가 28,275원 | 손절 -3.67%(ATR)
    VWAP 28,852원 -2.00% ▲매수 (+0.250)
    ST 상승추세 ─홀드 (+0.000)
    RSI 34.9 (기준 30/74) ─홀드 (+0.000)
    BB 28,256~28,959원 현재 28,275원 ▲매수 (+0.250)
    DC  ─홀드  ← 미보유 또는 청산 조건 미해당 (+0.000)
    거래량  MA25대비 0.04x  ▼(penalty) (-0.0500)  ← 점수 조정 -0.0500
    뉴스  bias=+0.000 (2건)
2026-07-08 13:15:31.564 | INFO     | stock_bot.live.runner:_tick:1243 - 010960 삼호개발 [ensemble] HOLD score=+0.00 B0/S0 | 현재가 4,575원 | 손절 -4.00%(ATR)
    VWAP 4,399원 +3.99% ─홀드 (+0.000)
    ST 상승추세 ─홀드 (+0.000)
    RSI 58.6 (기준 30/74) ─홀드 (+0.000)
    BB 4,230~4,630원 현재 4,575원 ─홀드 (+0.000)  ← 상단근접 [────────●─] 86%
    DC  ─홀드  ← 미보유 또는 청산 조건 미해당 (+0.000)
    거래량  MA25대비 0.07x  〰(neutral) (+0.0000)  ← 임계 미달 (기준 ≥1.2/≤0.7x) → 중립
2026-07-08 13:20:00.286 | INFO     | stock_bot.news.crawler:fetch_naver_news:165 - news relevance filter: 5 → 1 (제외 4건) [006360]
2026-07-08 13:20:00.287 | INFO     | stock_bot.news.crawler:fetch_naver_news:170 - fetched 1 news items for 006360
2026-07-08 13:20:00.292 | DEBUG    | stock_bot.live.runner:_news_tick:616 - news 006360 new=0/1 (모두 중복)
2026-07-08 13:20:00.490 | INFO     | stock_bot.news.crawler:fetch_naver_news:165 - news relevance filter: 5 → 1 (제외 4건) [010960]
2026-07-08 13:20:00.491 | INFO     | stock_bot.news.crawler:fetch_naver_news:170 - fetched 1 news items for 010960
2026-07-08 13:20:00.496 | DEBUG    | stock_bot.live.runner:_news_tick:616 - news 010960 new=0/1 (모두 중복)
2026-07-08 13:20:02.922 | INFO     | stock_bot.live.runner:_tick:1243 - 006360 GS건설 [ensemble] HOLD score=+0.45 B2/S0 | 현재가 28,200원 | 손절 -3.59%(ATR)
    VWAP 28,834원 -2.20% ▲매수 (+0.250)
    ST 상승추세 ─홀드 (+0.000)
    RSI 33.6 (기준 30/74) ─홀드 (+0.000)
    BB 28,174~28,994원 현재 28,200원 ▲매수 (+0.250)
    DC  ─홀드  ← 미보유 또는 청산 조건 미해당 (+0.000)
    거래량  MA25대비 0.29x  ▼(penalty) (-0.0500)  ← 점수 조정 -0.0500
    뉴스  bias=+0.000 (2건)
2026-07-08 13:20:05.105 | INFO     | stock_bot.live.runner:_tick:1243 - 010960 삼호개발 [ensemble] HOLD score=+0.00 B0/S0 | 현재가 4,470원 | 손절 -4.00%(ATR)
    VWAP 4,402원 +1.54% ─홀드 (+0.000)
    ST 상승추세 ─홀드 (+0.000)
    RSI 54.3 (기준 30/74) ─홀드 (+0.000)
    BB 4,244~4,617원 현재 4,470원 ─홀드 (+0.000)  ← 중간 [──────●───] 61%
    DC  ─홀드  ← 미보유 또는 청산 조건 미해당 (+0.000)
    거래량  MA25대비 0.00x  〰(neutral) (+0.0000)  ← 임계 미달 (기준 ≥1.2/≤0.7x) → 중립
2026-07-08 13:25:00.294 | INFO     | stock_bot.news.crawler:fetch_naver_news:165 - news relevance filter: 5 → 1 (제외 4건) [006360]
2026-07-08 13:25:00.295 | INFO     | stock_bot.news.crawler:fetch_naver_news:170 - fetched 1 news items for 006360
2026-07-08 13:25:00.300 | DEBUG    | stock_bot.live.runner:_news_tick:616 - news 006360 new=0/1 (모두 중복)
2026-07-08 13:25:00.489 | INFO     | stock_bot.news.crawler:fetch_naver_news:165 - news relevance filter: 5 → 1 (제외 4건) [010960]
2026-07-08 13:25:00.490 | INFO     | stock_bot.news.crawler:fetch_naver_news:170 - fetched 1 news items for 010960
2026-07-08 13:25:00.495 | DEBUG    | stock_bot.live.runner:_news_tick:616 - news 010960 new=0/1 (모두 중복)
2026-07-08 13:25:02.661 | INFO     | stock_bot.live.runner:_tick:1243 - 006360 GS건설 [ensemble] HOLD score=+0.20 B1/S0 | 현재가 28,200원 | 손절 -3.51%(ATR)
    VWAP 28,806원 -2.10% ▲매수 (+0.250)
    ST 상승추세 ─홀드 (+0.000)
    RSI 33.4 (기준 30/74) ─홀드 (+0.000)
    BB 28,119~28,999원 현재 28,200원 ─홀드 (+0.000)  ← 하단근접 [●─────────] 9%
    DC  ─홀드  ← 미보유 또는 청산 조건 미해당 (+0.000)
    거래량  MA25대비 0.00x  ▼(penalty) (-0.0500)  ← 점수 조정 -0.0500
    뉴스  bias=+0.000 (2건)
2026-07-08 13:25:04.622 | INFO     | stock_bot.live.runner:_tick:1243 - 010960 삼호개발 [ensemble] HOLD score=+0.00 B0/S0 | 현재가 4,550원 | 손절 -4.00%(ATR)
    VWAP 4,404원 +3.32% ─홀드 (+0.000)
    ST 상승추세 ─홀드 (+0.000)
    RSI 56.8 (기준 30/74) ─홀드 (+0.000)
    BB 4,241~4,628원 현재 4,550원 ─홀드 (+0.000)  ← 상단근접 [───────●──] 80%
    DC  ─홀드  ← 미보유 또는 청산 조건 미해당 (+0.000)
    거래량  MA25대비 0.02x  〰(neutral) (+0.0000)  ← 임계 미달 (기준 ≥1.2/≤0.7x) → 중립
2026-07-08 13:30:00.347 | INFO     | stock_bot.news.crawler:fetch_naver_news:165 - news relevance filter: 5 → 1 (제외 4건) [006360]
2026-07-08 13:30:00.348 | INFO     | stock_bot.news.crawler:fetch_naver_news:170 - fetched 1 news items for 006360
2026-07-08 13:30:00.353 | DEBUG    | stock_bot.live.runner:_news_tick:616 - news 006360 new=0/1 (모두 중복)
2026-07-08 13:30:00.549 | INFO     | stock_bot.news.crawler:fetch_naver_news:165 - news relevance filter: 5 → 1 (제외 4건) [010960]
2026-07-08 13:30:00.550 | INFO     | stock_bot.news.crawler:fetch_naver_news:170 - fetched 1 news items for 010960
2026-07-08 13:30:00.555 | DEBUG    | stock_bot.live.runner:_news_tick:616 - news 010960 new=0/1 (모두 중복)
2026-07-08 13:30:02.521 | INFO     | stock_bot.live.runner:_tick:1243 - 006360 GS건설 [ensemble] HOLD score=+0.20 B1/S0 | 현재가 28,125원 | 손절 -3.51%(ATR)
    VWAP 28,793원 -2.32% ▲매수 (+0.250)
    ST 하락추세 ─홀드 (+0.000)
    RSI 32.8 (기준 30/74) ─홀드 (+0.000)
    BB 28,033~29,022원 현재 28,125원 ─홀드 (+0.000)  ← 하단근접 [●─────────] 9%
    DC  ─홀드  ← 미보유 또는 청산 조건 미해당 (+0.000)
    거래량  MA25대비 0.09x  ▼(penalty) (-0.0500)  ← 점수 조정 -0.0500
    뉴스  bias=+0.000 (2건)
2026-07-08 13:30:04.474 | INFO     | stock_bot.live.runner:_tick:1243 - 010960 삼호개발 [ensemble] HOLD score=+0.00 B0/S0 | 현재가 4,495원 | 손절 -4.00%(ATR)
    VWAP 4,405원 +2.05% ─홀드 (+0.000)
    ST 상승추세 ─홀드 (+0.000)
    RSI 54.7 (기준 30/74) ─홀드 (+0.000)
    BB 4,249~4,606원 현재 4,495원 ─홀드 (+0.000)  ← 중간 [──────●───] 69%
    DC  ─홀드  ← 미보유 또는 청산 조건 미해당 (+0.000)
    거래량  MA25대비 0.00x  〰(neutral) (+0.0000)  ← 임계 미달 (기준 ≥1.2/≤0.7x) → 중립
2026-07-08 13:35:00.295 | INFO     | stock_bot.news.crawler:fetch_naver_news:165 - news relevance filter: 5 → 1 (제외 4건) [006360]
2026-07-08 13:35:00.296 | INFO     | stock_bot.news.crawler:fetch_naver_news:170 - fetched 1 news items for 006360
2026-07-08 13:35:00.302 | DEBUG    | stock_bot.live.runner:_news_tick:616 - news 006360 new=0/1 (모두 중복)
2026-07-08 13:35:00.500 | INFO     | stock_bot.news.crawler:fetch_naver_news:165 - news relevance filter: 5 → 1 (제외 4건) [010960]
2026-07-08 13:35:00.501 | INFO     | stock_bot.news.crawler:fetch_naver_news:170 - fetched 1 news items for 010960
2026-07-08 13:35:00.506 | DEBUG    | stock_bot.live.runner:_news_tick:616 - news 010960 new=0/1 (모두 중복)
2026-07-08 13:35:02.541 | INFO     | stock_bot.live.runner:_tick:1243 - 006360 GS건설 [ensemble] HOLD score=+0.20 B1/S0 | 현재가 28,150원 | 손절 -3.50%(ATR)
    VWAP 28,756원 -2.11% ▲매수 (+0.250)
    ST 하락추세 ─홀드 (+0.000)
    RSI 33.7 (기준 30/74) ─홀드 (+0.000)
    BB 27,984~29,021원 현재 28,150원 ─홀드 (+0.000)  ← 하단근접 [─●────────] 16%
    DC  ─홀드  ← 미보유 또는 청산 조건 미해당 (+0.000)
    거래량  MA25대비 0.01x  ▼(penalty) (-0.0500)  ← 점수 조정 -0.0500
    뉴스  bias=+0.000 (2건)
2026-07-08 13:35:04.477 | INFO     | stock_bot.live.runner:_tick:1243 - 010960 삼호개발 [ensemble] HOLD score=+0.20 B1/S0 | 현재가 4,360원 | 손절 -4.00%(ATR)
    VWAP 4,405원 -1.01% ▲매수 (+0.250)
    ST 상승추세 ─홀드 (+0.000)
    RSI 49.4 (기준 30/74) ─홀드 (+0.000)
    BB 4,238~4,599원 현재 4,360원 ─홀드 (+0.000)  ← 중간 [───●──────] 34%
    DC  ─홀드  ← 미보유 또는 청산 조건 미해당 (+0.000)
    거래량  MA25대비 0.00x  ▼(penalty) (-0.0500)  ← 점수 조정 -0.0500
2026-07-08 13:40:00.273 | INFO     | stock_bot.news.crawler:fetch_naver_news:165 - news relevance filter: 5 → 1 (제외 4건) [006360]
2026-07-08 13:40:00.274 | INFO     | stock_bot.news.crawler:fetch_naver_news:170 - fetched 1 news items for 006360
2026-07-08 13:40:00.279 | DEBUG    | stock_bot.live.runner:_news_tick:616 - news 006360 new=0/1 (모두 중복)
2026-07-08 13:40:00.471 | INFO     | stock_bot.news.crawler:fetch_naver_news:165 - news relevance filter: 5 → 1 (제외 4건) [010960]
2026-07-08 13:40:00.472 | INFO     | stock_bot.news.crawler:fetch_naver_news:170 - fetched 1 news items for 010960
2026-07-08 13:40:00.477 | DEBUG    | stock_bot.live.runner:_news_tick:616 - news 010960 new=0/1 (모두 중복)
2026-07-08 13:40:19.401 | INFO     | stock_bot.live.runner:_tick:1243 - 006360 GS건설 [ensemble] HOLD score=+0.45 B2/S0 | 현재가 27,950원 | 손절 -3.75%(ATR)
    VWAP 28,726원 -2.70% ▲매수 (+0.250)
    ST 하락추세 ─홀드 (+0.000)
    RSI 28.8 (기준 30/74) ▲매수 (+0.250)
    BB 27,873~29,040원 현재 27,950원 ─홀드 (+0.000)  ← 하단근접 [●─────────] 7%
    DC  ─홀드  ← 미보유 또는 청산 조건 미해당 (+0.000)
    거래량  MA25대비 0.01x  ▼(penalty) (-0.0500)  ← 점수 조정 -0.0500
    뉴스  bias=+0.000 (2건)
2026-07-08 13:40:31.743 | INFO     | stock_bot.live.runner:_tick:1243 - 010960 삼호개발 [ensemble] HOLD score=+0.20 B1/S0 | 현재가 4,370원 | 손절 -4.00%(ATR)
    VWAP 4,404원 -0.78% ▲매수 (+0.250)
    ST 상승추세 ─홀드 (+0.000)
    RSI 49.8 (기준 30/74) ─홀드 (+0.000)
    BB 4,234~4,599원 현재 4,370원 ─홀드 (+0.000)  ← 중간 [───●──────] 37%
    DC  ─홀드  ← 미보유 또는 청산 조건 미해당 (+0.000)
    거래량  MA25대비 0.01x  ▼(penalty) (-0.0500)  ← 점수 조정 -0.0500
2026-07-08 13:45:00.352 | INFO     | stock_bot.news.crawler:fetch_naver_news:165 - news relevance filter: 5 → 1 (제외 4건) [006360]
2026-07-08 13:45:00.353 | INFO     | stock_bot.news.crawler:fetch_naver_news:170 - fetched 1 news items for 006360
2026-07-08 13:45:00.358 | DEBUG    | stock_bot.live.runner:_news_tick:616 - news 006360 new=0/1 (모두 중복)
2026-07-08 13:45:00.562 | INFO     | stock_bot.news.crawler:fetch_naver_news:165 - news relevance filter: 5 → 1 (제외 4건) [010960]
2026-07-08 13:45:00.563 | INFO     | stock_bot.news.crawler:fetch_naver_news:170 - fetched 1 news items for 010960
2026-07-08 13:45:00.568 | DEBUG    | stock_bot.live.runner:_news_tick:616 - news 010960 new=0/1 (모두 중복)
2026-07-08 13:45:18.717 | INFO     | stock_bot.live.runner:_tick:1243 - 006360 GS건설 [ensemble] HOLD score=+0.45 B2/S0 | 현재가 27,950원 | 손절 -3.91%(ATR)
    VWAP 28,707원 -2.64% ▲매수 (+0.250)
    ST 하락추세 ─홀드 (+0.000)
    RSI 28.9 (기준 30/74) ▲매수 (+0.250)
    BB 27,816~29,027원 현재 27,950원 ─홀드 (+0.000)  ← 하단근접 [─●────────] 11%
    DC  ─홀드  ← 미보유 또는 청산 조건 미해당 (+0.000)
    거래량  MA25대비 0.02x  ▼(penalty) (-0.0500)  ← 점수 조정 -0.0500
    뉴스  bias=+0.000 (2건)
2026-07-08 13:45:20.214 | INFO     | stock_bot.live.runner:_tick:1243 - 010960 삼호개발 [ensemble] HOLD score=+0.20 B1/S0 | 현재가 4,315원 | 손절 -4.00%(ATR)
    VWAP 4,404원 -2.01% ▲매수 (+0.250)
    ST 상승추세 ─홀드 (+0.000)
    RSI 47.8 (기준 30/74) ─홀드 (+0.000)
    BB 4,224~4,602원 현재 4,315원 ─홀드 (+0.000)  ← 하단근접 [──●───────] 24%
    DC  ─홀드  ← 미보유 또는 청산 조건 미해당 (+0.000)
    거래량  MA25대비 0.02x  ▼(penalty) (-0.0500)  ← 점수 조정 -0.0500
2026-07-08 13:50:00.301 | INFO     | stock_bot.news.crawler:fetch_naver_news:165 - news relevance filter: 5 → 1 (제외 4건) [006360]
2026-07-08 13:50:00.302 | INFO     | stock_bot.news.crawler:fetch_naver_news:170 - fetched 1 news items for 006360
2026-07-08 13:50:00.308 | DEBUG    | stock_bot.live.runner:_news_tick:616 - news 006360 new=0/1 (모두 중복)
2026-07-08 13:50:00.510 | INFO     | stock_bot.news.crawler:fetch_naver_news:165 - news relevance filter: 5 → 1 (제외 4건) [010960]
2026-07-08 13:50:00.511 | INFO     | stock_bot.news.crawler:fetch_naver_news:170 - fetched 1 news items for 010960
2026-07-08 13:50:00.516 | DEBUG    | stock_bot.live.runner:_news_tick:616 - news 010960 new=0/1 (모두 중복)
2026-07-08 13:50:02.746 | INFO     | stock_bot.live.runner:_tick:1243 - 006360 GS건설 [ensemble] HOLD score=+0.45 B2/S0 | 현재가 27,950원 | 손절 -3.93%(ATR)
    VWAP 28,699원 -2.61% ▲매수 (+0.250)
    ST 하락추세 ─홀드 (+0.000)
    RSI 28.9 (기준 30/74) ▲매수 (+0.250)
    BB 27,771~28,996원 현재 27,950원 ─홀드 (+0.000)  ← 하단근접 [─●────────] 15%
    DC  ─홀드  ← 미보유 또는 청산 조건 미해당 (+0.000)
    거래량  5주  MA25대비 0.00x  [거래 저조 (≤0.7x)]  ← 필터 활성 중 (봉 부족 59/26)
    뉴스  bias=+0.000 (2건)
2026-07-08 13:50:04.720 | INFO     | stock_bot.live.runner:_tick:1243 - 010960 삼호개발 [ensemble] HOLD score=+0.20 B1/S0 | 현재가 4,310원 | 손절 -4.00%(ATR)
    VWAP 4,403원 -2.10% ▲매수 (+0.250)
    ST 상승추세 ─홀드 (+0.000)
    RSI 47.6 (기준 30/74) ─홀드 (+0.000)
    BB 4,215~4,604원 현재 4,310원 ─홀드 (+0.000)  ← 하단근접 [──●───────] 24%
    DC  ─홀드  ← 미보유 또는 청산 조건 미해당 (+0.000)
    거래량  MA25대비 0.00x  ▼(penalty) (-0.0500)  ← 점수 조정 -0.0500
2026-07-08 13:55:00.307 | INFO     | stock_bot.news.crawler:fetch_naver_news:165 - news relevance filter: 5 → 1 (제외 4건) [006360]
2026-07-08 13:55:00.308 | INFO     | stock_bot.news.crawler:fetch_naver_news:170 - fetched 1 news items for 006360
2026-07-08 13:55:00.314 | DEBUG    | stock_bot.live.runner:_news_tick:616 - news 006360 new=0/1 (모두 중복)
2026-07-08 13:55:00.524 | INFO     | stock_bot.news.crawler:fetch_naver_news:165 - news relevance filter: 5 → 1 (제외 4건) [010960]
2026-07-08 13:55:00.525 | INFO     | stock_bot.news.crawler:fetch_naver_news:170 - fetched 1 news items for 010960
2026-07-08 13:55:00.530 | DEBUG    | stock_bot.live.runner:_news_tick:616 - news 010960 new=0/1 (모두 중복)
2026-07-08 13:55:02.764 | INFO     | stock_bot.live.runner:_tick:1243 - 006360 GS건설 [ensemble] HOLD score=+0.45 B2/S0 | 현재가 27,750원 | 손절 -3.98%(ATR)
    VWAP 28,680원 -3.24% ▲매수 (+0.250)
    ST 하락추세 ─홀드 (+0.000)
    RSI 25.6 (기준 30/74) ▲매수 (+0.250)
    BB 27,644~29,003원 현재 27,750원 ─홀드 (+0.000)  ← 하단근접 [●─────────] 8%
    DC  ─홀드  ← 미보유 또는 청산 조건 미해당 (+0.000)
    거래량  MA25대비 0.00x  ▼(penalty) (-0.0500)  ← 점수 조정 -0.0500
    뉴스  bias=+0.000 (2건)
2026-07-08 13:55:04.694 | INFO     | stock_bot.live.runner:_tick:1243 - 010960 삼호개발 [ensemble] HOLD score=+0.20 B1/S0 | 현재가 4,335원 | 손절 -4.00%(ATR)
    VWAP 4,402원 -1.53% ▲매수 (+0.250)
    ST 상승추세 ─홀드 (+0.000)
    RSI 48.7 (기준 30/74) ─홀드 (+0.000)
    BB 4,218~4,603원 현재 4,335원 ─홀드 (+0.000)  ← 중간 [───●──────] 30%
    DC  ─홀드  ← 미보유 또는 청산 조건 미해당 (+0.000)
    거래량  MA25대비 0.00x  ▼(penalty) (-0.0500)  ← 점수 조정 -0.0500
2026-07-08 14:00:00.355 | INFO     | stock_bot.news.crawler:fetch_naver_news:165 - news relevance filter: 5 → 1 (제외 4건) [006360]
2026-07-08 14:00:00.356 | INFO     | stock_bot.news.crawler:fetch_naver_news:170 - fetched 1 news items for 006360
2026-07-08 14:00:00.361 | DEBUG    | stock_bot.live.runner:_news_tick:616 - news 006360 new=0/1 (모두 중복)
2026-07-08 14:00:00.577 | INFO     | stock_bot.news.crawler:fetch_naver_news:165 - news relevance filter: 5 → 1 (제외 4건) [010960]
2026-07-08 14:00:00.577 | INFO     | stock_bot.news.crawler:fetch_naver_news:170 - fetched 1 news items for 010960
2026-07-08 14:00:00.582 | DEBUG    | stock_bot.live.runner:_news_tick:616 - news 010960 new=0/1 (모두 중복)
2026-07-08 14:00:26.132 | INFO     | stock_bot.live.runner:_tick:1243 - 006360 GS건설 [ensemble] HOLD score=+0.20 B1/S0 | 현재가 28,150원 | 손절 -4.00%(ATR)
    VWAP 28,660원 -1.78% ▲매수 (+0.250)
    ST 하락추세 ─홀드 (+0.000)
    RSI 40.2 (기준 30/74) ─홀드 (+0.000)
    BB 27,709~28,899원 현재 28,150원 ─홀드 (+0.000)  ← 중간 [───●──────] 37%
    DC  ─홀드  ← 미보유 또는 청산 조건 미해당 (+0.000)
    거래량  MA25대비 0.07x  ▼(penalty) (-0.0500)  ← 점수 조정 -0.0500
    뉴스  bias=+0.000 (2건)
2026-07-08 14:00:46.120 | INFO     | stock_bot.live.runner:_tick:1243 - 010960 삼호개발 [ensemble] HOLD score=+0.20 B1/S0 | 현재가 4,360원 | 손절 -4.00%(ATR)
    VWAP 4,402원 -0.95% ▲매수 (+0.250)
    ST 상승추세 ─홀드 (+0.000)
    RSI 49.7 (기준 30/74) ─홀드 (+0.000)
    BB 4,230~4,601원 현재 4,360원 ─홀드 (+0.000)  ← 중간 [───●──────] 35%
    DC  ─홀드  ← 미보유 또는 청산 조건 미해당 (+0.000)
    거래량  MA25대비 0.04x  ▼(penalty) (-0.0500)  ← 점수 조정 -0.0500
2026-07-08 14:05:00.300 | INFO     | stock_bot.news.crawler:fetch_naver_news:165 - news relevance filter: 5 → 1 (제외 4건) [006360]
2026-07-08 14:05:00.300 | INFO     | stock_bot.news.crawler:fetch_naver_news:170 - fetched 1 news items for 006360
2026-07-08 14:05:00.306 | DEBUG    | stock_bot.live.runner:_news_tick:616 - news 006360 new=0/1 (모두 중복)
2026-07-08 14:05:00.508 | INFO     | stock_bot.news.crawler:fetch_naver_news:165 - news relevance filter: 5 → 1 (제외 4건) [010960]
2026-07-08 14:05:00.509 | INFO     | stock_bot.news.crawler:fetch_naver_news:170 - fetched 1 news items for 010960
2026-07-08 14:05:00.514 | DEBUG    | stock_bot.live.runner:_news_tick:616 - news 010960 new=0/1 (모두 중복)
2026-07-08 14:05:14.441 | INFO     | stock_bot.live.runner:_tick:1243 - 006360 GS건설 [ensemble] HOLD score=+0.20 B1/S0 | 현재가 27,950원 | 손절 -4.00%(ATR)
    VWAP 28,649원 -2.44% ▲매수 (+0.250)
    ST 하락추세 ─홀드 (+0.000)
    RSI 35.4 (기준 30/74) ─홀드 (+0.000)
    BB 27,661~28,836원 현재 27,950원 ─홀드 (+0.000)  ← 하단근접 [──●───────] 25%
    DC  ─홀드  ← 미보유 또는 청산 조건 미해당 (+0.000)
    거래량  MA25대비 0.06x  ▼(penalty) (-0.0500)  ← 점수 조정 -0.0500
    뉴스  bias=+0.000 (2건)
2026-07-08 14:05:16.014 | INFO     | stock_bot.live.runner:_tick:1243 - 010960 삼호개발 [ensemble] HOLD score=+0.00 B0/S0 | 현재가 4,380원 | 손절 -4.00%(ATR)
    VWAP 4,402원 -0.50% ─홀드 (+0.000)
    ST 상승추세 ─홀드 (+0.000)
    RSI 50.3 (기준 30/74) ─홀드 (+0.000)
    BB 4,239~4,599원 현재 4,380원 ─홀드 (+0.000)  ← 중간 [───●──────] 39%
    DC  ─홀드  ← 미보유 또는 청산 조건 미해당 (+0.000)
    거래량  MA25대비 0.00x  〰(neutral) (+0.0000)  ← 임계 미달 (기준 ≥1.2/≤0.7x) → 중립
2026-07-08 14:10:00.287 | INFO     | stock_bot.news.crawler:fetch_naver_news:165 - news relevance filter: 5 → 1 (제외 4건) [006360]
2026-07-08 14:10:00.288 | INFO     | stock_bot.news.crawler:fetch_naver_news:170 - fetched 1 news items for 006360
2026-07-08 14:10:00.294 | DEBUG    | stock_bot.live.runner:_news_tick:616 - news 006360 new=0/1 (모두 중복)
2026-07-08 14:10:00.506 | INFO     | stock_bot.news.crawler:fetch_naver_news:165 - news relevance filter: 5 → 1 (제외 4건) [010960]
2026-07-08 14:10:00.507 | INFO     | stock_bot.news.crawler:fetch_naver_news:170 - fetched 1 news items for 010960
2026-07-08 14:10:00.513 | DEBUG    | stock_bot.live.runner:_news_tick:616 - news 010960 new=0/1 (모두 중복)
2026-07-08 14:10:18.668 | INFO     | stock_bot.live.runner:_tick:1243 - 006360 GS건설 [ensemble] HOLD score=+0.20 B1/S0 | 현재가 27,850원 | 손절 -4.00%(ATR)
    VWAP 28,635원 -2.74% ▲매수 (+0.250)
    ST 하락추세 ─홀드 (+0.000)
    RSI 36.7 (기준 30/74) ─홀드 (+0.000)
    BB 27,658~28,764원 현재 27,850원 ─홀드 (+0.000)  ← 하단근접 [─●────────] 17%
    DC  ─홀드  ← 미보유 또는 청산 조건 미해당 (+0.000)
    거래량  MA25대비 0.24x  ▼(penalty) (-0.0500)  ← 점수 조정 -0.0500
    뉴스  bias=+0.000 (2건)
2026-07-08 14:10:30.259 | INFO     | stock_bot.live.runner:_tick:1243 - 010960 삼호개발 [ensemble] HOLD score=+0.20 B1/S0 | 현재가 4,335원 | 손절 -4.00%(ATR)
    VWAP 4,402원 -1.51% ▲매수 (+0.250)
    ST 상승추세 ─홀드 (+0.000)
    RSI 48.6 (기준 30/74) ─홀드 (+0.000)
    BB 4,239~4,598원 현재 4,335원 ─홀드 (+0.000)  ← 중간 [──●───────] 27%
    DC  ─홀드  ← 미보유 또는 청산 조건 미해당 (+0.000)
    거래량  MA25대비 0.01x  ▼(penalty) (-0.0500)  ← 점수 조정 -0.0500
2026-07-08 14:15:00.347 | INFO     | stock_bot.news.crawler:fetch_naver_news:165 - news relevance filter: 5 → 1 (제외 4건) [006360]
2026-07-08 14:15:00.348 | INFO     | stock_bot.news.crawler:fetch_naver_news:170 - fetched 1 news items for 006360
2026-07-08 14:15:00.353 | DEBUG    | stock_bot.live.runner:_news_tick:616 - news 006360 new=0/1 (모두 중복)
2026-07-08 14:15:00.562 | INFO     | stock_bot.news.crawler:fetch_naver_news:165 - news relevance filter: 5 → 1 (제외 4건) [010960]
2026-07-08 14:15:00.563 | INFO     | stock_bot.news.crawler:fetch_naver_news:170 - fetched 1 news items for 010960
2026-07-08 14:15:00.568 | DEBUG    | stock_bot.live.runner:_news_tick:616 - news 010960 new=0/1 (모두 중복)
2026-07-08 14:15:17.507 | INFO     | stock_bot.live.runner:_tick:1243 - 006360 GS건설 [ensemble] HOLD score=+0.20 B1/S0 | 현재가 27,850원 | 손절 -4.00%(ATR)
    VWAP 28,625원 -2.71% ▲매수 (+0.250)
    ST 하락추세 ─홀드 (+0.000)
    RSI 35.9 (기준 30/74) ─홀드 (+0.000)
    BB 27,661~28,676원 현재 27,850원 ─홀드 (+0.000)  ← 하단근접 [─●────────] 19%
    DC  ─홀드  ← 미보유 또는 청산 조건 미해당 (+0.000)
    거래량  MA25대비 0.02x  ▼(penalty) (-0.0500)  ← 점수 조정 -0.0500
    뉴스  bias=+0.000 (2건)
2026-07-08 14:15:26.120 | INFO     | stock_bot.live.runner:_tick:1243 - 010960 삼호개발 [ensemble] HOLD score=+0.20 B1/S0 | 현재가 4,320원 | 손절 -4.00%(ATR)
    VWAP 4,401원 -1.85% ▲매수 (+0.250)
    ST 상승추세 ─홀드 (+0.000)
    RSI 48.2 (기준 30/74) ─홀드 (+0.000)
    BB 4,233~4,600원 현재 4,320원 ─홀드 (+0.000)  ← 하단근접 [──●───────] 24%
    DC  ─홀드  ← 미보유 또는 청산 조건 미해당 (+0.000)
    거래량  MA25대비 0.02x  ▼(penalty) (-0.0500)  ← 점수 조정 -0.0500
2026-07-08 14:20:00.273 | INFO     | stock_bot.news.crawler:fetch_naver_news:165 - news relevance filter: 5 → 1 (제외 4건) [006360]
2026-07-08 14:20:00.274 | INFO     | stock_bot.news.crawler:fetch_naver_news:170 - fetched 1 news items for 006360
2026-07-08 14:20:00.280 | DEBUG    | stock_bot.live.runner:_news_tick:616 - news 006360 new=0/1 (모두 중복)
2026-07-08 14:20:00.490 | INFO     | stock_bot.news.crawler:fetch_naver_news:165 - news relevance filter: 5 → 1 (제외 4건) [010960]
2026-07-08 14:20:00.491 | INFO     | stock_bot.news.crawler:fetch_naver_news:170 - fetched 1 news items for 010960
2026-07-08 14:20:00.496 | DEBUG    | stock_bot.live.runner:_news_tick:616 - news 010960 new=0/1 (모두 중복)
2026-07-08 14:20:02.622 | INFO     | stock_bot.live.runner:_tick:1243 - 006360 GS건설 [ensemble] HOLD score=+0.20 B1/S0 | 현재가 27,900원 | 손절 -4.00%(ATR)
    VWAP 28,620원 -2.51% ▲매수 (+0.250)
    ST 하락추세 ─홀드 (+0.000)
    RSI 37.5 (기준 30/74) ─홀드 (+0.000)
    BB 27,674~28,583원 현재 27,900원 ─홀드 (+0.000)  ← 하단근접 [──●───────] 25%
    DC  ─홀드  ← 미보유 또는 청산 조건 미해당 (+0.000)
    거래량  MA25대비 0.00x  ▼(penalty) (-0.0500)  ← 점수 조정 -0.0500
    뉴스  bias=+0.000 (2건)
2026-07-08 14:20:04.586 | INFO     | stock_bot.live.runner:_tick:1243 - 010960 삼호개발 [ensemble] HOLD score=+0.20 B1/S0 | 현재가 4,295원 | 손절 -4.00%(ATR)
    VWAP 4,400원 -2.40% ▲매수 (+0.250)
    ST 상승추세 ─홀드 (+0.000)
    RSI 46.6 (기준 30/74) ─홀드 (+0.000)
    BB 4,215~4,598원 현재 4,295원 ─홀드 (+0.000)  ← 하단근접 [──●───────] 21%
    DC  ─홀드  ← 미보유 또는 청산 조건 미해당 (+0.000)
    거래량  MA25대비 0.00x  ▼(penalty) (-0.0500)  ← 점수 조정 -0.0500
2026-07-08 14:25:00.300 | INFO     | stock_bot.news.crawler:fetch_naver_news:165 - news relevance filter: 5 → 1 (제외 4건) [006360]
2026-07-08 14:25:00.301 | INFO     | stock_bot.news.crawler:fetch_naver_news:170 - fetched 1 news items for 006360
2026-07-08 14:25:00.306 | DEBUG    | stock_bot.live.runner:_news_tick:616 - news 006360 new=0/1 (모두 중복)
2026-07-08 14:25:00.502 | INFO     | stock_bot.news.crawler:fetch_naver_news:165 - news relevance filter: 5 → 1 (제외 4건) [010960]
2026-07-08 14:25:00.503 | INFO     | stock_bot.news.crawler:fetch_naver_news:170 - fetched 1 news items for 010960
2026-07-08 14:25:00.508 | DEBUG    | stock_bot.live.runner:_news_tick:616 - news 010960 new=0/1 (모두 중복)
2026-07-08 14:25:19.098 | INFO     | stock_bot.live.runner:_tick:1243 - 006360 GS건설 [ensemble] HOLD score=+0.20 B1/S0 | 현재가 27,800원 | 손절 -4.00%(ATR)
    VWAP 28,610원 -2.83% ▲매수 (+0.250)
    ST 하락추세 ─홀드 (+0.000)
    RSI 35.0 (기준 30/74) ─홀드 (+0.000)
    BB 27,643~28,529원 현재 27,800원 ─홀드 (+0.000)  ← 하단근접 [─●────────] 18%
    DC  ─홀드  ← 미보유 또는 청산 조건 미해당 (+0.000)
    거래량  MA25대비 0.00x  ▼(penalty) (-0.0500)  ← 점수 조정 -0.0500
    뉴스  bias=+0.000 (2건)
2026-07-08 14:25:29.442 | INFO     | stock_bot.live.runner:_tick:1243 - 010960 삼호개발 [ensemble] HOLD score=+0.20 B1/S0 | 현재가 4,285원 | 손절 -4.00%(ATR)
    VWAP 4,400원 -2.62% ▲매수 (+0.250)
    ST 상승추세 ─홀드 (+0.000)
    RSI 46.2 (기준 30/74) ─홀드 (+0.000)
    BB 4,202~4,597원 현재 4,285원 ─홀드 (+0.000)  ← 하단근접 [──●───────] 21%
    DC  ─홀드  ← 미보유 또는 청산 조건 미해당 (+0.000)
    거래량  MA25대비 0.02x  ▼(penalty) (-0.0500)  ← 점수 조정 -0.0500
2026-07-08 14:30:00.378 | INFO     | stock_bot.news.crawler:fetch_naver_news:165 - news relevance filter: 7 → 1 (제외 6건) [006360]
2026-07-08 14:30:00.380 | INFO     | stock_bot.news.crawler:fetch_naver_news:170 - fetched 1 news items for 006360
2026-07-08 14:30:00.385 | DEBUG    | stock_bot.live.runner:_news_tick:616 - news 006360 new=0/1 (모두 중복)
2026-07-08 14:30:00.597 | INFO     | stock_bot.news.crawler:fetch_naver_news:165 - news relevance filter: 5 → 1 (제외 4건) [010960]
2026-07-08 14:30:00.599 | INFO     | stock_bot.news.crawler:fetch_naver_news:170 - fetched 1 news items for 010960
2026-07-08 14:30:00.604 | DEBUG    | stock_bot.live.runner:_news_tick:616 - news 010960 new=0/1 (모두 중복)
2026-07-08 14:30:18.353 | INFO     | stock_bot.live.runner:_tick:1243 - 006360 GS건설 [ensemble] HOLD score=+0.20 B1/S0 | 현재가 27,750원 | 손절 -4.00%(ATR)
    VWAP 28,599원 -2.97% ▲매수 (+0.250)
    ST 하락추세 ─홀드 (+0.000)
    RSI 34.2 (기준 30/74) ─홀드 (+0.000)
    BB 27,610~28,488원 현재 27,750원 ─홀드 (+0.000)  ← 하단근접 [─●────────] 16%
    DC  ─홀드  ← 미보유 또는 청산 조건 미해당 (+0.000)
    거래량  MA25대비 0.07x  ▼(penalty) (-0.0500)  ← 점수 조정 -0.0500
    뉴스  bias=+0.000 (2건)
2026-07-08 14:30:29.572 | INFO     | stock_bot.live.runner:_tick:1243 - 010960 삼호개발 [ensemble] HOLD score=+0.20 B1/S0 | 현재가 4,245원 | 손절 -4.00%(ATR)
    VWAP 4,399원 -3.49% ▲매수 (+0.250)
    ST 상승추세 ─홀드 (+0.000)
    RSI 44.7 (기준 30/74) ─홀드 (+0.000)
    BB 4,175~4,591원 현재 4,245원 ─홀드 (+0.000)  ← 하단근접 [─●────────] 17%
    DC  ─홀드  ← 미보유 또는 청산 조건 미해당 (+0.000)
    거래량  MA25대비 0.03x  ▼(penalty) (-0.0500)  ← 점수 조정 -0.0500
2026-07-08 14:35:00.288 | INFO     | stock_bot.news.crawler:fetch_naver_news:165 - news relevance filter: 7 → 1 (제외 6건) [006360]
2026-07-08 14:35:00.289 | INFO     | stock_bot.news.crawler:fetch_naver_news:170 - fetched 1 news items for 006360
2026-07-08 14:35:00.296 | DEBUG    | stock_bot.live.runner:_news_tick:616 - news 006360 new=0/1 (모두 중복)
2026-07-08 14:35:00.510 | INFO     | stock_bot.news.crawler:fetch_naver_news:165 - news relevance filter: 5 → 1 (제외 4건) [010960]
2026-07-08 14:35:00.511 | INFO     | stock_bot.news.crawler:fetch_naver_news:170 - fetched 1 news items for 010960
2026-07-08 14:35:00.517 | DEBUG    | stock_bot.live.runner:_news_tick:616 - news 010960 new=0/1 (모두 중복)
2026-07-08 14:35:02.614 | INFO     | stock_bot.live.runner:_tick:1243 - 006360 GS건설 [ensemble] HOLD score=+0.20 B1/S0 | 현재가 27,850원 | 손절 -4.00%(ATR)
    VWAP 28,581원 -2.56% ▲매수 (+0.250)
    ST 하락추세 ─홀드 (+0.000)
    RSI 37.3 (기준 30/74) ─홀드 (+0.000)
    BB 27,631~28,416원 현재 27,850원 ─홀드 (+0.000)  ← 중간 [──●───────] 28%
    DC  ─홀드  ← 미보유 또는 청산 조건 미해당 (+0.000)
    거래량  MA25대비 0.01x  ▼(penalty) (-0.0500)  ← 점수 조정 -0.0500
    뉴스  bias=+0.000 (2건)
2026-07-08 14:35:04.558 | INFO     | stock_bot.live.runner:_tick:1243 - 010960 삼호개발 [ensemble] HOLD score=+0.20 B1/S0 | 현재가 4,240원 | 손절 -4.00%(ATR)
    VWAP 4,398원 -3.59% ▲매수 (+0.250)
    ST 하락추세 ─홀드 (+0.000)
    RSI 44.6 (기준 30/74) ─홀드 (+0.000)
    BB 4,152~4,594원 현재 4,240원 ─홀드 (+0.000)  ← 하단근접 [─●────────] 20%
    DC  ─홀드  ← 미보유 또는 청산 조건 미해당 (+0.000)
    거래량  MA25대비 0.01x  ▼(penalty) (-0.0500)  ← 점수 조정 -0.0500
2026-07-08 14:40:00.302 | INFO     | stock_bot.news.crawler:fetch_naver_news:165 - news relevance filter: 7 → 1 (제외 6건) [006360]
2026-07-08 14:40:00.303 | INFO     | stock_bot.news.crawler:fetch_naver_news:170 - fetched 1 news items for 006360
2026-07-08 14:40:00.309 | DEBUG    | stock_bot.live.runner:_news_tick:616 - news 006360 new=0/1 (모두 중복)
2026-07-08 14:40:00.534 | INFO     | stock_bot.news.crawler:fetch_naver_news:165 - news relevance filter: 5 → 1 (제외 4건) [010960]
2026-07-08 14:40:00.535 | INFO     | stock_bot.news.crawler:fetch_naver_news:170 - fetched 1 news items for 010960
2026-07-08 14:40:00.540 | DEBUG    | stock_bot.live.runner:_news_tick:616 - news 010960 new=0/1 (모두 중복)
2026-07-08 14:40:19.266 | INFO     | stock_bot.live.runner:_tick:1243 - 006360 GS건설 [ensemble] HOLD score=+0.20 B1/S0 | 현재가 27,750원 | 손절 -4.00%(ATR)
    VWAP 28,569원 -2.87% ▲매수 (+0.250)
    ST 하락추세 ─홀드 (+0.000)
    RSI 36.3 (기준 30/74) ─홀드 (+0.000)
    BB 27,598~28,370원 현재 27,750원 ─홀드 (+0.000)  ← 하단근접 [─●────────] 20%
    DC  ─홀드  ← 미보유 또는 청산 조건 미해당 (+0.000)
    거래량  MA25대비 0.00x  ▼(penalty) (-0.0500)  ← 점수 조정 -0.0500
    뉴스  bias=+0.000 (2건)
2026-07-08 14:40:29.340 | INFO     | stock_bot.live.runner:_tick:1243 - 010960 삼호개발 [ensemble] HOLD score=+0.20 B1/S0 | 현재가 4,245원 | 손절 -4.00%(ATR)
    VWAP 4,396원 -3.44% ▲매수 (+0.250)
    ST 하락추세 ─홀드 (+0.000)
    RSI 44.9 (기준 30/74) ─홀드 (+0.000)
    BB 4,144~4,577원 현재 4,245원 ─홀드 (+0.000)  ← 하단근접 [──●───────] 23%
    DC  ─홀드  ← 미보유 또는 청산 조건 미해당 (+0.000)
    거래량  34주  MA25대비 0.00x  [거래 저조 (≤0.7x)]  ← 필터 활성 중 (봉 부족 69/26)
2026-07-08 14:45:00.372 | INFO     | stock_bot.news.crawler:fetch_naver_news:165 - news relevance filter: 7 → 1 (제외 6건) [006360]
2026-07-08 14:45:00.373 | INFO     | stock_bot.news.crawler:fetch_naver_news:170 - fetched 1 news items for 006360
2026-07-08 14:45:00.378 | DEBUG    | stock_bot.live.runner:_news_tick:616 - news 006360 new=0/1 (모두 중복)
2026-07-08 14:45:00.597 | INFO     | stock_bot.news.crawler:fetch_naver_news:165 - news relevance filter: 5 → 1 (제외 4건) [010960]
2026-07-08 14:45:00.598 | INFO     | stock_bot.news.crawler:fetch_naver_news:170 - fetched 1 news items for 010960
2026-07-08 14:45:00.603 | DEBUG    | stock_bot.live.runner:_news_tick:616 - news 010960 new=0/1 (모두 중복)
2026-07-08 14:45:02.581 | INFO     | stock_bot.live.runner:_tick:1243 - 006360 GS건설 [ensemble] HOLD score=+0.20 B1/S0 | 현재가 28,100원 | 손절 -4.00%(ATR)
    VWAP 28,557원 -1.60% ▲매수 (+0.250)
    ST 하락추세 ─홀드 (+0.000)
    RSI 45.7 (기준 30/74) ─홀드 (+0.000)
    BB 27,648~28,334원 현재 28,100원 ─홀드 (+0.000)  ← 중간 [──────●───] 66%
    DC  ─홀드  ← 미보유 또는 청산 조건 미해당 (+0.000)
    거래량  MA25대비 0.01x  ▼(penalty) (-0.0500)  ← 점수 조정 -0.0500
    뉴스  bias=+0.000 (2건)
2026-07-08 14:45:04.600 | INFO     | stock_bot.live.runner:_tick:1243 - 010960 삼호개발 [ensemble] HOLD score=+0.20 B1/S0 | 현재가 4,230원 | 손절 -4.00%(ATR)
    VWAP 4,396원 -3.77% ▲매수 (+0.250)
    ST 하락추세 ─홀드 (+0.000)
    RSI 44.1 (기준 30/74) ─홀드 (+0.000)
    BB 4,139~4,550원 현재 4,230원 ─홀드 (+0.000)  ← 하단근접 [──●───────] 22%
    DC  ─홀드  ← 미보유 또는 청산 조건 미해당 (+0.000)
    거래량  MA25대비 0.00x  ▼(penalty) (-0.0500)  ← 점수 조정 -0.0500
2026-07-08 14:50:00.306 | INFO     | stock_bot.news.crawler:fetch_naver_news:165 - news relevance filter: 7 → 1 (제외 6건) [006360]
2026-07-08 14:50:00.307 | INFO     | stock_bot.news.crawler:fetch_naver_news:170 - fetched 1 news items for 006360
2026-07-08 14:50:00.313 | DEBUG    | stock_bot.live.runner:_news_tick:616 - news 006360 new=0/1 (모두 중복)
2026-07-08 14:50:00.531 | INFO     | stock_bot.news.crawler:fetch_naver_news:165 - news relevance filter: 5 → 1 (제외 4건) [010960]
2026-07-08 14:50:00.532 | INFO     | stock_bot.news.crawler:fetch_naver_news:170 - fetched 1 news items for 010960
2026-07-08 14:50:00.538 | DEBUG    | stock_bot.live.runner:_news_tick:616 - news 010960 new=0/1 (모두 중복)
2026-07-08 14:50:18.600 | INFO     | stock_bot.live.runner:_tick:1243 - 006360 GS건설 [ensemble] HOLD score=+0.20 B1/S0 | 현재가 28,050원 | 손절 -4.00%(ATR)
    VWAP 28,547원 -1.74% ▲매수 (+0.250)
    ST 하락추세 ─홀드 (+0.000)
    RSI 45.0 (기준 30/74) ─홀드 (+0.000)
    BB 27,666~28,291원 현재 28,050원 ─홀드 (+0.000)  ← 중간 [──────●───] 61%
    DC  ─홀드  ← 미보유 또는 청산 조건 미해당 (+0.000)
    거래량  MA25대비 0.05x  ▼(penalty) (-0.0500)  ← 점수 조정 -0.0500
    뉴스  bias=+0.000 (2건)
2026-07-08 14:50:28.408 | INFO     | stock_bot.live.runner:_tick:1243 - 010960 삼호개발 [ensemble] HOLD score=+0.00 B0/S0 | 현재가 4,395원 | 손절 -4.00%(ATR)
    VWAP 4,395원 -0.01% ─홀드 (+0.000)
    ST 하락추세 ─홀드 (+0.000)
    RSI 53.1 (기준 30/74) ─홀드 (+0.000)
    BB 4,173~4,506원 현재 4,395원 ─홀드 (+0.000)  ← 중간 [──────●───] 67%
    DC  ─홀드  ← 미보유 또는 청산 조건 미해당 (+0.000)
    거래량  MA25대비 0.24x  〰(neutral) (+0.0000)  ← 임계 미달 (기준 ≥1.2/≤0.7x) → 중립
2026-07-08 14:55:00.315 | INFO     | stock_bot.news.crawler:fetch_naver_news:165 - news relevance filter: 7 → 1 (제외 6건) [006360]
2026-07-08 14:55:00.316 | INFO     | stock_bot.news.crawler:fetch_naver_news:170 - fetched 1 news items for 006360
2026-07-08 14:55:00.321 | DEBUG    | stock_bot.live.runner:_news_tick:616 - news 006360 new=0/1 (모두 중복)
2026-07-08 14:55:00.533 | INFO     | stock_bot.news.crawler:fetch_naver_news:165 - news relevance filter: 5 → 1 (제외 4건) [010960]
2026-07-08 14:55:00.534 | INFO     | stock_bot.news.crawler:fetch_naver_news:170 - fetched 1 news items for 010960
2026-07-08 14:55:00.540 | DEBUG    | stock_bot.live.runner:_news_tick:616 - news 010960 new=0/1 (모두 중복)
2026-07-08 14:55:14.172 | INFO     | stock_bot.live.runner:_tick:1243 - 006360 GS건설 [ensemble] HOLD score=+0.20 B1/S0 | 현재가 28,250원 | 손절 -4.00%(ATR)
    VWAP 28,542원 -1.02% ▲매수 (+0.250)
    ST 하락추세 ─홀드 (+0.000)
    RSI 49.3 (기준 30/74) ─홀드 (+0.000)
    BB 27,644~28,344원 현재 28,250원 ─홀드 (+0.000)  ← 상단근접 [────────●─] 87%
    DC  ─홀드  ← 미보유 또는 청산 조건 미해당 (+0.000)
    거래량  MA25대비 0.05x  ▼(penalty) (-0.0500)  ← 점수 조정 -0.0500
    뉴스  bias=+0.000 (2건)
2026-07-08 14:55:21.556 | INFO     | stock_bot.live.runner:_tick:1243 - 010960 삼호개발 [ensemble] HOLD score=+0.20 B1/S0 | 현재가 4,325원 | 손절 -4.00%(ATR)
    VWAP 4,394원 -1.57% ▲매수 (+0.250)
    ST 하락추세 ─홀드 (+0.000)
    RSI 49.9 (기준 30/74) ─홀드 (+0.000)
    BB 4,174~4,480원 현재 4,325원 ─홀드 (+0.000)  ← 중간 [────●─────] 49%
    DC  ─홀드  ← 미보유 또는 청산 조건 미해당 (+0.000)
    거래량  MA25대비 0.06x  ▼(penalty) (-0.0500)  ← 점수 조정 -0.0500
2026-07-08 15:00:00.327 | INFO     | stock_bot.news.crawler:fetch_naver_news:165 - news relevance filter: 7 → 1 (제외 6건) [006360]
2026-07-08 15:00:00.328 | INFO     | stock_bot.news.crawler:fetch_naver_news:170 - fetched 1 news items for 006360
2026-07-08 15:00:00.334 | DEBUG    | stock_bot.live.runner:_news_tick:616 - news 006360 new=0/1 (모두 중복)
2026-07-08 15:00:00.562 | INFO     | stock_bot.news.crawler:fetch_naver_news:165 - news relevance filter: 5 → 1 (제외 4건) [010960]
2026-07-08 15:00:00.563 | INFO     | stock_bot.news.crawler:fetch_naver_news:170 - fetched 1 news items for 010960
2026-07-08 15:00:00.568 | DEBUG    | stock_bot.live.runner:_news_tick:616 - news 010960 new=0/1 (모두 중복)
2026-07-08 15:00:02.556 | INFO     | stock_bot.live.runner:_tick:1243 - 006360 GS건설 [ensemble] HOLD score=+0.00 B0/S0 | 현재가 28,400원 | 손절 -4.00%(ATR)
    VWAP 28,537원 -0.48% ─홀드 (+0.000)
    ST 하락추세 ─홀드 (+0.000)
    RSI 52.4 (기준 30/74) ─홀드 (+0.000)
    BB 27,608~28,409원 현재 28,400원 ─홀드 (+0.000)  ← 상단근접 [─────────●] 99%
    DC  ─홀드  ← 미보유 또는 청산 조건 미해당 (+0.000)
    거래량  MA25대비 0.04x  〰(neutral) (+0.0000)  ← 임계 미달 (기준 ≥1.2/≤0.7x) → 중립
    뉴스  bias=+0.000 (2건)
2026-07-08 15:00:04.559 | INFO     | stock_bot.live.runner:_tick:1243 - 010960 삼호개발 [ensemble] HOLD score=+0.00 B0/S0 | 현재가 4,370원 | 손절 -4.00%(ATR)
    VWAP 4,393원 -0.53% ─홀드 (+0.000)
    ST 하락추세 ─홀드 (+0.000)
    RSI 52.4 (기준 30/74) ─홀드 (+0.000)
    BB 4,195~4,448원 현재 4,370원 ─홀드 (+0.000)  ← 중간 [──────●───] 69%
    DC  ─홀드  ← 미보유 또는 청산 조건 미해당 (+0.000)
    거래량  MA25대비 0.03x  〰(neutral) (+0.0000)  ← 임계 미달 (기준 ≥1.2/≤0.7x) → 중립
2026-07-08 15:05:00.314 | INFO     | stock_bot.news.crawler:fetch_naver_news:165 - news relevance filter: 7 → 1 (제외 6건) [006360]
2026-07-08 15:05:00.315 | INFO     | stock_bot.news.crawler:fetch_naver_news:170 - fetched 1 news items for 006360
2026-07-08 15:05:00.321 | DEBUG    | stock_bot.live.runner:_news_tick:616 - news 006360 new=0/1 (모두 중복)
2026-07-08 15:05:00.526 | INFO     | stock_bot.news.crawler:fetch_naver_news:165 - news relevance filter: 5 → 1 (제외 4건) [010960]
2026-07-08 15:05:00.527 | INFO     | stock_bot.news.crawler:fetch_naver_news:170 - fetched 1 news items for 010960
2026-07-08 15:05:00.534 | DEBUG    | stock_bot.live.runner:_news_tick:616 - news 010960 new=0/1 (모두 중복)
2026-07-08 15:05:18.937 | INFO     | stock_bot.live.runner:_tick:1243 - 006360 GS건설 [ensemble] HOLD score=+0.00 B0/S0 | 현재가 28,400원 | 손절 -4.00%(ATR)
    VWAP 28,534원 -0.47% ─홀드 (+0.000)
    ST 하락추세 ─홀드 (+0.000)
    RSI 52.6 (기준 30/74) ─홀드 (+0.000)
    BB 27,594~28,446원 현재 28,400원 ─홀드 (+0.000)  ← 상단근접 [─────────●] 95%
    DC  ─홀드  ← 미보유 또는 청산 조건 미해당 (+0.000)
    거래량  MA25대비 0.00x  〰(neutral) (+0.0000)  ← 임계 미달 (기준 ≥1.2/≤0.7x) → 중립
    뉴스  bias=+0.000 (2건)
2026-07-08 15:05:26.735 | INFO     | stock_bot.live.runner:_tick:1243 - 010960 삼호개발 [ensemble] HOLD score=+0.20 B1/S0 | 현재가 4,435원 | 손절 -4.00%(ATR)
    VWAP 4,396원 +0.88% ─홀드 (+0.000)
    ST 하락→상승전환 ▲매수 (+0.250)
    RSI 54.5 (기준 30/74) ─홀드 (+0.000)
    BB 4,196~4,450원 현재 4,435원 ─홀드 (+0.000)  ← 상단근접 [─────────●] 94%
    DC  ─홀드  ← 미보유 또는 청산 조건 미해당 (+0.000)
    거래량  MA25대비 0.14x  ▼(penalty) (-0.0500)  ← 점수 조정 -0.0500
2026-07-08 15:10:00.272 | INFO     | stock_bot.news.crawler:fetch_naver_news:165 - news relevance filter: 7 → 1 (제외 6건) [006360]
2026-07-08 15:10:00.273 | INFO     | stock_bot.news.crawler:fetch_naver_news:170 - fetched 1 news items for 006360
2026-07-08 15:10:00.279 | DEBUG    | stock_bot.live.runner:_news_tick:616 - news 006360 new=0/1 (모두 중복)
2026-07-08 15:10:00.490 | INFO     | stock_bot.news.crawler:fetch_naver_news:165 - news relevance filter: 5 → 1 (제외 4건) [010960]
2026-07-08 15:10:00.491 | INFO     | stock_bot.news.crawler:fetch_naver_news:170 - fetched 1 news items for 010960
2026-07-08 15:10:00.497 | DEBUG    | stock_bot.live.runner:_news_tick:616 - news 010960 new=0/1 (모두 중복)
2026-07-08 15:10:02.588 | INFO     | stock_bot.live.runner:_tick:1243 - 006360 GS건설 [ensemble] HOLD score=+0.20 B1/S0 | 현재가 28,300원 | 손절 -4.00%(ATR)
    VWAP 28,530원 -0.81% ▲매수 (+0.250)
    ST 하락추세 ─홀드 (+0.000)
    RSI 50.2 (기준 30/74) ─홀드 (+0.000)
    BB 27,593~28,462원 현재 28,300원 ─홀드 (+0.000)  ← 상단근접 [────────●─] 81%
    DC  ─홀드  ← 미보유 또는 청산 조건 미해당 (+0.000)
    거래량  MA25대비 0.01x  ▼(penalty) (-0.0500)  ← 점수 조정 -0.0500
    뉴스  bias=+0.000 (2건)
2026-07-08 15:10:04.591 | INFO     | stock_bot.live.runner:_tick:1243 - 010960 삼호개발 [ensemble] HOLD score=+0.00 B0/S0 | 현재가 4,480원 | 손절 -4.00%(ATR)
    VWAP 4,398원 +1.87% ─홀드 (+0.000)
    ST 상승추세 ─홀드 (+0.000)
    RSI 57.4 (기준 30/74) ─홀드 (+0.000)
    BB 4,177~4,485원 현재 4,480원 ─홀드 (+0.000)  ← 상단근접 [─────────●] 98%
    DC  ─홀드  ← 미보유 또는 청산 조건 미해당 (+0.000)
    거래량  MA25대비 0.03x  〰(neutral) (+0.0000)  ← 임계 미달 (기준 ≥1.2/≤0.7x) → 중립
2026-07-08 15:15:00.324 | INFO     | stock_bot.news.crawler:fetch_naver_news:165 - news relevance filter: 7 → 1 (제외 6건) [006360]
2026-07-08 15:15:00.325 | INFO     | stock_bot.news.crawler:fetch_naver_news:170 - fetched 1 news items for 006360
2026-07-08 15:15:00.331 | DEBUG    | stock_bot.live.runner:_news_tick:616 - news 006360 new=0/1 (모두 중복)
2026-07-08 15:15:00.564 | INFO     | stock_bot.news.crawler:fetch_naver_news:165 - news relevance filter: 5 → 1 (제외 4건) [010960]
2026-07-08 15:15:00.565 | INFO     | stock_bot.news.crawler:fetch_naver_news:170 - fetched 1 news items for 010960
2026-07-08 15:15:00.571 | DEBUG    | stock_bot.live.runner:_news_tick:616 - news 010960 new=0/1 (모두 중복)
2026-07-08 15:15:02.614 | INFO     | stock_bot.live.runner:_tick:1243 - 006360 GS건설 [ensemble] HOLD score=+0.00 B0/S0 | 현재가 28,350원 | 손절 -4.00%(ATR)
    VWAP 28,525원 -0.61% ─홀드 (+0.000)
    ST 하락추세 ─홀드 (+0.000)
    RSI 51.4 (기준 30/74) ─홀드 (+0.000)
    BB 27,584~28,511원 현재 28,350원 ─홀드 (+0.000)  ← 상단근접 [────────●─] 83%
    DC  ─홀드  ← 미보유 또는 청산 조건 미해당 (+0.000)
    거래량  MA25대비 0.02x  〰(neutral) (+0.0000)  ← 임계 미달 (기준 ≥1.2/≤0.7x) → 중립
    뉴스  bias=+0.000 (2건)
2026-07-08 15:15:04.568 | INFO     | stock_bot.live.runner:_tick:1243 - 010960 삼호개발 [ensemble] HOLD score=+0.00 B0/S0 | 현재가 4,470원 | 손절 -4.00%(ATR)
    VWAP 4,399원 +1.62% ─홀드 (+0.000)
    ST 상승추세 ─홀드 (+0.000)
    RSI 56.3 (기준 30/74) ─홀드 (+0.000)
    BB 4,176~4,498원 현재 4,470원 ─홀드 (+0.000)  ← 상단근접 [─────────●] 91%
    DC  ─홀드  ← 미보유 또는 청산 조건 미해당 (+0.000)
    거래량  MA25대비 0.04x  〰(neutral) (+0.0000)  ← 임계 미달 (기준 ≥1.2/≤0.7x) → 중립
2026-07-08 15:20:00.303 | INFO     | stock_bot.news.crawler:fetch_naver_news:165 - news relevance filter: 7 → 1 (제외 6건) [006360]
2026-07-08 15:20:00.304 | INFO     | stock_bot.news.crawler:fetch_naver_news:170 - fetched 1 news items for 006360
2026-07-08 15:20:00.310 | DEBUG    | stock_bot.live.runner:_news_tick:616 - news 006360 new=0/1 (모두 중복)
2026-07-08 15:20:00.517 | INFO     | stock_bot.news.crawler:fetch_naver_news:165 - news relevance filter: 5 → 1 (제외 4건) [010960]
2026-07-08 15:20:00.518 | INFO     | stock_bot.news.crawler:fetch_naver_news:170 - fetched 1 news items for 010960
2026-07-08 15:20:00.525 | DEBUG    | stock_bot.live.runner:_news_tick:616 - news 010960 new=0/1 (모두 중복)
2026-07-08 15:20:15.132 | INFO     | stock_bot.live.runner:_tick:1243 - 006360 GS건설 [ensemble] HOLD score=+0.00 B0/S0 | 현재가 28,350원 | 손절 -4.00%(ATR)
    VWAP 28,523원 -0.61% ─홀드 (+0.000)
    ST 하락추세 ─홀드 (+0.000)
    RSI 50.7 (기준 30/74) ─홀드 (+0.000)
    BB 27,573~28,567원 현재 28,350원 ─홀드 (+0.000)  ← 상단근접 [───────●──] 78%
    DC  ─홀드  ← 미보유 또는 청산 조건 미해당 (+0.000)
    거래량  MA25대비 0.15x  〰(neutral) (+0.0000)  ← 임계 미달 (기준 ≥1.2/≤0.7x) → 중립
    뉴스  bias=+0.000 (2건)
2026-07-08 15:20:23.851 | INFO     | stock_bot.live.runner:_tick:1243 - 010960 삼호개발 [ensemble] HOLD score=+0.00 B0/S0 | 현재가 4,460원 | 손절 -4.00%(ATR)
    VWAP 4,400원 +1.37% ─홀드 (+0.000)
    ST 상승추세 ─홀드 (+0.000)
    RSI 55.5 (기준 30/74) ─홀드 (+0.000)
    BB 4,177~4,510원 현재 4,460원 ─홀드 (+0.000)  ← 상단근접 [────────●─] 85%
    DC  ─홀드  ← 미보유 또는 청산 조건 미해당 (+0.000)
    거래량  MA25대비 0.44x  〰(neutral) (+0.0000)  ← 임계 미달 (기준 ≥1.2/≤0.7x) → 중립
2026-07-08 15:25:00.526 | INFO     | stock_bot.news.crawler:fetch_naver_news:165 - news relevance filter: 7 → 1 (제외 6건) [006360]
2026-07-08 15:25:00.527 | INFO     | stock_bot.news.crawler:fetch_naver_news:170 - fetched 1 news items for 006360
2026-07-08 15:25:00.533 | DEBUG    | stock_bot.live.runner:_news_tick:616 - news 006360 new=0/1 (모두 중복)
2026-07-08 15:25:00.743 | INFO     | stock_bot.news.crawler:fetch_naver_news:165 - news relevance filter: 5 → 1 (제외 4건) [010960]
2026-07-08 15:25:00.744 | INFO     | stock_bot.news.crawler:fetch_naver_news:170 - fetched 1 news items for 010960
2026-07-08 15:25:00.749 | DEBUG    | stock_bot.live.runner:_news_tick:616 - news 010960 new=0/1 (모두 중복)
2026-07-08 15:25:02.557 | INFO     | stock_bot.live.runner:_tick:1243 - 006360 GS건설 [ensemble] HOLD score=+0.00 B0/S0 | 현재가 28,350원 | 손절 -4.00%(ATR)
    VWAP 28,523원 -0.61% ─홀드 (+0.000)
    ST 하락추세 ─홀드 (+0.000)
    RSI 51.0 (기준 30/74) ─홀드 (+0.000)
    BB 27,569~28,616원 현재 28,350원 ─홀드 (+0.000)  ← 중간 [───────●──] 75%
    DC  ─홀드  ← 미보유 또는 청산 조건 미해당 (+0.000)
    거래량  MA25대비 0.16x  〰(neutral) (+0.0000)  ← 임계 미달 (기준 ≥1.2/≤0.7x) → 중립
    뉴스  bias=+0.000 (2건)
2026-07-08 15:25:04.571 | INFO     | stock_bot.live.runner:_tick:1243 - 010960 삼호개발 [ensemble] HOLD score=+0.00 B0/S0 | 현재가 4,460원 | 손절 -4.00%(ATR)
    VWAP 4,400원 +1.37% ─홀드 (+0.000)
    ST 상승추세 ─홀드 (+0.000)
    RSI 55.8 (기준 30/74) ─홀드 (+0.000)
    BB 4,178~4,523원 현재 4,460원 ─홀드 (+0.000)  ← 상단근접 [────────●─] 82%
    DC  ─홀드  ← 미보유 또는 청산 조건 미해당 (+0.000)
    거래량  MA25대비 0.47x  〰(neutral) (+0.0000)  ← 임계 미달 (기준 ≥1.2/≤0.7x) → 중립
2026-07-08 15:30:00.345 | INFO     | stock_bot.news.crawler:fetch_naver_news:165 - news relevance filter: 7 → 1 (제외 6건) [006360]
2026-07-08 15:30:00.346 | INFO     | stock_bot.news.crawler:fetch_naver_news:170 - fetched 1 news items for 006360
2026-07-08 15:30:00.352 | DEBUG    | stock_bot.live.runner:_news_tick:616 - news 006360 new=0/1 (모두 중복)
2026-07-08 15:30:00.570 | INFO     | stock_bot.news.crawler:fetch_naver_news:165 - news relevance filter: 5 → 1 (제외 4건) [010960]
2026-07-08 15:30:00.571 | INFO     | stock_bot.news.crawler:fetch_naver_news:170 - fetched 1 news items for 010960
2026-07-08 15:30:00.577 | DEBUG    | stock_bot.live.runner:_news_tick:616 - news 010960 new=0/1 (모두 중복)
2026-07-08 15:30:11.384 | INFO     | stock_bot.live.runner:_tick:1243 - 006360 GS건설 [ensemble] HOLD score=+0.00 B0/S0 | 현재가 28,350원 | 손절 -3.79%(ATR)
    VWAP 28,523원 -0.61% ─홀드 (+0.000)
    ST 하락추세 ─홀드 (+0.000)
    RSI 50.8 (기준 30/74) ─홀드 (+0.000)
    BB 27,607~28,648원 현재 28,350원 ─홀드 (+0.000)  ← 중간 [───────●──] 71%
    DC  ─홀드  ← 미보유 또는 청산 조건 미해당 (+0.000)
    거래량  MA25대비 0.17x  〰(neutral) (+0.0000)  ← 임계 미달 (기준 ≥1.2/≤0.7x) → 중립
    뉴스  bias=+0.000 (2건)
2026-07-08 15:30:15.292 | INFO     | stock_bot.live.runner:_tick:1243 - 010960 삼호개발 [ensemble] HOLD score=+0.00 B0/S0 | 현재가 4,460원 | 손절 -4.00%(ATR)
    VWAP 4,400원 +1.37% ─홀드 (+0.000)
    ST 상승추세 ─홀드 (+0.000)
    RSI 55.4 (기준 30/74) ─홀드 (+0.000)
    BB 4,178~4,534원 현재 4,460원 ─홀드 (+0.000)  ← 상단근접 [───────●──] 79%
    DC  ─홀드  ← 미보유 또는 청산 조건 미해당 (+0.000)
    거래량  MA25대비 0.49x  〰(neutral) (+0.0000)  ← 임계 미달 (기준 ≥1.2/≤0.7x) → 중립
2026-07-08 15:35:00.071 | INFO     | stock_bot.live.review:run_daily_review:464 - daily review 2026-07-08 — 0건
2026-07-08 16:00:00.317 | INFO     | stock_bot.news.crawler:fetch_naver_news:165 - news relevance filter: 8 → 2 (제외 6건) [006360]
2026-07-08 16:00:00.318 | INFO     | stock_bot.news.crawler:fetch_naver_news:170 - fetched 2 news items for 006360
2026-07-08 16:00:07.605 | INFO     | stock_bot.live.runner:_news_tick:655 - news 006360 new=1/2 critical=0 llm_batch=1
2026-07-08 16:00:07.826 | INFO     | stock_bot.news.crawler:fetch_naver_news:165 - news relevance filter: 5 → 1 (제외 4건) [010960]
2026-07-08 16:00:07.826 | INFO     | stock_bot.news.crawler:fetch_naver_news:170 - fetched 1 news items for 010960
2026-07-08 16:00:07.833 | DEBUG    | stock_bot.live.runner:_news_tick:616 - news 010960 new=0/1 (모두 중복)
2026-07-08 16:12:40.721 | INFO     | stock_bot.notify.metrics:start_metrics_server:30 - metrics server on :9100
2026-07-08 16:12:40.734 | INFO     | stock_bot.live.runner:_start_env_watcher:1516 - env watcher started (1s poll, scope=스톡봇)
2026-07-08 16:12:43.348 | INFO     | stock_bot.live.runner:run_live:1537 - live runner started, mode=모의투자 interval=5min
2026-07-08 16:12:43.355 | INFO     | stock_bot.live.runner:run_live:1603 - news crawl: 5min intraday (critical→instant tick), 60min off-hours (llm=True)
2026-07-08 16:12:43.358 | INFO     | stock_bot.live.runner:run_live:1620 - daily review scheduled: mon-fri 15:35 KST
2026-07-08 16:12:43.360 | INFO     | stock_bot.live.runner:run_live:1630 - cost report scheduled: daily 00:00 KST
2026-07-08 16:12:43.362 | INFO     | stock_bot.live.runner:run_live:1640 - daily backup scheduled: daily 00:05 KST
2026-07-08 16:13:24.524 | INFO     | stock_bot.live.runner:_is_trading_day:498 - 거래일 판정 2026-07-08 → 거래일 (출처: exchange_calendars)
2026-07-08 16:13:24.821 | INFO     | stock_bot.news.crawler:fetch_naver_news:170 - fetched 1 news items for 006360
2026-07-08 16:13:24.833 | DEBUG    | stock_bot.live.runner:_news_tick:616 - news 006360 new=0/1 (모두 중복)
2026-07-08 16:13:25.745 | INFO     | stock_bot.news.crawler:fetch_naver_news:165 - news relevance filter: 18 → 3 (제외 15건) [013580]
2026-07-08 16:13:25.746 | INFO     | stock_bot.news.crawler:fetch_naver_news:170 - fetched 3 news items for 013580
2026-07-08 16:13:25.760 | DEBUG    | stock_bot.live.runner:_news_tick:616 - news 013580 new=0/3 (모두 중복)
2026-07-08 17:00:00.296 | INFO     | stock_bot.news.crawler:fetch_naver_news:170 - fetched 0 news items for 006360
2026-07-08 17:00:00.298 | DEBUG    | stock_bot.live.runner:_news_tick:616 - news 006360 new=0/0 (모두 중복)
2026-07-08 17:00:01.261 | INFO     | stock_bot.news.crawler:fetch_naver_news:165 - news relevance filter: 18 → 3 (제외 15건) [013580]
2026-07-08 17:00:01.262 | INFO     | stock_bot.news.crawler:fetch_naver_news:170 - fetched 3 news items for 013580
2026-07-08 17:00:01.274 | DEBUG    | stock_bot.live.runner:_news_tick:616 - news 013580 new=0/3 (모두 중복)
2026-07-08 18:00:00.292 | INFO     | stock_bot.news.crawler:fetch_naver_news:165 - news relevance filter: 1 → 0 (제외 1건) [006360]
2026-07-08 18:00:00.293 | INFO     | stock_bot.news.crawler:fetch_naver_news:170 - fetched 0 news items for 006360
2026-07-08 18:00:00.294 | DEBUG    | stock_bot.live.runner:_news_tick:616 - news 006360 new=0/0 (모두 중복)
2026-07-08 18:00:01.201 | INFO     | stock_bot.news.crawler:fetch_naver_news:165 - news relevance filter: 18 → 3 (제외 15건) [013580]
2026-07-08 18:00:01.201 | INFO     | stock_bot.news.crawler:fetch_naver_news:170 - fetched 3 news items for 013580
2026-07-08 18:00:01.214 | DEBUG    | stock_bot.live.runner:_news_tick:616 - news 013580 new=0/3 (모두 중복)
2026-07-08 19:00:00.262 | INFO     | stock_bot.news.crawler:fetch_naver_news:165 - news relevance filter: 2 → 0 (제외 2건) [006360]
2026-07-08 19:00:00.263 | INFO     | stock_bot.news.crawler:fetch_naver_news:170 - fetched 0 news items for 006360
2026-07-08 19:00:00.264 | DEBUG    | stock_bot.live.runner:_news_tick:616 - news 006360 new=0/0 (모두 중복)
2026-07-08 19:00:01.175 | INFO     | stock_bot.news.crawler:fetch_naver_news:165 - news relevance filter: 18 → 3 (제외 15건) [013580]
2026-07-08 19:00:01.176 | INFO     | stock_bot.news.crawler:fetch_naver_news:170 - fetched 3 news items for 013580
2026-07-08 19:00:01.187 | DEBUG    | stock_bot.live.runner:_news_tick:616 - news 013580 new=0/3 (모두 중복)
2026-07-08 20:00:00.496 | INFO     | stock_bot.news.crawler:fetch_naver_news:165 - news relevance filter: 2 → 0 (제외 2건) [006360]
2026-07-08 20:00:00.521 | INFO     | stock_bot.news.crawler:fetch_naver_news:170 - fetched 0 news items for 006360
2026-07-08 20:00:00.522 | DEBUG    | stock_bot.live.runner:_news_tick:616 - news 006360 new=0/0 (모두 중복)
2026-07-08 20:00:01.381 | INFO     | stock_bot.news.crawler:fetch_naver_news:165 - news relevance filter: 18 → 3 (제외 15건) [013580]
2026-07-08 20:00:01.382 | INFO     | stock_bot.news.crawler:fetch_naver_news:170 - fetched 3 news items for 013580
2026-07-08 20:00:01.395 | DEBUG    | stock_bot.live.runner:_news_tick:616 - news 013580 new=0/3 (모두 중복)
2026-07-08 21:00:00.269 | INFO     | stock_bot.news.crawler:fetch_naver_news:165 - news relevance filter: 2 → 0 (제외 2건) [006360]
2026-07-08 21:00:00.270 | INFO     | stock_bot.news.crawler:fetch_naver_news:170 - fetched 0 news items for 006360
2026-07-08 21:00:00.272 | DEBUG    | stock_bot.live.runner:_news_tick:616 - news 006360 new=0/0 (모두 중복)
2026-07-08 21:00:01.178 | INFO     | stock_bot.news.crawler:fetch_naver_news:165 - news relevance filter: 18 → 3 (제외 15건) [013580]
2026-07-08 21:00:01.178 | INFO     | stock_bot.news.crawler:fetch_naver_news:170 - fetched 3 news items for 013580
2026-07-08 21:00:01.190 | DEBUG    | stock_bot.live.runner:_news_tick:616 - news 013580 new=0/3 (모두 중복)
2026-07-08 22:00:00.273 | INFO     | stock_bot.news.crawler:fetch_naver_news:165 - news relevance filter: 3 → 0 (제외 3건) [006360]
2026-07-08 22:00:00.274 | INFO     | stock_bot.news.crawler:fetch_naver_news:170 - fetched 0 news items for 006360
2026-07-08 22:00:00.276 | DEBUG    | stock_bot.live.runner:_news_tick:616 - news 006360 new=0/0 (모두 중복)
2026-07-08 22:00:01.161 | INFO     | stock_bot.news.crawler:fetch_naver_news:165 - news relevance filter: 18 → 3 (제외 15건) [013580]
2026-07-08 22:00:01.161 | INFO     | stock_bot.news.crawler:fetch_naver_news:170 - fetched 3 news items for 013580
2026-07-08 22:00:01.173 | DEBUG    | stock_bot.live.runner:_news_tick:616 - news 013580 new=0/3 (모두 중복)
2026-07-08 23:00:00.245 | INFO     | stock_bot.news.crawler:fetch_naver_news:165 - news relevance filter: 3 → 0 (제외 3건) [006360]
2026-07-08 23:00:00.246 | INFO     | stock_bot.news.crawler:fetch_naver_news:170 - fetched 0 news items for 006360
2026-07-08 23:00:00.247 | DEBUG    | stock_bot.live.runner:_news_tick:616 - news 006360 new=0/0 (모두 중복)
2026-07-08 23:00:01.151 | INFO     | stock_bot.news.crawler:fetch_naver_news:165 - news relevance filter: 18 → 3 (제외 15건) [013580]
2026-07-08 23:00:01.152 | INFO     | stock_bot.news.crawler:fetch_naver_news:170 - fetched 3 news items for 013580
2026-07-08 23:00:01.163 | DEBUG    | stock_bot.live.runner:_news_tick:616 - news 013580 new=0/3 (모두 중복)
