2026-09-29 00:00:00.010 | DEBUG    | stock_bot.live.runner:_send_cost_report:600 - claude_code 백엔드 — API 비용 리포트 생략
2026-09-29 00:00:00.014 | INFO     | stock_bot.live.runner:_is_trading_day:661 - 거래일 판정 2026-09-29 → 거래일 (출처: exchange_calendars)
2026-09-29 00:00:00.253 | INFO     | stock_bot.news.crawler:fetch_naver_news:207 - news relevance filter: 5 → 1 (제외 4건) [034020]
2026-09-29 00:00:00.253 | INFO     | stock_bot.news.crawler:fetch_naver_news:212 - fetched 1 news items for 034020
2026-09-29 00:00:00.259 | DEBUG    | stock_bot.live.runner:_news_tick:840 - news 034020 new=0/1 (모두 중복)
2026-09-29 00:00:00.413 | INFO     | stock_bot.news.crawler:fetch_naver_news:207 - news relevance filter: 10 → 1 (제외 9건) [241560]
2026-09-29 00:00:00.414 | INFO     | stock_bot.news.crawler:fetch_naver_news:212 - fetched 1 news items for 241560
2026-09-29 00:00:00.419 | DEBUG    | stock_bot.live.runner:_news_tick:840 - news 241560 new=0/1 (모두 중복)
2026-09-29 00:00:00.581 | INFO     | stock_bot.news.crawler:fetch_naver_news:207 - news relevance filter: 3 → 1 (제외 2건) [123330]
2026-09-29 00:00:00.582 | INFO     | stock_bot.news.crawler:fetch_naver_news:212 - fetched 1 news items for 123330
2026-09-29 00:00:00.587 | DEBUG    | stock_bot.live.runner:_news_tick:840 - news 123330 new=0/1 (모두 중복)
2026-09-29 00:05:01.297 | DEBUG    | stock_bot.live.backup:_export_logs:184 - backup: bot 로그 2026-09-28 추출 238KB
2026-09-29 00:05:08.115 | DEBUG    | stock_bot.live.backup:_export_logs:184 - backup: web 로그 2026-09-28 추출 4459KB
2026-09-29 00:05:08.279 | DEBUG    | stock_bot.live.backup:_export_logs:184 - backup: leader 로그 2026-09-28 추출 60KB
2026-09-29 00:05:08.316 | DEBUG    | stock_bot.live.backup:_export_logs:184 - backup: swing 로그 2026-09-28 추출 92KB
2026-09-29 00:05:11.221 | DEBUG    | stock_bot.live.backup:_git_push:288 - backup: origin 정렬됨(behind=0) → reset 생략, 바로 push
2026-09-29 00:05:15.199 | INFO     | stock_bot.live.backup:run_backup:367 - backup 완료: trades=108 reviews=56 news=1 log=4851KB → git push
2026-09-29 01:00:00.165 | INFO     | stock_bot.news.crawler:fetch_naver_news:207 - news relevance filter: 5 → 1 (제외 4건) [034020]
2026-09-29 01:00:00.166 | INFO     | stock_bot.news.crawler:fetch_naver_news:212 - fetched 1 news items for 034020
2026-09-29 01:00:00.171 | DEBUG    | stock_bot.live.runner:_news_tick:840 - news 034020 new=0/1 (모두 중복)
2026-09-29 01:00:00.284 | INFO     | stock_bot.news.crawler:fetch_naver_news:207 - news relevance filter: 10 → 1 (제외 9건) [241560]
2026-09-29 01:00:00.285 | INFO     | stock_bot.news.crawler:fetch_naver_news:212 - fetched 1 news items for 241560
2026-09-29 01:00:00.290 | DEBUG    | stock_bot.live.runner:_news_tick:840 - news 241560 new=0/1 (모두 중복)
2026-09-29 01:00:00.405 | INFO     | stock_bot.news.crawler:fetch_naver_news:207 - news relevance filter: 3 → 1 (제외 2건) [123330]
2026-09-29 01:00:00.406 | INFO     | stock_bot.news.crawler:fetch_naver_news:212 - fetched 1 news items for 123330
2026-09-29 01:00:00.430 | DEBUG    | stock_bot.live.runner:_news_tick:840 - news 123330 new=0/1 (모두 중복)
2026-09-29 02:00:00.198 | INFO     | stock_bot.news.crawler:fetch_naver_news:207 - news relevance filter: 5 → 1 (제외 4건) [034020]
2026-09-29 02:00:00.198 | INFO     | stock_bot.news.crawler:fetch_naver_news:212 - fetched 1 news items for 034020
2026-09-29 02:00:00.204 | DEBUG    | stock_bot.live.runner:_news_tick:840 - news 034020 new=0/1 (모두 중복)
2026-09-29 02:00:00.328 | INFO     | stock_bot.news.crawler:fetch_naver_news:207 - news relevance filter: 10 → 1 (제외 9건) [241560]
2026-09-29 02:00:00.329 | INFO     | stock_bot.news.crawler:fetch_naver_news:212 - fetched 1 news items for 241560
2026-09-29 02:00:00.334 | DEBUG    | stock_bot.live.runner:_news_tick:840 - news 241560 new=0/1 (모두 중복)
2026-09-29 02:00:00.458 | INFO     | stock_bot.news.crawler:fetch_naver_news:207 - news relevance filter: 3 → 1 (제외 2건) [123330]
2026-09-29 02:00:00.459 | INFO     | stock_bot.news.crawler:fetch_naver_news:212 - fetched 1 news items for 123330
2026-09-29 02:00:00.464 | DEBUG    | stock_bot.live.runner:_news_tick:840 - news 123330 new=0/1 (모두 중복)
2026-09-29 03:00:00.182 | INFO     | stock_bot.news.crawler:fetch_naver_news:207 - news relevance filter: 5 → 1 (제외 4건) [034020]
2026-09-29 03:00:00.186 | INFO     | stock_bot.news.crawler:fetch_naver_news:212 - fetched 1 news items for 034020
2026-09-29 03:00:00.192 | DEBUG    | stock_bot.live.runner:_news_tick:840 - news 034020 new=0/1 (모두 중복)
2026-09-29 03:00:00.306 | INFO     | stock_bot.news.crawler:fetch_naver_news:207 - news relevance filter: 10 → 1 (제외 9건) [241560]
2026-09-29 03:00:00.306 | INFO     | stock_bot.news.crawler:fetch_naver_news:212 - fetched 1 news items for 241560
2026-09-29 03:00:00.311 | DEBUG    | stock_bot.live.runner:_news_tick:840 - news 241560 new=0/1 (모두 중복)
2026-09-29 03:00:00.428 | INFO     | stock_bot.news.crawler:fetch_naver_news:207 - news relevance filter: 3 → 1 (제외 2건) [123330]
2026-09-29 03:00:00.429 | INFO     | stock_bot.news.crawler:fetch_naver_news:212 - fetched 1 news items for 123330
2026-09-29 03:00:00.433 | DEBUG    | stock_bot.live.runner:_news_tick:840 - news 123330 new=0/1 (모두 중복)
2026-09-29 04:00:00.185 | INFO     | stock_bot.news.crawler:fetch_naver_news:207 - news relevance filter: 5 → 1 (제외 4건) [034020]
2026-09-29 04:00:00.186 | INFO     | stock_bot.news.crawler:fetch_naver_news:212 - fetched 1 news items for 034020
2026-09-29 04:00:00.191 | DEBUG    | stock_bot.live.runner:_news_tick:840 - news 034020 new=0/1 (모두 중복)
2026-09-29 04:00:00.308 | INFO     | stock_bot.news.crawler:fetch_naver_news:207 - news relevance filter: 10 → 1 (제외 9건) [241560]
2026-09-29 04:00:00.309 | INFO     | stock_bot.news.crawler:fetch_naver_news:212 - fetched 1 news items for 241560
2026-09-29 04:00:00.314 | DEBUG    | stock_bot.live.runner:_news_tick:840 - news 241560 new=0/1 (모두 중복)
2026-09-29 04:00:00.436 | INFO     | stock_bot.news.crawler:fetch_naver_news:207 - news relevance filter: 3 → 1 (제외 2건) [123330]
2026-09-29 04:00:00.437 | INFO     | stock_bot.news.crawler:fetch_naver_news:212 - fetched 1 news items for 123330
2026-09-29 04:00:00.442 | DEBUG    | stock_bot.live.runner:_news_tick:840 - news 123330 new=0/1 (모두 중복)
2026-09-29 05:00:00.184 | INFO     | stock_bot.news.crawler:fetch_naver_news:207 - news relevance filter: 6 → 1 (제외 5건) [034020]
2026-09-29 05:00:00.185 | INFO     | stock_bot.news.crawler:fetch_naver_news:212 - fetched 1 news items for 034020
2026-09-29 05:00:00.190 | DEBUG    | stock_bot.live.runner:_news_tick:840 - news 034020 new=0/1 (모두 중복)
2026-09-29 05:00:00.319 | INFO     | stock_bot.news.crawler:fetch_naver_news:207 - news relevance filter: 10 → 1 (제외 9건) [241560]
2026-09-29 05:00:00.320 | INFO     | stock_bot.news.crawler:fetch_naver_news:212 - fetched 1 news items for 241560
2026-09-29 05:00:00.394 | DEBUG    | stock_bot.live.runner:_news_tick:840 - news 241560 new=0/1 (모두 중복)
2026-09-29 05:00:00.518 | INFO     | stock_bot.news.crawler:fetch_naver_news:207 - news relevance filter: 3 → 1 (제외 2건) [123330]
2026-09-29 05:00:00.518 | INFO     | stock_bot.news.crawler:fetch_naver_news:212 - fetched 1 news items for 123330
2026-09-29 05:00:00.523 | DEBUG    | stock_bot.live.runner:_news_tick:840 - news 123330 new=0/1 (모두 중복)
2026-09-29 06:00:00.179 | INFO     | stock_bot.news.crawler:fetch_naver_news:207 - news relevance filter: 7 → 1 (제외 6건) [034020]
2026-09-29 06:00:00.179 | INFO     | stock_bot.news.crawler:fetch_naver_news:212 - fetched 1 news items for 034020
2026-09-29 06:00:00.184 | DEBUG    | stock_bot.live.runner:_news_tick:840 - news 034020 new=0/1 (모두 중복)
2026-09-29 06:00:00.303 | INFO     | stock_bot.news.crawler:fetch_naver_news:207 - news relevance filter: 10 → 1 (제외 9건) [241560]
2026-09-29 06:00:00.304 | INFO     | stock_bot.news.crawler:fetch_naver_news:212 - fetched 1 news items for 241560
2026-09-29 06:00:00.309 | DEBUG    | stock_bot.live.runner:_news_tick:840 - news 241560 new=0/1 (모두 중복)
2026-09-29 06:00:00.428 | INFO     | stock_bot.news.crawler:fetch_naver_news:207 - news relevance filter: 3 → 1 (제외 2건) [123330]
2026-09-29 06:00:00.429 | INFO     | stock_bot.news.crawler:fetch_naver_news:212 - fetched 1 news items for 123330
2026-09-29 06:00:00.434 | DEBUG    | stock_bot.live.runner:_news_tick:840 - news 123330 new=0/1 (모두 중복)
2026-09-29 07:00:00.164 | INFO     | stock_bot.news.crawler:fetch_naver_news:207 - news relevance filter: 7 → 1 (제외 6건) [034020]
2026-09-29 07:00:00.165 | INFO     | stock_bot.news.crawler:fetch_naver_news:212 - fetched 1 news items for 034020
2026-09-29 07:00:00.170 | DEBUG    | stock_bot.live.runner:_news_tick:840 - news 034020 new=0/1 (모두 중복)
2026-09-29 07:00:00.287 | INFO     | stock_bot.news.crawler:fetch_naver_news:207 - news relevance filter: 10 → 1 (제외 9건) [241560]
2026-09-29 07:00:00.288 | INFO     | stock_bot.news.crawler:fetch_naver_news:212 - fetched 1 news items for 241560
2026-09-29 07:00:00.293 | DEBUG    | stock_bot.live.runner:_news_tick:840 - news 241560 new=0/1 (모두 중복)
2026-09-29 07:00:00.414 | INFO     | stock_bot.news.crawler:fetch_naver_news:207 - news relevance filter: 3 → 1 (제외 2건) [123330]
2026-09-29 07:00:00.415 | INFO     | stock_bot.news.crawler:fetch_naver_news:212 - fetched 1 news items for 123330
2026-09-29 07:00:00.420 | DEBUG    | stock_bot.live.runner:_news_tick:840 - news 123330 new=0/1 (모두 중복)
2026-09-29 07:59:41.074 | INFO     | stock_bot.live.runner:_reload_env_if_changed:585 - .env 변경 감지, 핫리로드[스톡봇]: trade_symbols: 034020,241560,123330 → 158430,263860
2026-09-29 08:00:01.168 | INFO     | stock_bot.news.crawler:fetch_naver_news:207 - news relevance filter: 40 → 32 (제외 8건) [158430]
2026-09-29 08:00:01.169 | INFO     | stock_bot.news.crawler:fetch_naver_news:212 - fetched 32 news items for 158430
2026-09-29 08:00:04.150 | INFO     | stock_bot.live.runner:_reload_env_if_changed:585 - .env 변경 감지, 핫리로드[스톡봇]: trade_symbols: 158430,263860 → 034020,241560,123330
2026-09-29 08:00:22.569 | INFO     | stock_bot.live.runner:_news_tick:879 - news 158430 new=32/32 critical=0 llm_batch=1
2026-09-29 08:00:22.803 | INFO     | stock_bot.news.crawler:fetch_naver_news:207 - news relevance filter: 10 → 4 (제외 6건) [263860]
2026-09-29 08:00:22.803 | INFO     | stock_bot.news.crawler:fetch_naver_news:212 - fetched 4 news items for 263860
2026-09-29 08:00:30.566 | INFO     | stock_bot.live.runner:_news_tick:879 - news 263860 new=4/4 critical=0 llm_batch=1
2026-09-29 09:00:00.543 | INFO     | stock_bot.news.crawler:fetch_naver_news:207 - news relevance filter: 7 → 1 (제외 6건) [034020]
2026-09-29 09:00:00.552 | INFO     | stock_bot.news.crawler:fetch_naver_news:212 - fetched 1 news items for 034020
2026-09-29 09:00:00.562 | DEBUG    | stock_bot.live.runner:_news_tick:840 - news 034020 new=0/1 (모두 중복)
2026-09-29 09:00:00.695 | INFO     | stock_bot.news.crawler:fetch_naver_news:207 - news relevance filter: 10 → 1 (제외 9건) [241560]
2026-09-29 09:00:00.696 | INFO     | stock_bot.news.crawler:fetch_naver_news:212 - fetched 1 news items for 241560
2026-09-29 09:00:00.702 | DEBUG    | stock_bot.live.runner:_news_tick:840 - news 241560 new=0/1 (모두 중복)
2026-09-29 09:00:00.835 | INFO     | stock_bot.news.crawler:fetch_naver_news:207 - news relevance filter: 3 → 1 (제외 2건) [123330]
2026-09-29 09:00:00.836 | INFO     | stock_bot.news.crawler:fetch_naver_news:212 - fetched 1 news items for 123330
2026-09-29 09:00:00.841 | DEBUG    | stock_bot.live.runner:_news_tick:840 - news 123330 new=0/1 (모두 중복)
2026-09-29 09:00:09.096 | INFO     | stock_bot.live.runner:_tick:1546 - 034020 두산에너빌리티 [ensemble] HOLD score=+0.47 B2/S0 | 현재가 82,000원 | 손절 -4.00%(ATR)
    VWAP 워밍업 중 (1/8봉)
    VWAP 수집중 (0/5봉)
    ST 하락→상승전환 ▲매수 (+0.259)
    RSI 63.7 (기준 30/74) ─홀드 (+0.000)
    BB 80,996~81,734원 현재 82,000원 ▲매수 (+0.212)
    DC  ─홀드  ← 미보유 또는 청산 조건 미해당 (+0.000)
    뉴스  bias=+0.000 (1건)
2026-09-29 09:00:19.758 | INFO     | stock_bot.live.runner:_tick:1546 - 241560 두산밥캣 [ensemble] HOLD score=+0.26 B1/S0 | 현재가 58,100원 | 손절 -4.00%(ATR)
    VWAP 워밍업 중 (1/8봉)
    VWAP 수집중 (0/5봉)
    ST 하락→상승전환 ▲매수 (+0.259)
    RSI 47.3 (기준 30/74) ─홀드 (+0.000)
    BB 58,004~58,276원 현재 58,100원 ─홀드 (+0.000)  ← 중간 [───●──────] 35%
    DC  ─홀드  ← 미보유 또는 청산 조건 미해당 (+0.000)
2026-09-29 09:00:26.360 | INFO     | stock_bot.live.runner:_tick:1546 - 123330 제닉 [ensemble] HOLD score=+0.47 B2/S0 | 현재가 24,000원 | 손절 -4.00%(ATR)
    VWAP 워밍업 중 (1/8봉)
    VWAP 수집중 (0/5봉)
    ST 하락→상승전환 ▲매수 (+0.259)
    RSI 55.4 (기준 30/74) ─홀드 (+0.000)
    BB 23,767~24,008원 현재 24,000원 ▲매수 (+0.212)
    DC  ─홀드  ← 미보유 또는 청산 조건 미해당 (+0.000)
2026-09-29 09:05:00.205 | INFO     | stock_bot.news.crawler:fetch_naver_news:207 - news relevance filter: 7 → 1 (제외 6건) [034020]
2026-09-29 09:05:00.206 | INFO     | stock_bot.news.crawler:fetch_naver_news:212 - fetched 1 news items for 034020
2026-09-29 09:05:00.212 | DEBUG    | stock_bot.live.runner:_news_tick:840 - news 034020 new=0/1 (모두 중복)
2026-09-29 09:05:00.343 | INFO     | stock_bot.news.crawler:fetch_naver_news:207 - news relevance filter: 10 → 1 (제외 9건) [241560]
2026-09-29 09:05:00.345 | INFO     | stock_bot.news.crawler:fetch_naver_news:212 - fetched 1 news items for 241560
2026-09-29 09:05:00.351 | DEBUG    | stock_bot.live.runner:_news_tick:840 - news 241560 new=0/1 (모두 중복)
2026-09-29 09:05:00.507 | INFO     | stock_bot.news.crawler:fetch_naver_news:207 - news relevance filter: 3 → 1 (제외 2건) [123330]
2026-09-29 09:05:00.508 | INFO     | stock_bot.news.crawler:fetch_naver_news:212 - fetched 1 news items for 123330
2026-09-29 09:05:00.514 | DEBUG    | stock_bot.live.runner:_news_tick:840 - news 123330 new=0/1 (모두 중복)
2026-09-29 09:05:02.234 | INFO     | stock_bot.live.runner:_tick:1546 - 034020 두산에너빌리티 [ensemble] HOLD score=+0.24 B1/S0 | 현재가 79,900원 | 손절 -4.00%(ATR)
    VWAP 워밍업 중 (2/8봉)
    VWAP 수집중 (0/5봉)
    ST 하락추세 ─홀드 (+0.000)
    RSI 21.9 (기준 30/74) ▲매수 (+0.235)
    BB 80,246~82,124원 현재 79,900원 ─홀드 (+0.000)  ← 하단근접 [●──────────] -18%
    DC  ─홀드  ← 미보유 또는 청산 조건 미해당 (+0.000)
    거래량  33주  MA25대비 0.00x  [거래 저조 (≤0.7x)]  ← 필터 활성 중 (봉 부족 135/26)
    뉴스  bias=+0.000 (1건)
2026-09-29 09:05:03.220 | INFO     | stock_bot.live.runner:_tick:1546 - 241560 두산밥캣 [ensemble] HOLD score=+0.00 B0/S0 | 현재가 57,300원 | 손절 -4.00%(ATR)
    VWAP 워밍업 중 (2/8봉)
    VWAP 수집중 (0/5봉)
    ST 하락추세 ─홀드 (+0.000)
    RSI 31.2 (기준 30/74) ─홀드 (+0.000)
    BB 57,557~58,573원 현재 57,300원 ─홀드 (+0.000)  ← 하단근접 [●───────────] -25%
    DC  ─홀드  ← 미보유 또는 청산 조건 미해당 (+0.000)
    거래량  7주  MA25대비 0.03x  [거래 저조 (≤0.7x)]  ← 필터 활성 중 (봉 부족 135/26)
2026-09-29 09:05:04.846 | INFO     | stock_bot.live.runner:_tick:1546 - 123330 제닉 [ensemble] HOLD score=+0.00 B0/S0 | 현재가 23,800원 | 손절 -4.00%(ATR)
    VWAP 워밍업 중 (2/8봉)
    VWAP 수집중 (0/5봉)
    ST 하락추세 ─홀드 (+0.000)
    RSI 43.1 (기준 30/74) ─홀드 (+0.000)
    BB 23,756~23,994원 현재 23,800원 ─홀드 (+0.000)  ← 하단근접 [─●────────] 19%
    DC  ─홀드  ← 미보유 또는 청산 조건 미해당 (+0.000)
    거래량  1주  MA25대비 0.01x  [거래 저조 (≤0.7x)]  ← 필터 활성 중 (봉 부족 135/26)
2026-09-29 09:10:00.190 | INFO     | stock_bot.news.crawler:fetch_naver_news:207 - news relevance filter: 7 → 1 (제외 6건) [034020]
2026-09-29 09:10:00.192 | INFO     | stock_bot.news.crawler:fetch_naver_news:212 - fetched 1 news items for 034020
2026-09-29 09:10:00.197 | DEBUG    | stock_bot.live.runner:_news_tick:840 - news 034020 new=0/1 (모두 중복)
2026-09-29 09:10:00.316 | INFO     | stock_bot.news.crawler:fetch_naver_news:207 - news relevance filter: 10 → 1 (제외 9건) [241560]
2026-09-29 09:10:00.317 | INFO     | stock_bot.news.crawler:fetch_naver_news:212 - fetched 1 news items for 241560
2026-09-29 09:10:00.322 | DEBUG    | stock_bot.live.runner:_news_tick:840 - news 241560 new=0/1 (모두 중복)
2026-09-29 09:10:00.448 | INFO     | stock_bot.news.crawler:fetch_naver_news:207 - news relevance filter: 3 → 1 (제외 2건) [123330]
2026-09-29 09:10:00.449 | INFO     | stock_bot.news.crawler:fetch_naver_news:212 - fetched 1 news items for 123330
2026-09-29 09:10:00.454 | DEBUG    | stock_bot.live.runner:_news_tick:840 - news 123330 new=0/1 (모두 중복)
2026-09-29 09:10:02.403 | INFO     | stock_bot.live.runner:_tick:1546 - 034020 두산에너빌리티 [ensemble] HOLD score=+0.00 B0/S0 | 현재가 80,200원 | 손절 -4.00%(ATR)
    VWAP 워밍업 중 (3/8봉)
    VWAP 수집중 (0/5봉)
    ST 하락추세 ─홀드 (+0.000)
    RSI 31.5 (기준 30/74) ─홀드 (+0.000)
    BB 80,204~82,086원 현재 80,200원 ─홀드 (+0.000)  ← 하단근접 [●─────────] -0%
    DC  ─홀드  ← 미보유 또는 청산 조건 미해당 (+0.000)
    거래량  MA1(봉부족,설정25)대비 1.00x  〰(neutral) (+0.0000)  ← 임계 미달 (기준 ≥1.2/≤0.7x) → 중립
    뉴스  bias=+0.000 (1건)
2026-09-29 09:10:03.073 | INFO     | stock_bot.live.runner:_tick:1546 - 241560 두산밥캣 [ensemble] HOLD score=+0.24 B1/S0 | 현재가 57,000원 | 손절 -4.00%(ATR)
    VWAP 워밍업 중 (3/8봉)
    VWAP 수집중 (0/5봉)
    ST 하락추세 ─홀드 (+0.000)
    RSI 27.6 (기준 30/74) ▲매수 (+0.235)
    BB 57,226~58,764원 현재 57,000원 ─홀드 (+0.000)  ← 하단근접 [●──────────] -15%
    DC  ─홀드  ← 미보유 또는 청산 조건 미해당 (+0.000)
    거래량  MA1(봉부족,설정25)대비 1.00x  〰(neutral) (+0.0000)  ← 임계 미달 (기준 ≥1.2/≤0.7x) → 중립
2026-09-29 09:10:04.680 | INFO     | stock_bot.live.runner:_tick:1546 - 123330 제닉 [ensemble] HOLD score=+0.00 B0/S0 | 현재가 23,700원 | 손절 -4.00%(ATR)
    VWAP 워밍업 중 (3/8봉)
    VWAP 수집중 (0/5봉)
    ST 하락추세 ─홀드 (+0.000)
    RSI 37.5 (기준 30/74) ─홀드 (+0.000)
    BB 23,721~24,014원 현재 23,700원 ─홀드 (+0.000)  ← 하단근접 [●─────────] -7%
    DC  ─홀드  ← 미보유 또는 청산 조건 미해당 (+0.000)
    거래량  MA1(봉부족,설정25)대비 1.00x  〰(neutral) (+0.0000)  ← 임계 미달 (기준 ≥1.2/≤0.7x) → 중립
2026-09-29 09:15:00.179 | INFO     | stock_bot.news.crawler:fetch_naver_news:207 - news relevance filter: 7 → 1 (제외 6건) [034020]
2026-09-29 09:15:00.180 | INFO     | stock_bot.news.crawler:fetch_naver_news:212 - fetched 1 news items for 034020
2026-09-29 09:15:00.185 | DEBUG    | stock_bot.live.runner:_news_tick:840 - news 034020 new=0/1 (모두 중복)
2026-09-29 09:15:00.307 | INFO     | stock_bot.news.crawler:fetch_naver_news:207 - news relevance filter: 10 → 1 (제외 9건) [241560]
2026-09-29 09:15:00.308 | INFO     | stock_bot.news.crawler:fetch_naver_news:212 - fetched 1 news items for 241560
2026-09-29 09:15:00.313 | DEBUG    | stock_bot.live.runner:_news_tick:840 - news 241560 new=0/1 (모두 중복)
2026-09-29 09:15:00.444 | INFO     | stock_bot.news.crawler:fetch_naver_news:207 - news relevance filter: 3 → 1 (제외 2건) [123330]
2026-09-29 09:15:00.445 | INFO     | stock_bot.news.crawler:fetch_naver_news:212 - fetched 1 news items for 123330
2026-09-29 09:15:00.450 | DEBUG    | stock_bot.live.runner:_news_tick:840 - news 123330 new=0/1 (모두 중복)
2026-09-29 09:15:03.490 | INFO     | stock_bot.live.runner:_tick:1546 - 034020 두산에너빌리티 [ensemble] HOLD score=+0.00 B0/S0 | 현재가 80,300원 | 손절 -4.00%(ATR)
    VWAP 워밍업 중 (4/8봉)
    VWAP 수집중 (0/5봉)
    ST 하락추세 ─홀드 (+0.000)
    RSI 32.5 (기준 30/74) ─홀드 (+0.000)
    BB 80,108~82,082원 현재 80,300원 ─홀드 (+0.000)  ← 하단근접 [●─────────] 10%
    DC  ─홀드  ← 미보유 또는 청산 조건 미해당 (+0.000)
    거래량  MA2(봉부족,설정25)대비 0.90x  〰(neutral) (+0.0000)  ← 임계 미달 (기준 ≥1.2/≤0.7x) → 중립
    뉴스  bias=+0.000 (1건)
2026-09-29 09:15:05.208 | INFO     | stock_bot.live.runner:_tick:1546 - 241560 두산밥캣 [ensemble] HOLD score=+0.24 B1/S0 | 현재가 56,700원 | 손절 -4.00%(ATR)
    VWAP 워밍업 중 (4/8봉)
    VWAP 수집중 (0/5봉)
    ST 하락추세 ─홀드 (+0.000)
    RSI 24.6 (기준 30/74) ▲매수 (+0.235)
    BB 56,882~58,938원 현재 56,700원 ─홀드 (+0.000)  ← 하단근접 [●─────────] -9%
    DC  ─홀드  ← 미보유 또는 청산 조건 미해당 (+0.000)
    거래량  MA2(봉부족,설정25)대비 0.95x  〰(neutral) (+0.0000)  ← 임계 미달 (기준 ≥1.2/≤0.7x) → 중립
2026-09-29 09:15:06.851 | INFO     | stock_bot.live.runner:_tick:1546 - 123330 제닉 [ensemble] HOLD score=+0.00 B0/S0 | 현재가 23,600원 | 손절 -4.00%(ATR)
    VWAP 워밍업 중 (4/8봉)
    VWAP 수집중 (0/5봉)
    ST 하락추세 ─홀드 (+0.000)
    RSI 32.9 (기준 30/74) ─홀드 (+0.000)
    BB 23,676~24,029원 현재 23,600원 ─홀드 (+0.000)  ← 하단근접 [●───────────] -22%
    DC  ─홀드  ← 미보유 또는 청산 조건 미해당 (+0.000)
    거래량  MA2(봉부족,설정25)대비 1.22x  〰(neutral) (+0.0000)  ← 임계 미달 (기준 ≥1.2/≤0.7x) → 중립
2026-09-29 09:20:00.182 | INFO     | stock_bot.news.crawler:fetch_naver_news:207 - news relevance filter: 7 → 1 (제외 6건) [034020]
2026-09-29 09:20:00.183 | INFO     | stock_bot.news.crawler:fetch_naver_news:212 - fetched 1 news items for 034020
2026-09-29 09:20:00.188 | DEBUG    | stock_bot.live.runner:_news_tick:840 - news 034020 new=0/1 (모두 중복)
2026-09-29 09:20:00.320 | INFO     | stock_bot.news.crawler:fetch_naver_news:207 - news relevance filter: 10 → 1 (제외 9건) [241560]
2026-09-29 09:20:00.321 | INFO     | stock_bot.news.crawler:fetch_naver_news:212 - fetched 1 news items for 241560
2026-09-29 09:20:00.326 | DEBUG    | stock_bot.live.runner:_news_tick:840 - news 241560 new=0/1 (모두 중복)
2026-09-29 09:20:00.450 | INFO     | stock_bot.news.crawler:fetch_naver_news:207 - news relevance filter: 3 → 1 (제외 2건) [123330]
2026-09-29 09:20:00.450 | INFO     | stock_bot.news.crawler:fetch_naver_news:212 - fetched 1 news items for 123330
2026-09-29 09:20:00.455 | DEBUG    | stock_bot.live.runner:_news_tick:840 - news 123330 new=0/1 (모두 중복)
2026-09-29 09:20:01.703 | INFO     | stock_bot.live.runner:_tick:1546 - 034020 두산에너빌리티 [ensemble] HOLD score=+0.45 B2/S0 | 현재가 79,900원 | 손절 -4.00%(ATR)
    VWAP 워밍업 중 (5/8봉)
    VWAP 수집중 (0/5봉)
    ST 하락추세 ─홀드 (+0.000)
    RSI 27.9 (기준 30/74) ▲매수 (+0.235)
    BB 79,847~82,163원 현재 79,900원 ▲매수 (+0.212)
    DC  ─홀드  ← 미보유 또는 청산 조건 미해당 (+0.000)
    거래량  MA3(봉부족,설정25)대비 1.18x  〰(neutral) (+0.0000)  ← 임계 미달 (기준 ≥1.2/≤0.7x) → 중립
    뉴스  bias=+0.000 (1건)
2026-09-29 09:20:02.567 | INFO     | stock_bot.live.runner:_tick:1546 - 241560 두산밥캣 [ensemble] HOLD score=+0.34 B1/S0 | 현재가 56,300원 | 손절 -4.00%(ATR)
    VWAP 워밍업 중 (5/8봉)
    VWAP 수집중 (0/5봉)
    ST 하락추세 ─홀드 (+0.000)
    RSI 21.1 (기준 30/74) ▲매수 (+0.235)
    BB 56,465~59,135원 현재 56,300원 ─홀드 (+0.000)  ← 하단근접 [●─────────] -6%
    DC  ─홀드  ← 미보유 또는 청산 조건 미해당 (+0.000)
    거래량  MA3(봉부족,설정25)대비 1.37x  ▲(boost) (+0.1000)  ← 점수 조정 +0.1000
2026-09-29 09:20:03.964 | INFO     | stock_bot.live.runner:_tick:1546 - 123330 제닉 [ensemble] HOLD score=+0.00 B0/S0 | 현재가 23,550원 | 손절 -4.00%(ATR)
    VWAP 워밍업 중 (5/8봉)
    VWAP 수집중 (0/5봉)
    ST 하락추세 ─홀드 (+0.000)
    RSI 30.9 (기준 30/74) ─홀드 (+0.000)
    BB 23,617~24,048원 현재 23,550원 ─홀드 (+0.000)  ← 하단근접 [●──────────] -15%
    DC  ─홀드  ← 미보유 또는 청산 조건 미해당 (+0.000)
    거래량  MA3(봉부족,설정25)대비 1.75x  〰(neutral) (+0.0000)  ← 임계 미달 (기준 ≥1.2/≤0.7x) → 중립
2026-09-29 09:25:00.185 | INFO     | stock_bot.news.crawler:fetch_naver_news:207 - news relevance filter: 8 → 1 (제외 7건) [034020]
2026-09-29 09:25:00.186 | INFO     | stock_bot.news.crawler:fetch_naver_news:212 - fetched 1 news items for 034020
2026-09-29 09:25:00.191 | DEBUG    | stock_bot.live.runner:_news_tick:840 - news 034020 new=0/1 (모두 중복)
2026-09-29 09:25:00.318 | INFO     | stock_bot.news.crawler:fetch_naver_news:207 - news relevance filter: 10 → 1 (제외 9건) [241560]
2026-09-29 09:25:00.319 | INFO     | stock_bot.news.crawler:fetch_naver_news:212 - fetched 1 news items for 241560
2026-09-29 09:25:00.324 | DEBUG    | stock_bot.live.runner:_news_tick:840 - news 241560 new=0/1 (모두 중복)
2026-09-29 09:25:00.455 | INFO     | stock_bot.news.crawler:fetch_naver_news:207 - news relevance filter: 3 → 1 (제외 2건) [123330]
2026-09-29 09:25:00.456 | INFO     | stock_bot.news.crawler:fetch_naver_news:212 - fetched 1 news items for 123330
2026-09-29 09:25:00.461 | DEBUG    | stock_bot.live.runner:_news_tick:840 - news 123330 new=0/1 (모두 중복)
2026-09-29 09:25:01.627 | INFO     | stock_bot.live.runner:_tick:1546 - 034020 두산에너빌리티 [ensemble] HOLD score=+0.19 B1/S0 | 현재가 80,000원 | 손절 -4.00%(ATR)
    VWAP 워밍업 중 (6/8봉)
    VWAP 수집중 (0/5봉)
    ST 하락추세 ─홀드 (+0.000)
    RSI 29.6 (기준 30/74) ▲매수 (+0.235)
    BB 79,736~82,134원 현재 80,000원 ─홀드 (+0.000)  ← 하단근접 [─●────────] 11%
    DC  ─홀드  ← 미보유 또는 청산 조건 미해당 (+0.000)
    거래량  MA4(봉부족,설정25)대비 0.50x  ▼(penalty) (-0.0500)  ← 점수 조정 -0.0500
    뉴스  bias=+0.000 (1건)
2026-09-29 09:25:02.739 | INFO     | stock_bot.live.runner:_tick:1546 - 241560 두산밥캣 [ensemble] HOLD score=+0.40 B2/S0 | 현재가 56,400원 | 손절 -4.00%(ATR)
    VWAP 워밍업 중 (6/8봉)
    VWAP 수집중 (0/5봉)
    ST 하락추세 ─홀드 (+0.000)
    RSI 23.9 (기준 30/74) ▲매수 (+0.235)
    BB 56,280~59,140원 현재 56,400원 ▲매수 (+0.212)
    DC  ─홀드  ← 미보유 또는 청산 조건 미해당 (+0.000)
    거래량  MA4(봉부족,설정25)대비 0.66x  ▼(penalty) (-0.0500)  ← 점수 조정 -0.0500
2026-09-29 09:25:03.880 | INFO     | stock_bot.live.runner:_tick:1546 - 123330 제닉 [ensemble] HOLD score=+0.00 B0/S0 | 현재가 23,600원 | 손절 -4.00%(ATR)
    VWAP 워밍업 중 (6/8봉)
    VWAP 수집중 (0/5봉)
    ST 하락추세 ─홀드 (+0.000)
    RSI 34.8 (기준 30/74) ─홀드 (+0.000)
    BB 23,606~24,039원 현재 23,600원 ─홀드 (+0.000)  ← 하단근접 [●─────────] -1%
    DC  ─홀드  ← 미보유 또는 청산 조건 미해당 (+0.000)
    거래량  MA4(봉부족,설정25)대비 0.35x  〰(neutral) (+0.0000)  ← 임계 미달 (기준 ≥1.2/≤0.7x) → 중립
2026-09-29 09:30:00.216 | INFO     | stock_bot.news.crawler:fetch_naver_news:207 - news relevance filter: 8 → 1 (제외 7건) [034020]
2026-09-29 09:30:00.217 | INFO     | stock_bot.news.crawler:fetch_naver_news:212 - fetched 1 news items for 034020
2026-09-29 09:30:00.224 | DEBUG    | stock_bot.live.runner:_news_tick:840 - news 034020 new=0/1 (모두 중복)
2026-09-29 09:30:00.357 | INFO     | stock_bot.news.crawler:fetch_naver_news:207 - news relevance filter: 10 → 1 (제외 9건) [241560]
2026-09-29 09:30:00.357 | INFO     | stock_bot.news.crawler:fetch_naver_news:212 - fetched 1 news items for 241560
2026-09-29 09:30:00.363 | DEBUG    | stock_bot.live.runner:_news_tick:840 - news 241560 new=0/1 (모두 중복)
2026-09-29 09:30:00.500 | INFO     | stock_bot.news.crawler:fetch_naver_news:207 - news relevance filter: 3 → 1 (제외 2건) [123330]
2026-09-29 09:30:00.500 | INFO     | stock_bot.news.crawler:fetch_naver_news:212 - fetched 1 news items for 123330
2026-09-29 09:30:00.507 | DEBUG    | stock_bot.live.runner:_news_tick:840 - news 123330 new=0/1 (모두 중복)
2026-09-29 09:30:05.210 | INFO     | stock_bot.live.runner:_tick:1546 - 034020 두산에너빌리티 [ensemble] HOLD score=+0.24 B1/S0 | 현재가 79,800원 | 손절 -4.00%(ATR)
    VWAP 워밍업 중 (7/8봉)
    VWAP 수집중 (0/5봉)
    ST 하락추세 ─홀드 (+0.000)
    RSI 27.3 (기준 30/74) ▲매수 (+0.235)
    BB 79,556~82,144원 현재 79,800원 ─홀드 (+0.000)  ← 하단근접 [●─────────] 9%
    DC  ─홀드  ← 미보유 또는 청산 조건 미해당 (+0.000)
    거래량  MA5(봉부족,설정25)대비 1.01x  〰(neutral) (+0.0000)  ← 임계 미달 (기준 ≥1.2/≤0.7x) → 중립
    뉴스  bias=+0.000 (1건)
2026-09-29 09:30:11.678 | INFO     | stock_bot.live.runner:_tick:1546 - 241560 두산밥캣 [ensemble] HOLD score=+0.45 B2/S0 | 현재가 56,200원 | 손절 -4.00%(ATR)
    VWAP 워밍업 중 (7/8봉)
    VWAP 수집중 (0/5봉)
    ST 하락추세 ─홀드 (+0.000)
    RSI 22.2 (기준 30/74) ▲매수 (+0.235)
    BB 56,003~59,207원 현재 56,200원 ▲매수 (+0.212)
    DC  ─홀드  ← 미보유 또는 청산 조건 미해당 (+0.000)
    거래량  MA5(봉부족,설정25)대비 0.78x  〰(neutral) (+0.0000)  ← 임계 미달 (기준 ≥1.2/≤0.7x) → 중립
2026-09-29 09:30:19.957 | INFO     | stock_bot.live.runner:_tick:1546 - 123330 제닉 [ensemble] HOLD score=+0.21 B1/S0 | 현재가 23,550원 | 손절 -4.00%(ATR)
    VWAP 워밍업 중 (7/8봉)
    VWAP 수집중 (0/5봉)
    ST 하락추세 ─홀드 (+0.000)
    RSI 34.5 (기준 30/74) ─홀드 (+0.000)
    BB 23,534~24,066원 현재 23,550원 ▲매수 (+0.212)
    DC  ─홀드  ← 미보유 또는 청산 조건 미해당 (+0.000)
    거래량  MA5(봉부족,설정25)대비 0.85x  〰(neutral) (+0.0000)  ← 임계 미달 (기준 ≥1.2/≤0.7x) → 중립
2026-09-29 09:35:00.190 | INFO     | stock_bot.news.crawler:fetch_naver_news:207 - news relevance filter: 9 → 1 (제외 8건) [034020]
2026-09-29 09:35:00.192 | INFO     | stock_bot.news.crawler:fetch_naver_news:212 - fetched 1 news items for 034020
2026-09-29 09:35:00.197 | DEBUG    | stock_bot.live.runner:_news_tick:840 - news 034020 new=0/1 (모두 중복)
2026-09-29 09:35:00.312 | INFO     | stock_bot.news.crawler:fetch_naver_news:207 - news relevance filter: 10 → 1 (제외 9건) [241560]
2026-09-29 09:35:00.313 | INFO     | stock_bot.news.crawler:fetch_naver_news:212 - fetched 1 news items for 241560
2026-09-29 09:35:00.318 | DEBUG    | stock_bot.live.runner:_news_tick:840 - news 241560 new=0/1 (모두 중복)
2026-09-29 09:35:00.463 | INFO     | stock_bot.news.crawler:fetch_naver_news:207 - news relevance filter: 3 → 1 (제외 2건) [123330]
2026-09-29 09:35:00.464 | INFO     | stock_bot.news.crawler:fetch_naver_news:212 - fetched 1 news items for 123330
2026-09-29 09:35:00.468 | DEBUG    | stock_bot.live.runner:_news_tick:840 - news 123330 new=0/1 (모두 중복)
2026-09-29 09:35:44.101 | INFO     | stock_bot.live.runner:_tick:1546 - 034020 두산에너빌리티 [ensemble] HOLD score=+0.19 B1/S0 | 현재가 79,900원 | 손절 -4.00%(ATR)
    VWAP 수집중 (0/5봉)
    ST 하락추세 ─홀드 (+0.000)
    RSI 28.2 (기준 30/74) ▲매수 (+0.235)
    BB 79,468~82,082원 현재 79,900원 ─홀드 (+0.000)  ← 하단근접 [─●────────] 17%
    DC  ─홀드  ← 미보유 또는 청산 조건 미해당 (+0.000)
    거래량  MA6(봉부족,설정25)대비 0.45x  ▼(penalty) (-0.0500)  ← 점수 조정 -0.0500
    뉴스  bias=+0.000 (1건)
2026-09-29 09:36:00.104 | INFO     | stock_bot.live.runner:_tick:1546 - 241560 두산밥캣 [ensemble] HOLD score=+0.24 B1/S0 | 현재가 56,300원 | 손절 -4.00%(ATR)
    VWAP 수집중 (0/5봉)
    ST 하락추세 ─홀드 (+0.000)
    RSI 24.9 (기준 30/74) ▲매수 (+0.235)
    BB 55,851~59,189원 현재 56,300원 ─홀드 (+0.000)  ← 하단근접 [─●────────] 13%
    DC  ─홀드  ← 미보유 또는 청산 조건 미해당 (+0.000)
    거래량  MA6(봉부족,설정25)대비 0.94x  〰(neutral) (+0.0000)  ← 임계 미달 (기준 ≥1.2/≤0.7x) → 중립
2026-09-29 09:36:14.347 | INFO     | stock_bot.live.runner:_tick:1546 - 123330 제닉 [ensemble] HOLD score=+0.21 B1/S0 | 현재가 23,500원 | 손절 -4.00%(ATR)
    VWAP 수집중 (0/5봉)
    ST 하락추세 ─홀드 (+0.000)
    RSI 33.0 (기준 30/74) ─홀드 (+0.000)
    BB 23,466~24,079원 현재 23,500원 ▲매수 (+0.212)
    DC  ─홀드  ← 미보유 또는 청산 조건 미해당 (+0.000)
    거래량  MA6(봉부족,설정25)대비 0.96x  〰(neutral) (+0.0000)  ← 임계 미달 (기준 ≥1.2/≤0.7x) → 중립
2026-09-29 09:40:00.207 | INFO     | stock_bot.news.crawler:fetch_naver_news:207 - news relevance filter: 9 → 1 (제외 8건) [034020]
2026-09-29 09:40:00.208 | INFO     | stock_bot.news.crawler:fetch_naver_news:212 - fetched 1 news items for 034020
2026-09-29 09:40:00.215 | DEBUG    | stock_bot.live.runner:_news_tick:840 - news 034020 new=0/1 (모두 중복)
2026-09-29 09:40:00.349 | INFO     | stock_bot.news.crawler:fetch_naver_news:207 - news relevance filter: 10 → 1 (제외 9건) [241560]
2026-09-29 09:40:00.350 | INFO     | stock_bot.news.crawler:fetch_naver_news:212 - fetched 1 news items for 241560
2026-09-29 09:40:00.356 | DEBUG    | stock_bot.live.runner:_news_tick:840 - news 241560 new=0/1 (모두 중복)
2026-09-29 09:40:00.491 | INFO     | stock_bot.news.crawler:fetch_naver_news:207 - news relevance filter: 3 → 1 (제외 2건) [123330]
2026-09-29 09:40:00.493 | INFO     | stock_bot.news.crawler:fetch_naver_news:212 - fetched 1 news items for 123330
2026-09-29 09:40:00.499 | DEBUG    | stock_bot.live.runner:_news_tick:840 - news 123330 new=0/1 (모두 중복)
2026-09-29 09:40:07.341 | INFO     | stock_bot.live.runner:_tick:1546 - 034020 두산에너빌리티 [ensemble] HOLD score=+0.24 B1/S0 | 현재가 79,800원 | 손절 -4.00%(ATR)
    VWAP 수집중 (1/5봉)
    ST 하락추세 ─홀드 (+0.000)
    RSI 27.4 (기준 30/74) ▲매수 (+0.235)
    BB 79,335~82,045원 현재 79,800원 ─홀드 (+0.000)  ← 하단근접 [─●────────] 17%
    DC  ─홀드  ← 미보유 또는 청산 조건 미해당 (+0.000)
    거래량  MA7(봉부족,설정25)대비 0.71x  〰(neutral) (+0.0000)  ← 임계 미달 (기준 ≥1.2/≤0.7x) → 중립
    뉴스  bias=+0.000 (1건)
2026-09-29 09:40:09.074 | INFO     | stock_bot.live.runner:_tick:1546 - 241560 두산밥캣 [ensemble] HOLD score=+0.19 B1/S0 | 현재가 56,200원 | 손절 -4.00%(ATR)
    VWAP 수집중 (1/5봉)
    ST 하락추세 ─홀드 (+0.000)
    RSI 24.0 (기준 30/74) ▲매수 (+0.235)
    BB 55,661~59,179원 현재 56,200원 ─홀드 (+0.000)  ← 하단근접 [─●────────] 15%
    DC  ─홀드  ← 미보유 또는 청산 조건 미해당 (+0.000)
    거래량  MA7(봉부족,설정25)대비 0.58x  ▼(penalty) (-0.0500)  ← 점수 조정 -0.0500
2026-09-29 09:40:11.317 | INFO     | stock_bot.live.runner:_tick:1546 - 123330 제닉 [ensemble] HOLD score=+0.45 B2/S0 | 현재가 23,400원 | 손절 -4.00%(ATR)
    VWAP 수집중 (1/5봉)
    ST 하락추세 ─홀드 (+0.000)
    RSI 27.9 (기준 30/74) ▲매수 (+0.235)
    BB 23,397~24,088원 현재 23,400원 ▲매수 (+0.212)
    DC  ─홀드  ← 미보유 또는 청산 조건 미해당 (+0.000)
    거래량  MA7(봉부족,설정25)대비 0.71x  〰(neutral) (+0.0000)  ← 임계 미달 (기준 ≥1.2/≤0.7x) → 중립
2026-09-29 09:45:00.190 | INFO     | stock_bot.news.crawler:fetch_naver_news:207 - news relevance filter: 9 → 1 (제외 8건) [034020]
2026-09-29 09:45:00.192 | INFO     | stock_bot.news.crawler:fetch_naver_news:212 - fetched 1 news items for 034020
2026-09-29 09:45:00.199 | DEBUG    | stock_bot.live.runner:_news_tick:840 - news 034020 new=0/1 (모두 중복)
2026-09-29 09:45:00.325 | INFO     | stock_bot.news.crawler:fetch_naver_news:207 - news relevance filter: 10 → 1 (제외 9건) [241560]
2026-09-29 09:45:00.326 | INFO     | stock_bot.news.crawler:fetch_naver_news:212 - fetched 1 news items for 241560
2026-09-29 09:45:00.331 | DEBUG    | stock_bot.live.runner:_news_tick:840 - news 241560 new=0/1 (모두 중복)
2026-09-29 09:45:00.447 | INFO     | stock_bot.news.crawler:fetch_naver_news:207 - news relevance filter: 3 → 1 (제외 2건) [123330]
2026-09-29 09:45:00.448 | INFO     | stock_bot.news.crawler:fetch_naver_news:212 - fetched 1 news items for 123330
2026-09-29 09:45:00.453 | DEBUG    | stock_bot.live.runner:_news_tick:840 - news 123330 new=0/1 (모두 중복)
2026-09-29 09:45:09.235 | INFO     | stock_bot.live.runner:_tick:1546 - 034020 두산에너빌리티 [ensemble] HOLD score=+0.24 B1/S0 | 현재가 79,800원 | 손절 -4.00%(ATR)
    VWAP 수집중 (2/5봉)
    ST 하락추세 ─홀드 (+0.000)
    RSI 27.0 (기준 30/74) ▲매수 (+0.235)
    BB 79,243~81,977원 현재 79,800원 ─홀드 (+0.000)  ← 하단근접 [──●───────] 20%
    DC  ─홀드  ← 미보유 또는 청산 조건 미해당 (+0.000)
    거래량  MA8(봉부족,설정25)대비 0.97x  〰(neutral) (+0.0000)  ← 임계 미달 (기준 ≥1.2/≤0.7x) → 중립
    뉴스  bias=+0.000 (1건)
2026-09-29 09:45:15.672 | INFO     | stock_bot.live.runner:_tick:1546 - 241560 두산밥캣 [ensemble] HOLD score=+0.19 B1/S0 | 현재가 56,200원 | 손절 -4.00%(ATR)
    VWAP 수집중 (2/5봉)
    ST 하락추세 ─홀드 (+0.000)
    RSI 24.0 (기준 30/74) ▲매수 (+0.235)
    BB 55,516~59,134원 현재 56,200원 ─홀드 (+0.000)  ← 하단근접 [─●────────] 19%
    DC  ─홀드  ← 미보유 또는 청산 조건 미해당 (+0.000)
    거래량  MA8(봉부족,설정25)대비 0.28x  ▼(penalty) (-0.0500)  ← 점수 조정 -0.0500
2026-09-29 09:45:22.993 | INFO     | stock_bot.live.runner:_tick:1546 - 123330 제닉 [ensemble] HOLD score=+0.34 B1/S0 | 현재가 23,250원 | 손절 -4.00%(ATR)
    VWAP 수집중 (2/5봉)
    ST 하락추세 ─홀드 (+0.000)
    RSI 23.8 (기준 30/74) ▲매수 (+0.235)
    BB 23,298~24,117원 현재 23,250원 ─홀드 (+0.000)  ← 하단근접 [●─────────] -6%
    DC  ─홀드  ← 미보유 또는 청산 조건 미해당 (+0.000)
    거래량  MA8(봉부족,설정25)대비 1.56x  ▲(boost) (+0.1000)  ← 점수 조정 +0.1000
2026-09-29 09:50:00.209 | INFO     | stock_bot.news.crawler:fetch_naver_news:207 - news relevance filter: 9 → 1 (제외 8건) [034020]
2026-09-29 09:50:00.210 | INFO     | stock_bot.news.crawler:fetch_naver_news:212 - fetched 1 news items for 034020
2026-09-29 09:50:00.216 | DEBUG    | stock_bot.live.runner:_news_tick:840 - news 034020 new=0/1 (모두 중복)
2026-09-29 09:50:00.351 | INFO     | stock_bot.news.crawler:fetch_naver_news:207 - news relevance filter: 10 → 1 (제외 9건) [241560]
2026-09-29 09:50:00.352 | INFO     | stock_bot.news.crawler:fetch_naver_news:212 - fetched 1 news items for 241560
2026-09-29 09:50:00.358 | DEBUG    | stock_bot.live.runner:_news_tick:840 - news 241560 new=0/1 (모두 중복)
2026-09-29 09:50:00.491 | INFO     | stock_bot.news.crawler:fetch_naver_news:207 - news relevance filter: 3 → 1 (제외 2건) [123330]
2026-09-29 09:50:00.492 | INFO     | stock_bot.news.crawler:fetch_naver_news:212 - fetched 1 news items for 123330
2026-09-29 09:50:00.499 | DEBUG    | stock_bot.live.runner:_news_tick:840 - news 123330 new=0/1 (모두 중복)
2026-09-29 09:50:03.058 | INFO     | stock_bot.live.runner:_tick:1546 - 034020 두산에너빌리티 [ensemble] HOLD score=+0.19 B1/S0 | 현재가 79,550원 | 손절 -4.00%(ATR)
    VWAP 수집중 (3/5봉)
    ST 하락추세 ─홀드 (+0.000)
    RSI 25.5 (기준 30/74) ▲매수 (+0.235)
    BB 79,072~81,933원 현재 79,550원 ─홀드 (+0.000)  ← 하단근접 [─●────────] 17%
    DC  ─홀드  ← 미보유 또는 청산 조건 미해당 (+0.000)
    거래량  MA9(봉부족,설정25)대비 0.70x  ▼(penalty) (-0.0500)  ← 점수 조정 -0.0500
    뉴스  bias=+0.000 (1건)
2026-09-29 09:50:04.886 | INFO     | stock_bot.live.runner:_tick:1546 - 241560 두산밥캣 [ensemble] HOLD score=+0.19 B1/S0 | 현재가 56,300원 | 손절 -4.00%(ATR)
    VWAP 수집중 (3/5봉)
    ST 하락추세 ─홀드 (+0.000)
    RSI 26.9 (기준 30/74) ▲매수 (+0.235)
    BB 55,432~59,038원 현재 56,300원 ─홀드 (+0.000)  ← 하단근접 [──●───────] 24%
    DC  ─홀드  ← 미보유 또는 청산 조건 미해당 (+0.000)
    거래량  MA9(봉부족,설정25)대비 0.18x  ▼(penalty) (-0.0500)  ← 점수 조정 -0.0500
2026-09-29 09:50:07.179 | INFO     | stock_bot.live.runner:_tick:1546 - 123330 제닉 [ensemble] HOLD score=+0.45 B2/S0 | 현재가 23,250원 | 손절 -4.00%(ATR)
    VWAP 수집중 (3/5봉)
    ST 하락추세 ─홀드 (+0.000)
    RSI 23.5 (기준 30/74) ▲매수 (+0.235)
    BB 23,240~24,115원 현재 23,250원 ▲매수 (+0.212)
    DC  ─홀드  ← 미보유 또는 청산 조건 미해당 (+0.000)
    거래량  MA9(봉부족,설정25)대비 0.85x  〰(neutral) (+0.0000)  ← 임계 미달 (기준 ≥1.2/≤0.7x) → 중립
2026-09-29 09:55:00.195 | INFO     | stock_bot.news.crawler:fetch_naver_news:207 - news relevance filter: 9 → 1 (제외 8건) [034020]
2026-09-29 09:55:00.199 | INFO     | stock_bot.news.crawler:fetch_naver_news:212 - fetched 1 news items for 034020
2026-09-29 09:55:00.205 | DEBUG    | stock_bot.live.runner:_news_tick:840 - news 034020 new=0/1 (모두 중복)
2026-09-29 09:55:00.327 | INFO     | stock_bot.news.crawler:fetch_naver_news:207 - news relevance filter: 10 → 1 (제외 9건) [241560]
2026-09-29 09:55:00.328 | INFO     | stock_bot.news.crawler:fetch_naver_news:212 - fetched 1 news items for 241560
2026-09-29 09:55:00.333 | DEBUG    | stock_bot.live.runner:_news_tick:840 - news 241560 new=0/1 (모두 중복)
2026-09-29 09:55:00.454 | INFO     | stock_bot.news.crawler:fetch_naver_news:207 - news relevance filter: 3 → 1 (제외 2건) [123330]
2026-09-29 09:55:00.455 | INFO     | stock_bot.news.crawler:fetch_naver_news:212 - fetched 1 news items for 123330
2026-09-29 09:55:00.460 | DEBUG    | stock_bot.live.runner:_news_tick:840 - news 123330 new=0/1 (모두 중복)
2026-09-29 09:55:15.841 | INFO     | stock_bot.live.runner:_tick:1546 - 034020 두산에너빌리티 [ensemble] HOLD score=+0.34 B1/S0 | 현재가 79,150원 | 손절 -4.00%(ATR)
    VWAP 수집중 (4/5봉)
    ST 하락추세 ─홀드 (+0.000)
    RSI 22.2 (기준 30/74) ▲매수 (+0.235)
    BB 78,815~81,920원 현재 79,150원 ─홀드 (+0.000)  ← 하단근접 [─●────────] 11%
    DC  ─홀드  ← 미보유 또는 청산 조건 미해당 (+0.000)
    거래량  MA10(봉부족,설정25)대비 2.73x  ▲(boost) (+0.1000)  ← 점수 조정 +0.1000
    뉴스  bias=+0.000 (1건)
2026-09-29 09:55:24.568 | INFO     | stock_bot.live.runner:_tick:1546 - 241560 두산밥캣 [ensemble] HOLD score=+0.34 B1/S0 | 현재가 56,200원 | 손절 -4.00%(ATR)
    VWAP 수집중 (4/5봉)
    ST 하락추세 ─홀드 (+0.000)
    RSI 25.8 (기준 30/74) ▲매수 (+0.235)
    BB 55,335~58,935원 현재 56,200원 ─홀드 (+0.000)  ← 하단근접 [──●───────] 24%
    DC  ─홀드  ← 미보유 또는 청산 조건 미해당 (+0.000)
    거래량  MA10(봉부족,설정25)대비 3.21x  ▲(boost) (+0.1000)  ← 점수 조정 +0.1000
2026-09-29 09:55:33.336 | INFO     | stock_bot.live.runner:_tick:1546 - 123330 제닉 [ensemble] HOLD score=+0.55 B2/S0 | 현재가 23,150원 | 손절 -4.00%(ATR)
    VWAP 수집중 (4/5봉)
    ST 하락추세 ─홀드 (+0.000)
    RSI 21.7 (기준 30/74) ▲매수 (+0.235)
    BB 23,133~24,137원 현재 23,150원 ▲매수 (+0.212)
    DC  ─홀드  ← 미보유 또는 청산 조건 미해당 (+0.000)
    거래량  MA10(봉부족,설정25)대비 1.43x  ▲(boost) (+0.1000)  ← 점수 조정 +0.1000
2026-09-29 10:00:00.196 | INFO     | stock_bot.news.crawler:fetch_naver_news:207 - news relevance filter: 9 → 1 (제외 8건) [034020]
2026-09-29 10:00:00.197 | INFO     | stock_bot.news.crawler:fetch_naver_news:212 - fetched 1 news items for 034020
2026-09-29 10:00:00.203 | DEBUG    | stock_bot.live.runner:_news_tick:840 - news 034020 new=0/1 (모두 중복)
2026-09-29 10:00:00.337 | INFO     | stock_bot.news.crawler:fetch_naver_news:207 - news relevance filter: 10 → 1 (제외 9건) [241560]
2026-09-29 10:00:00.338 | INFO     | stock_bot.news.crawler:fetch_naver_news:212 - fetched 1 news items for 241560
2026-09-29 10:00:00.344 | DEBUG    | stock_bot.live.runner:_news_tick:840 - news 241560 new=0/1 (모두 중복)
2026-09-29 10:00:00.479 | INFO     | stock_bot.news.crawler:fetch_naver_news:207 - news relevance filter: 3 → 1 (제외 2건) [123330]
2026-09-29 10:00:00.480 | INFO     | stock_bot.news.crawler:fetch_naver_news:212 - fetched 1 news items for 123330
2026-09-29 10:00:00.487 | DEBUG    | stock_bot.live.runner:_news_tick:840 - news 123330 new=0/1 (모두 중복)
2026-09-29 10:00:09.203 | INFO     | stock_bot.live.runner:_tick:1546 - 034020 두산에너빌리티 [ensemble] HOLD score=+0.34 B1/S0 | 현재가 79,400원 | 손절 -4.00%(ATR)
    VWAP 79,351원 +0.06% ─홀드 (+0.000)
    ST 하락추세 ─홀드 (+0.000)
    RSI 28.6 (기준 30/74) ▲매수 (+0.235)
    BB 78,757~81,803원 현재 79,400원 ─홀드 (+0.000)  ← 하단근접 [──●───────] 21%
    DC  ─홀드  ← 미보유 또는 청산 조건 미해당 (+0.000)
    거래량  MA11(봉부족,설정25)대비 1.92x  ▲(boost) (+0.1000)  ← 점수 조정 +0.1000
2026-09-29 10:00:18.657 | INFO     | stock_bot.live.runner:_tick:1546 - 241560 두산밥캣 [ensemble] HOLD score=+0.19 B1/S0 | 현재가 56,100원 | 손절 -4.00%(ATR)
    VWAP 56,277원 -0.31% ─홀드 (+0.000)
    ST 하락추세 ─홀드 (+0.000)
    RSI 24.8 (기준 30/74) ▲매수 (+0.235)
    BB 55,223~58,837원 현재 56,100원 ─홀드 (+0.000)  ← 하단근접 [──●───────] 24%
    DC  ─홀드  ← 미보유 또는 청산 조건 미해당 (+0.000)
    거래량  MA11(봉부족,설정25)대비 0.57x  ▼(penalty) (-0.0500)  ← 점수 조정 -0.0500
2026-09-29 10:00:32.774 | INFO     | stock_bot.live.runner:_tick:1546 - 123330 제닉 [ensemble] HOLD score=+0.40 B2/S0 | 현재가 23,100원 | 손절 -4.00%(ATR)
    VWAP 23,259원 -0.68% ─홀드 (+0.000)
    ST 하락추세 ─홀드 (+0.000)
    RSI 20.6 (기준 30/74) ▲매수 (+0.235)
    BB 23,048~24,132원 현재 23,100원 ▲매수 (+0.212)
    DC  ─홀드  ← 미보유 또는 청산 조건 미해당 (+0.000)
    거래량  MA11(봉부족,설정25)대비 0.48x  ▼(penalty) (-0.0500)  ← 점수 조정 -0.0500
2026-09-29 10:05:00.191 | INFO     | stock_bot.news.crawler:fetch_naver_news:207 - news relevance filter: 9 → 1 (제외 8건) [034020]
2026-09-29 10:05:00.194 | INFO     | stock_bot.news.crawler:fetch_naver_news:212 - fetched 1 news items for 034020
2026-09-29 10:05:00.199 | DEBUG    | stock_bot.live.runner:_news_tick:840 - news 034020 new=0/1 (모두 중복)
2026-09-29 10:05:00.312 | INFO     | stock_bot.news.crawler:fetch_naver_news:207 - news relevance filter: 10 → 1 (제외 9건) [241560]
2026-09-29 10:05:00.313 | INFO     | stock_bot.news.crawler:fetch_naver_news:212 - fetched 1 news items for 241560
2026-09-29 10:05:00.318 | DEBUG    | stock_bot.live.runner:_news_tick:840 - news 241560 new=0/1 (모두 중복)
2026-09-29 10:05:00.441 | INFO     | stock_bot.news.crawler:fetch_naver_news:207 - news relevance filter: 3 → 1 (제외 2건) [123330]
2026-09-29 10:05:00.442 | INFO     | stock_bot.news.crawler:fetch_naver_news:212 - fetched 1 news items for 123330
2026-09-29 10:05:00.447 | DEBUG    | stock_bot.live.runner:_news_tick:840 - news 123330 new=0/1 (모두 중복)
2026-09-29 10:05:06.247 | INFO     | stock_bot.live.runner:_tick:1546 - 034020 두산에너빌리티 [ensemble] HOLD score=+0.00 B0/S0 | 현재가 79,700원 | 손절 -4.00%(ATR)
    VWAP 79,371원 +0.42% ─홀드 (+0.000)
    ST 하락추세 ─홀드 (+0.000)
    RSI 35.2 (기준 30/74) ─홀드 (+0.000)
    BB 78,770~81,670원 현재 79,700원 ─홀드 (+0.000)  ← 중간 [───●──────] 32%
    DC  ─홀드  ← 미보유 또는 청산 조건 미해당 (+0.000)
    거래량  MA12(봉부족,설정25)대비 0.69x  〰(neutral) (+0.0000)  ← 임계 미달 (기준 ≥1.2/≤0.7x) → 중립
2026-09-29 10:05:07.882 | INFO     | stock_bot.live.runner:_tick:1546 - 241560 두산밥캣 [ensemble] HOLD score=+0.19 B1/S0 | 현재가 56,100원 | 손절 -4.00%(ATR)
    VWAP 56,272원 -0.31% ─홀드 (+0.000)
    ST 하락추세 ─홀드 (+0.000)
    RSI 24.9 (기준 30/74) ▲매수 (+0.235)
    BB 55,152~58,708원 현재 56,100원 ─홀드 (+0.000)  ← 중간 [──●───────] 27%
    DC  ─홀드  ← 미보유 또는 청산 조건 미해당 (+0.000)
    거래량  MA12(봉부족,설정25)대비 0.13x  ▼(penalty) (-0.0500)  ← 점수 조정 -0.0500
2026-09-29 10:05:10.012 | INFO     | stock_bot.live.runner:_tick:1546 - 123330 제닉 [ensemble] HOLD score=+0.00 B0/S0 | 현재가 23,200원 | 손절 -4.00%(ATR)
    VWAP 23,261원 -0.26% ─홀드 (+0.000)
    ST 하락추세 ─홀드 (+0.000)
    RSI 30.8 (기준 30/74) ─홀드 (+0.000)
    BB 23,042~24,093원 현재 23,200원 ─홀드 (+0.000)  ← 하단근접 [─●────────] 15%
    DC  ─홀드  ← 미보유 또는 청산 조건 미해당 (+0.000)
    거래량  MA12(봉부족,설정25)대비 0.61x  〰(neutral) (+0.0000)  ← 임계 미달 (기준 ≥1.2/≤0.7x) → 중립
2026-09-29 10:10:00.194 | INFO     | stock_bot.news.crawler:fetch_naver_news:207 - news relevance filter: 9 → 1 (제외 8건) [034020]
2026-09-29 10:10:00.195 | INFO     | stock_bot.news.crawler:fetch_naver_news:212 - fetched 1 news items for 034020
2026-09-29 10:10:00.201 | DEBUG    | stock_bot.live.runner:_news_tick:840 - news 034020 new=0/1 (모두 중복)
2026-09-29 10:10:00.333 | INFO     | stock_bot.news.crawler:fetch_naver_news:207 - news relevance filter: 10 → 1 (제외 9건) [241560]
2026-09-29 10:10:00.337 | INFO     | stock_bot.news.crawler:fetch_naver_news:212 - fetched 1 news items for 241560
2026-09-29 10:10:00.345 | DEBUG    | stock_bot.live.runner:_news_tick:840 - news 241560 new=0/1 (모두 중복)
2026-09-29 10:10:00.491 | INFO     | stock_bot.news.crawler:fetch_naver_news:207 - news relevance filter: 3 → 1 (제외 2건) [123330]
2026-09-29 10:10:00.492 | INFO     | stock_bot.news.crawler:fetch_naver_news:212 - fetched 1 news items for 123330
2026-09-29 10:10:00.498 | DEBUG    | stock_bot.live.runner:_news_tick:840 - news 123330 new=0/1 (모두 중복)
2026-09-29 10:10:31.184 | INFO     | stock_bot.live.runner:_tick:1546 - 034020 두산에너빌리티 [ensemble] HOLD score=+0.00 B0/S0 | 현재가 79,400원 | 손절 -4.00%(ATR)
    VWAP 79,389원 +0.01% ─홀드 (+0.000)
    ST 하락추세 ─홀드 (+0.000)
    RSI 32.2 (기준 30/74) ─홀드 (+0.000)
    BB 78,699~81,531원 현재 79,400원 ─홀드 (+0.000)  ← 하단근접 [──●───────] 25%
    DC  ─홀드  ← 미보유 또는 청산 조건 미해당 (+0.000)
    거래량  MA13(봉부족,설정25)대비 0.86x  〰(neutral) (+0.0000)  ← 임계 미달 (기준 ≥1.2/≤0.7x) → 중립
2026-09-29 10:10:36.096 | INFO     | stock_bot.live.runner:_tick:1546 - 241560 두산밥캣 [ensemble] HOLD score=+0.19 B1/S0 | 현재가 56,000원 | 손절 -4.00%(ATR)
    VWAP 56,257원 -0.46% ─홀드 (+0.000)
    ST 하락추세 ─홀드 (+0.000)
    RSI 25.7 (기준 30/74) ▲매수 (+0.235)
    BB 55,103~58,557원 현재 56,000원 ─홀드 (+0.000)  ← 중간 [──●───────] 26%
    DC  ─홀드  ← 미보유 또는 청산 조건 미해당 (+0.000)
    거래량  MA13(봉부족,설정25)대비 0.33x  ▼(penalty) (-0.0500)  ← 점수 조정 -0.0500
2026-09-29 10:10:37.927 | INFO     | stock_bot.live.runner:_tick:1546 - 123330 제닉 [ensemble] HOLD score=+0.00 B0/S0 | 현재가 23,400원 | 손절 -4.00%(ATR)
    VWAP 23,273원 +0.54% ─홀드 (+0.000)
    ST 하락추세 ─홀드 (+0.000)
    RSI 39.0 (기준 30/74) ─홀드 (+0.000)
    BB 23,057~24,048원 현재 23,400원 ─홀드 (+0.000)  ← 중간 [───●──────] 35%
    DC  ─홀드  ← 미보유 또는 청산 조건 미해당 (+0.000)
    거래량  MA13(봉부족,설정25)대비 0.59x  〰(neutral) (+0.0000)  ← 임계 미달 (기준 ≥1.2/≤0.7x) → 중립
2026-09-29 10:15:00.187 | INFO     | stock_bot.news.crawler:fetch_naver_news:207 - news relevance filter: 10 → 1 (제외 9건) [034020]
2026-09-29 10:15:00.188 | INFO     | stock_bot.news.crawler:fetch_naver_news:212 - fetched 1 news items for 034020
2026-09-29 10:15:00.194 | DEBUG    | stock_bot.live.runner:_news_tick:840 - news 034020 new=0/1 (모두 중복)
2026-09-29 10:15:00.339 | INFO     | stock_bot.news.crawler:fetch_naver_news:207 - news relevance filter: 10 → 1 (제외 9건) [241560]
2026-09-29 10:15:00.340 | INFO     | stock_bot.news.crawler:fetch_naver_news:212 - fetched 1 news items for 241560
2026-09-29 10:15:00.345 | DEBUG    | stock_bot.live.runner:_news_tick:840 - news 241560 new=0/1 (모두 중복)
2026-09-29 10:15:00.492 | INFO     | stock_bot.news.crawler:fetch_naver_news:207 - news relevance filter: 3 → 1 (제외 2건) [123330]
2026-09-29 10:15:00.493 | INFO     | stock_bot.news.crawler:fetch_naver_news:212 - fetched 1 news items for 123330
2026-09-29 10:15:00.498 | DEBUG    | stock_bot.live.runner:_news_tick:840 - news 123330 new=0/1 (모두 중복)
2026-09-29 10:15:21.236 | INFO     | stock_bot.live.runner:_tick:1546 - 034020 두산에너빌리티 [ensemble] HOLD score=+0.00 B0/S0 | 현재가 79,200원 | 손절 -4.00%(ATR)
    VWAP 79,384원 -0.23% ─홀드 (+0.000)
    ST 하락추세 ─홀드 (+0.000)
    RSI 30.1 (기준 30/74) ─홀드 (+0.000)
    BB 78,625~81,395원 현재 79,200원 ─홀드 (+0.000)  ← 하단근접 [──●───────] 21%
    DC  ─홀드  ← 미보유 또는 청산 조건 미해당 (+0.000)
    거래량  MA14(봉부족,설정25)대비 0.74x  〰(neutral) (+0.0000)  ← 임계 미달 (기준 ≥1.2/≤0.7x) → 중립
2026-09-29 10:15:35.602 | INFO     | stock_bot.broker.naver_index:regime_blocks:138 - naver_index: KOSPI 일봉 베어(20MA아래 & 10일모멘텀−) → 신규매수 차단
2026-09-29 10:15:35.603 | INFO     | stock_bot.live.runner:_tick:1361 - 241560 [레짐-차단] KOSPI 일봉 20MA아래 & 10일모멘텀− → 신규 매수 차단
2026-09-29 10:15:35.621 | INFO     | stock_bot.live.runner:_tick:1546 - 241560 두산밥캣 [ensemble] HOLD score=+0.63 B2/S0 | 현재가 55,800원 | 손절 -4.00%(ATR) | ⚑약세장 차단
    VWAP 56,196원 -0.70% ▲매수 (+0.294)
    ST 하락추세 ─홀드 (+0.000)
    RSI 23.8 (기준 30/74) ▲매수 (+0.235)
    BB 55,009~58,401원 현재 55,800원 ─홀드 (+0.000)  ← 하단근접 [──●───────] 23%
    DC  ─홀드  ← 미보유 또는 청산 조건 미해당 (+0.000)
    거래량  MA14(봉부족,설정25)대비 1.30x  ▲(boost) (+0.1000)  ← 점수 조정 +0.1000
2026-09-29 10:15:53.961 | INFO     | stock_bot.live.runner:_tick:1546 - 123330 제닉 [ensemble] HOLD score=+0.00 B0/S0 | 현재가 23,400원 | 손절 -4.00%(ATR)
    VWAP 23,275원 +0.54% ─홀드 (+0.000)
    ST 하락추세 ─홀드 (+0.000)
    RSI 41.0 (기준 30/74) ─홀드 (+0.000)
    BB 23,030~24,015원 현재 23,400원 ─홀드 (+0.000)  ← 중간 [───●──────] 38%
    DC  ─홀드  ← 미보유 또는 청산 조건 미해당 (+0.000)
    거래량  MA14(봉부족,설정25)대비 0.77x  〰(neutral) (+0.0000)  ← 임계 미달 (기준 ≥1.2/≤0.7x) → 중립
2026-09-29 10:20:00.180 | INFO     | stock_bot.news.crawler:fetch_naver_news:207 - news relevance filter: 10 → 1 (제외 9건) [034020]
2026-09-29 10:20:00.181 | INFO     | stock_bot.news.crawler:fetch_naver_news:212 - fetched 1 news items for 034020
2026-09-29 10:20:00.191 | DEBUG    | stock_bot.live.runner:_news_tick:840 - news 034020 new=0/1 (모두 중복)
2026-09-29 10:20:00.333 | INFO     | stock_bot.news.crawler:fetch_naver_news:207 - news relevance filter: 10 → 1 (제외 9건) [241560]
2026-09-29 10:20:00.335 | INFO     | stock_bot.news.crawler:fetch_naver_news:212 - fetched 1 news items for 241560
2026-09-29 10:20:00.341 | DEBUG    | stock_bot.live.runner:_news_tick:840 - news 241560 new=0/1 (모두 중복)
2026-09-29 10:20:00.479 | INFO     | stock_bot.news.crawler:fetch_naver_news:207 - news relevance filter: 3 → 1 (제외 2건) [123330]
2026-09-29 10:20:00.480 | INFO     | stock_bot.news.crawler:fetch_naver_news:212 - fetched 1 news items for 123330
2026-09-29 10:20:00.486 | DEBUG    | stock_bot.live.runner:_news_tick:840 - news 123330 new=0/1 (모두 중복)
2026-09-29 10:20:26.374 | INFO     | stock_bot.live.runner:_tick:1546 - 034020 두산에너빌리티 [ensemble] HOLD score=+0.00 B0/S0 | 현재가 79,200원 | 손절 -4.00%(ATR)
    VWAP 79,368원 -0.21% ─홀드 (+0.000)
    ST 하락추세 ─홀드 (+0.000)
    RSI 30.3 (기준 30/74) ─홀드 (+0.000)
    BB 78,616~81,194원 현재 79,200원 ─홀드 (+0.000)  ← 하단근접 [──●───────] 23%
    DC  ─홀드  ← 미보유 또는 청산 조건 미해당 (+0.000)
    거래량  MA15(봉부족,설정25)대비 0.76x  〰(neutral) (+0.0000)  ← 임계 미달 (기준 ≥1.2/≤0.7x) → 중립
2026-09-29 10:20:38.138 | INFO     | stock_bot.live.runner:_tick:1546 - 241560 두산밥캣 [ensemble] HOLD score=+0.19 B1/S0 | 현재가 55,800원 | 손절 -4.00%(ATR)
    VWAP 56,180원 -0.68% ─홀드 (+0.000)
    ST 하락추세 ─홀드 (+0.000)
    RSI 23.9 (기준 30/74) ▲매수 (+0.235)
    BB 54,998~58,172원 현재 55,800원 ─홀드 (+0.000)  ← 중간 [──●───────] 25%
    DC  ─홀드  ← 미보유 또는 청산 조건 미해당 (+0.000)
    거래량  MA15(봉부족,설정25)대비 0.31x  ▼(penalty) (-0.0500)  ← 점수 조정 -0.0500
2026-09-29 10:20:45.171 | INFO     | stock_bot.live.runner:_tick:1546 - 123330 제닉 [ensemble] HOLD score=+0.00 B0/S0 | 현재가 23,400원 | 손절 -4.00%(ATR)
    VWAP 23,279원 +0.52% ─홀드 (+0.000)
    ST 하락추세 ─홀드 (+0.000)
    RSI 41.1 (기준 30/74) ─홀드 (+0.000)
    BB 23,030~23,970원 현재 23,400원 ─홀드 (+0.000)  ← 중간 [───●──────] 39%
    DC  ─홀드  ← 미보유 또는 청산 조건 미해당 (+0.000)
    거래량  MA15(봉부족,설정25)대비 0.41x  〰(neutral) (+0.0000)  ← 임계 미달 (기준 ≥1.2/≤0.7x) → 중립
2026-09-29 10:25:00.194 | INFO     | stock_bot.news.crawler:fetch_naver_news:207 - news relevance filter: 11 → 1 (제외 10건) [034020]
2026-09-29 10:25:00.196 | INFO     | stock_bot.news.crawler:fetch_naver_news:212 - fetched 1 news items for 034020
2026-09-29 10:25:00.201 | DEBUG    | stock_bot.live.runner:_news_tick:840 - news 034020 new=0/1 (모두 중복)
2026-09-29 10:25:00.321 | INFO     | stock_bot.news.crawler:fetch_naver_news:207 - news relevance filter: 10 → 1 (제외 9건) [241560]
2026-09-29 10:25:00.322 | INFO     | stock_bot.news.crawler:fetch_naver_news:212 - fetched 1 news items for 241560
2026-09-29 10:25:00.327 | DEBUG    | stock_bot.live.runner:_news_tick:840 - news 241560 new=0/1 (모두 중복)
2026-09-29 10:25:00.450 | INFO     | stock_bot.news.crawler:fetch_naver_news:207 - news relevance filter: 3 → 1 (제외 2건) [123330]
2026-09-29 10:25:00.451 | INFO     | stock_bot.news.crawler:fetch_naver_news:212 - fetched 1 news items for 123330
2026-09-29 10:25:00.456 | DEBUG    | stock_bot.live.runner:_news_tick:840 - news 123330 new=0/1 (모두 중복)
2026-09-29 10:25:08.954 | INFO     | stock_bot.live.runner:_tick:1546 - 034020 두산에너빌리티 [ensemble] HOLD score=+0.00 B0/S0 | 현재가 79,400원 | 손절 -4.00%(ATR)
    VWAP 79,366원 +0.04% ─홀드 (+0.000)
    ST 하락추세 ─홀드 (+0.000)
    RSI 34.3 (기준 30/74) ─홀드 (+0.000)
    BB 78,692~80,958원 현재 79,400원 ─홀드 (+0.000)  ← 중간 [───●──────] 31%
    DC  ─홀드  ← 미보유 또는 청산 조건 미해당 (+0.000)
    거래량  MA16(봉부족,설정25)대비 0.75x  〰(neutral) (+0.0000)  ← 임계 미달 (기준 ≥1.2/≤0.7x) → 중립
2026-09-29 10:25:19.225 | INFO     | stock_bot.live.runner:_tick:1546 - 241560 두산밥캣 [ensemble] HOLD score=+0.19 B1/S0 | 현재가 55,800원 | 손절 -3.95%(ATR)
    VWAP 56,160원 -0.64% ─홀드 (+0.000)
    ST 하락추세 ─홀드 (+0.000)
    RSI 23.8 (기준 30/74) ▲매수 (+0.235)
    BB 55,037~57,893원 현재 55,800원 ─홀드 (+0.000)  ← 중간 [──●───────] 27%
    DC  ─홀드  ← 미보유 또는 청산 조건 미해당 (+0.000)
    거래량  MA16(봉부족,설정25)대비 0.33x  ▼(penalty) (-0.0500)  ← 점수 조정 -0.0500
2026-09-29 10:25:29.186 | INFO     | stock_bot.live.runner:_tick:1546 - 123330 제닉 [ensemble] HOLD score=+0.00 B0/S0 | 현재가 23,300원 | 손절 -4.00%(ATR)
    VWAP 23,280원 +0.09% ─홀드 (+0.000)
    ST 하락추세 ─홀드 (+0.000)
    RSI 37.9 (기준 30/74) ─홀드 (+0.000)
    BB 23,020~23,920원 현재 23,300원 ─홀드 (+0.000)  ← 중간 [───●──────] 31%
    DC  ─홀드  ← 미보유 또는 청산 조건 미해당 (+0.000)
    거래량  MA16(봉부족,설정25)대비 0.23x  〰(neutral) (+0.0000)  ← 임계 미달 (기준 ≥1.2/≤0.7x) → 중립
2026-09-29 10:30:00.162 | INFO     | stock_bot.news.crawler:fetch_naver_news:207 - news relevance filter: 11 → 1 (제외 10건) [034020]
2026-09-29 10:30:00.163 | INFO     | stock_bot.news.crawler:fetch_naver_news:212 - fetched 1 news items for 034020
2026-09-29 10:30:00.171 | DEBUG    | stock_bot.live.runner:_news_tick:840 - news 034020 new=0/1 (모두 중복)
2026-09-29 10:30:00.312 | INFO     | stock_bot.news.crawler:fetch_naver_news:207 - news relevance filter: 10 → 1 (제외 9건) [241560]
2026-09-29 10:30:00.314 | INFO     | stock_bot.news.crawler:fetch_naver_news:212 - fetched 1 news items for 241560
2026-09-29 10:30:00.320 | DEBUG    | stock_bot.live.runner:_news_tick:840 - news 241560 new=0/1 (모두 중복)
2026-09-29 10:30:00.450 | INFO     | stock_bot.news.crawler:fetch_naver_news:207 - news relevance filter: 3 → 1 (제외 2건) [123330]
2026-09-29 10:30:00.451 | INFO     | stock_bot.news.crawler:fetch_naver_news:212 - fetched 1 news items for 123330
2026-09-29 10:30:00.457 | DEBUG    | stock_bot.live.runner:_news_tick:840 - news 123330 new=0/1 (모두 중복)
2026-09-29 10:30:55.135 | INFO     | stock_bot.live.runner:_tick:1546 - 034020 두산에너빌리티 [ensemble] HOLD score=+0.00 B0/S0 | 현재가 79,400원 | 손절 -4.00%(ATR)
    VWAP 79,366원 +0.04% ─홀드 (+0.000)
    ST 하락추세 ─홀드 (+0.000)
    RSI 34.9 (기준 30/74) ─홀드 (+0.000)
    BB 78,785~80,680원 현재 79,400원 ─홀드 (+0.000)  ← 중간 [───●──────] 32%
    DC  ─홀드  ← 미보유 또는 청산 조건 미해당 (+0.000)
    거래량  MA17(봉부족,설정25)대비 0.21x  〰(neutral) (+0.0000)  ← 임계 미달 (기준 ≥1.2/≤0.7x) → 중립
2026-09-29 10:31:11.286 | INFO     | stock_bot.live.runner:_tick:1546 - 241560 두산밥캣 [ensemble] HOLD score=+0.19 B1/S0 | 현재가 55,800원 | 손절 -3.79%(ATR)
    VWAP 56,141원 -0.61% ─홀드 (+0.000)
    ST 하락추세 ─홀드 (+0.000)
    RSI 23.8 (기준 30/74) ▲매수 (+0.235)
    BB 55,120~57,580원 현재 55,800원 ─홀드 (+0.000)  ← 중간 [──●───────] 28%
    DC  ─홀드  ← 미보유 또는 청산 조건 미해당 (+0.000)
    거래량  MA17(봉부족,설정25)대비 0.61x  ▼(penalty) (-0.0500)  ← 점수 조정 -0.0500
2026-09-29 10:31:24.131 | INFO     | stock_bot.live.runner:_tick:1546 - 123330 제닉 [ensemble] HOLD score=+0.00 B0/S0 | 현재가 23,400원 | 손절 -4.00%(ATR)
    VWAP 23,284원 +0.50% ─홀드 (+0.000)
    ST 하락추세 ─홀드 (+0.000)
    RSI 41.9 (기준 30/74) ─홀드 (+0.000)
    BB 23,044~23,861원 현재 23,400원 ─홀드 (+0.000)  ← 중간 [────●─────] 44%
    DC  ─홀드  ← 미보유 또는 청산 조건 미해당 (+0.000)
    거래량  MA17(봉부족,설정25)대비 0.24x  〰(neutral) (+0.0000)  ← 임계 미달 (기준 ≥1.2/≤0.7x) → 중립
2026-09-29 10:35:00.166 | INFO     | stock_bot.news.crawler:fetch_naver_news:207 - news relevance filter: 10 → 1 (제외 9건) [034020]
2026-09-29 10:35:00.167 | INFO     | stock_bot.news.crawler:fetch_naver_news:212 - fetched 1 news items for 034020
2026-09-29 10:35:00.172 | DEBUG    | stock_bot.live.runner:_news_tick:840 - news 034020 new=0/1 (모두 중복)
2026-09-29 10:35:00.290 | INFO     | stock_bot.news.crawler:fetch_naver_news:207 - news relevance filter: 10 → 1 (제외 9건) [241560]
2026-09-29 10:35:00.290 | INFO     | stock_bot.news.crawler:fetch_naver_news:212 - fetched 1 news items for 241560
2026-09-29 10:35:00.295 | DEBUG    | stock_bot.live.runner:_news_tick:840 - news 241560 new=0/1 (모두 중복)
2026-09-29 10:35:00.422 | INFO     | stock_bot.news.crawler:fetch_naver_news:207 - news relevance filter: 3 → 1 (제외 2건) [123330]
2026-09-29 10:35:00.423 | INFO     | stock_bot.news.crawler:fetch_naver_news:212 - fetched 1 news items for 123330
2026-09-29 10:35:00.428 | DEBUG    | stock_bot.live.runner:_news_tick:840 - news 123330 new=0/1 (모두 중복)
2026-09-29 10:35:09.766 | INFO     | stock_bot.live.runner:_tick:1546 - 034020 두산에너빌리티 [ensemble] HOLD score=+0.00 B0/S0 | 현재가 79,400원 | 손절 -3.93%(ATR)
    VWAP 79,367원 +0.04% ─홀드 (+0.000)
    ST 하락추세 ─홀드 (+0.000)
    RSI 34.8 (기준 30/74) ─홀드 (+0.000)
    BB 78,943~80,352원 현재 79,400원 ─홀드 (+0.000)  ← 중간 [───●──────] 32%
    DC  ─홀드  ← 미보유 또는 청산 조건 미해당 (+0.000)
    거래량  MA18(봉부족,설정25)대비 0.36x  〰(neutral) (+0.0000)  ← 임계 미달 (기준 ≥1.2/≤0.7x) → 중립
2026-09-29 10:35:21.465 | INFO     | stock_bot.live.runner:_tick:1546 - 241560 두산밥캣 [ensemble] HOLD score=+0.19 B1/S0 | 현재가 55,900원 | 손절 -3.58%(ATR)
    VWAP 56,137원 -0.42% ─홀드 (+0.000)
    ST 하락추세 ─홀드 (+0.000)
    RSI 27.2 (기준 30/74) ▲매수 (+0.235)
    BB 55,396~57,064원 현재 55,900원 ─홀드 (+0.000)  ← 중간 [───●──────] 30%
    DC  ─홀드  ← 미보유 또는 청산 조건 미해당 (+0.000)
    거래량  MA18(봉부족,설정25)대비 0.14x  ▼(penalty) (-0.0500)  ← 점수 조정 -0.0500
2026-09-29 10:35:36.970 | INFO     | stock_bot.live.runner:_tick:1546 - 123330 제닉 [ensemble] HOLD score=+0.00 B0/S0 | 현재가 23,300원 | 손절 -4.00%(ATR)
    VWAP 23,285원 +0.07% ─홀드 (+0.000)
    ST 하락추세 ─홀드 (+0.000)
    RSI 38.5 (기준 30/74) ─홀드 (+0.000)
    BB 23,038~23,817원 현재 23,300원 ─홀드 (+0.000)  ← 중간 [───●──────] 34%
    DC  ─홀드  ← 미보유 또는 청산 조건 미해당 (+0.000)
    거래량  MA18(봉부족,설정25)대비 0.33x  〰(neutral) (+0.0000)  ← 임계 미달 (기준 ≥1.2/≤0.7x) → 중립
2026-09-29 10:40:00.174 | INFO     | stock_bot.news.crawler:fetch_naver_news:207 - news relevance filter: 10 → 1 (제외 9건) [034020]
2026-09-29 10:40:00.175 | INFO     | stock_bot.news.crawler:fetch_naver_news:212 - fetched 1 news items for 034020
2026-09-29 10:40:00.181 | DEBUG    | stock_bot.live.runner:_news_tick:840 - news 034020 new=0/1 (모두 중복)
2026-09-29 10:40:00.309 | INFO     | stock_bot.news.crawler:fetch_naver_news:207 - news relevance filter: 10 → 1 (제외 9건) [241560]
2026-09-29 10:40:00.310 | INFO     | stock_bot.news.crawler:fetch_naver_news:212 - fetched 1 news items for 241560
2026-09-29 10:40:00.318 | DEBUG    | stock_bot.live.runner:_news_tick:840 - news 241560 new=0/1 (모두 중복)
2026-09-29 10:40:00.479 | INFO     | stock_bot.news.crawler:fetch_naver_news:207 - news relevance filter: 3 → 1 (제외 2건) [123330]
2026-09-29 10:40:00.480 | INFO     | stock_bot.news.crawler:fetch_naver_news:212 - fetched 1 news items for 123330
2026-09-29 10:40:00.486 | DEBUG    | stock_bot.live.runner:_news_tick:840 - news 123330 new=0/1 (모두 중복)
2026-09-29 10:40:18.314 | INFO     | stock_bot.live.runner:_tick:1546 - 034020 두산에너빌리티 [ensemble] HOLD score=+0.00 B0/S0 | 현재가 79,500원 | 손절 -3.66%(ATR)
    VWAP 79,370원 +0.16% ─홀드 (+0.000)
    ST 하락추세 ─홀드 (+0.000)
    RSI 37.1 (기준 30/74) ─홀드 (+0.000)
    BB 78,939~80,336원 현재 79,500원 ─홀드 (+0.000)  ← 중간 [────●─────] 40%
    DC  ─홀드  ← 미보유 또는 청산 조건 미해당 (+0.000)
    거래량  MA19(봉부족,설정25)대비 0.33x  〰(neutral) (+0.0000)  ← 임계 미달 (기준 ≥1.2/≤0.7x) → 중립
2026-09-29 10:40:28.367 | INFO     | stock_bot.live.runner:_tick:1546 - 241560 두산밥캣 [ensemble] HOLD score=+0.19 B1/S0 | 현재가 55,800원 | 손절 -3.33%(ATR)
    VWAP 56,131원 -0.59% ─홀드 (+0.000)
    ST 하락추세 ─홀드 (+0.000)
    RSI 23.8 (기준 30/74) ▲매수 (+0.235)
    BB 55,488~56,802원 현재 55,800원 ─홀드 (+0.000)  ← 하단근접 [──●───────] 24%
    DC  ─홀드  ← 미보유 또는 청산 조건 미해당 (+0.000)
    거래량  MA19(봉부족,설정25)대비 0.18x  ▼(penalty) (-0.0500)  ← 점수 조정 -0.0500
2026-09-29 10:40:32.162 | INFO     | stock_bot.live.runner:_tick:1546 - 123330 제닉 [ensemble] HOLD score=+0.00 B0/S0 | 현재가 23,300원 | 손절 -4.00%(ATR)
    VWAP 23,291원 +0.04% ─홀드 (+0.000)
    ST 하락추세 ─홀드 (+0.000)
    RSI 38.4 (기준 30/74) ─홀드 (+0.000)
    BB 23,056~23,754원 현재 23,300원 ─홀드 (+0.000)  ← 중간 [───●──────] 35%
    DC  ─홀드  ← 미보유 또는 청산 조건 미해당 (+0.000)
    거래량  MA19(봉부족,설정25)대비 0.98x  〰(neutral) (+0.0000)  ← 임계 미달 (기준 ≥1.2/≤0.7x) → 중립
2026-09-29 10:45:00.223 | INFO     | stock_bot.news.crawler:fetch_naver_news:207 - news relevance filter: 10 → 1 (제외 9건) [034020]
2026-09-29 10:45:00.224 | INFO     | stock_bot.news.crawler:fetch_naver_news:212 - fetched 1 news items for 034020
2026-09-29 10:45:00.230 | DEBUG    | stock_bot.live.runner:_news_tick:840 - news 034020 new=0/1 (모두 중복)
2026-09-29 10:45:00.350 | INFO     | stock_bot.news.crawler:fetch_naver_news:207 - news relevance filter: 10 → 1 (제외 9건) [241560]
2026-09-29 10:45:00.351 | INFO     | stock_bot.news.crawler:fetch_naver_news:212 - fetched 1 news items for 241560
2026-09-29 10:45:00.356 | DEBUG    | stock_bot.live.runner:_news_tick:840 - news 241560 new=0/1 (모두 중복)
2026-09-29 10:45:00.478 | INFO     | stock_bot.news.crawler:fetch_naver_news:207 - news relevance filter: 3 → 1 (제외 2건) [123330]
2026-09-29 10:45:00.479 | INFO     | stock_bot.news.crawler:fetch_naver_news:212 - fetched 1 news items for 123330
2026-09-29 10:45:00.484 | DEBUG    | stock_bot.live.runner:_news_tick:840 - news 123330 new=0/1 (모두 중복)
2026-09-29 10:45:05.811 | INFO     | stock_bot.live.runner:_tick:1546 - 034020 두산에너빌리티 [ensemble] HOLD score=+0.00 B0/S0 | 현재가 79,500원 | 손절 -3.57%(ATR)
    VWAP 79,393원 +0.13% ─홀드 (+0.000)
    ST 하락추세 ─홀드 (+0.000)
    RSI 37.9 (기준 30/74) ─홀드 (+0.000)
    BB 78,978~80,227원 현재 79,500원 ─홀드 (+0.000)  ← 중간 [────●─────] 42%
    DC  ─홀드  ← 미보유 또는 청산 조건 미해당 (+0.000)
    거래량  MA20(봉부족,설정25)대비 1.22x  〰(neutral) (+0.0000)  ← 임계 미달 (기준 ≥1.2/≤0.7x) → 중립
2026-09-29 10:45:08.748 | INFO     | stock_bot.live.runner:_tick:1546 - 241560 두산밥캣 [ensemble] HOLD score=+0.19 B1/S0 | 현재가 55,800원 | 손절 -3.27%(ATR)
    VWAP 56,122원 -0.57% ─홀드 (+0.000)
    ST 하락추세 ─홀드 (+0.000)
    RSI 26.3 (기준 30/74) ▲매수 (+0.235)
    BB 55,531~56,629원 현재 55,800원 ─홀드 (+0.000)  ← 하단근접 [──●───────] 25%
    DC  ─홀드  ← 미보유 또는 청산 조건 미해당 (+0.000)
    거래량  MA20(봉부족,설정25)대비 0.26x  ▼(penalty) (-0.0500)  ← 점수 조정 -0.0500
2026-09-29 10:45:11.587 | INFO     | stock_bot.live.runner:_tick:1546 - 123330 제닉 [ensemble] HOLD score=+0.00 B0/S0 | 현재가 23,250원 | 손절 -4.00%(ATR)
    VWAP 23,291원 -0.17% ─홀드 (+0.000)
    ST 하락추세 ─홀드 (+0.000)
    RSI 36.8 (기준 30/74) ─홀드 (+0.000)
    BB 23,059~23,696원 현재 23,250원 ─홀드 (+0.000)  ← 중간 [──●───────] 30%
    DC  ─홀드  ← 미보유 또는 청산 조건 미해당 (+0.000)
    거래량  MA20(봉부족,설정25)대비 0.96x  〰(neutral) (+0.0000)  ← 임계 미달 (기준 ≥1.2/≤0.7x) → 중립
2026-09-29 10:50:00.210 | INFO     | stock_bot.news.crawler:fetch_naver_news:207 - news relevance filter: 10 → 1 (제외 9건) [034020]
2026-09-29 10:50:00.211 | INFO     | stock_bot.news.crawler:fetch_naver_news:212 - fetched 1 news items for 034020
2026-09-29 10:50:00.217 | DEBUG    | stock_bot.live.runner:_news_tick:840 - news 034020 new=0/1 (모두 중복)
2026-09-29 10:50:00.354 | INFO     | stock_bot.news.crawler:fetch_naver_news:207 - news relevance filter: 10 → 1 (제외 9건) [241560]
2026-09-29 10:50:00.356 | INFO     | stock_bot.news.crawler:fetch_naver_news:212 - fetched 1 news items for 241560
2026-09-29 10:50:00.363 | DEBUG    | stock_bot.live.runner:_news_tick:840 - news 241560 new=0/1 (모두 중복)
2026-09-29 10:50:00.533 | INFO     | stock_bot.news.crawler:fetch_naver_news:207 - news relevance filter: 3 → 1 (제외 2건) [123330]
2026-09-29 10:50:00.533 | INFO     | stock_bot.news.crawler:fetch_naver_news:212 - fetched 1 news items for 123330
2026-09-29 10:50:00.539 | DEBUG    | stock_bot.live.runner:_news_tick:840 - news 123330 new=0/1 (모두 중복)
2026-09-29 10:50:03.820 | INFO     | stock_bot.live.runner:_tick:1546 - 034020 두산에너빌리티 [ensemble] HOLD score=+0.00 B0/S0 | 현재가 79,600원 | 손절 -3.36%(ATR)
    VWAP 79,394원 +0.26% ─홀드 (+0.000)
    ST 하락추세 ─홀드 (+0.000)
    RSI 40.2 (기준 30/74) ─홀드 (+0.000)
    BB 79,036~80,099원 현재 79,600원 ─홀드 (+0.000)  ← 중간 [─────●────] 53%
    DC  ─홀드  ← 미보유 또는 청산 조건 미해당 (+0.000)
    거래량  MA21(봉부족,설정25)대비 0.22x  〰(neutral) (+0.0000)  ← 임계 미달 (기준 ≥1.2/≤0.7x) → 중립
2026-09-29 10:50:07.493 | INFO     | stock_bot.live.runner:_tick:1546 - 241560 두산밥캣 [ensemble] HOLD score=+0.48 B2/S0 | 현재가 55,700원 | 손절 -3.11%(ATR)
    VWAP 56,116원 -0.74% ▲매수 (+0.294)
    ST 하락추세 ─홀드 (+0.000)
    RSI 25.1 (기준 30/74) ▲매수 (+0.235)
    BB 55,540~56,520원 현재 55,700원 ─홀드 (+0.000)  ← 하단근접 [─●────────] 16%
    DC  ─홀드  ← 미보유 또는 청산 조건 미해당 (+0.000)
    거래량  MA21(봉부족,설정25)대비 0.23x  ▼(penalty) (-0.0500)  ← 점수 조정 -0.0500
2026-09-29 10:50:10.077 | INFO     | stock_bot.live.runner:_tick:1546 - 123330 제닉 [ensemble] HOLD score=+0.00 B0/S0 | 현재가 23,200원 | 손절 -4.00%(ATR)
    VWAP 23,286원 -0.37% ─홀드 (+0.000)
    ST 하락추세 ─홀드 (+0.000)
    RSI 36.4 (기준 30/74) ─홀드 (+0.000)
    BB 23,080~23,625원 현재 23,200원 ─홀드 (+0.000)  ← 하단근접 [──●───────] 22%
    DC  ─홀드  ← 미보유 또는 청산 조건 미해당 (+0.000)
    거래량  MA21(봉부족,설정25)대비 1.55x  〰(neutral) (+0.0000)  ← 임계 미달 (기준 ≥1.2/≤0.7x) → 중립
2026-09-29 10:55:00.186 | INFO     | stock_bot.news.crawler:fetch_naver_news:207 - news relevance filter: 10 → 1 (제외 9건) [034020]
2026-09-29 10:55:00.189 | INFO     | stock_bot.news.crawler:fetch_naver_news:212 - fetched 1 news items for 034020
2026-09-29 10:55:00.195 | DEBUG    | stock_bot.live.runner:_news_tick:840 - news 034020 new=0/1 (모두 중복)
2026-09-29 10:55:00.320 | INFO     | stock_bot.news.crawler:fetch_naver_news:207 - news relevance filter: 10 → 1 (제외 9건) [241560]
2026-09-29 10:55:00.321 | INFO     | stock_bot.news.crawler:fetch_naver_news:212 - fetched 1 news items for 241560
2026-09-29 10:55:00.326 | DEBUG    | stock_bot.live.runner:_news_tick:840 - news 241560 new=0/1 (모두 중복)
2026-09-29 10:55:00.441 | INFO     | stock_bot.news.crawler:fetch_naver_news:207 - news relevance filter: 3 → 1 (제외 2건) [123330]
2026-09-29 10:55:00.442 | INFO     | stock_bot.news.crawler:fetch_naver_news:212 - fetched 1 news items for 123330
2026-09-29 10:55:00.447 | DEBUG    | stock_bot.live.runner:_news_tick:840 - news 123330 new=0/1 (모두 중복)
2026-09-29 10:55:19.240 | INFO     | stock_bot.live.runner:_tick:1546 - 034020 두산에너빌리티 [ensemble] HOLD score=+0.00 B0/S0 | 현재가 79,500원 | 손절 -3.17%(ATR)
    VWAP 79,398원 +0.13% ─홀드 (+0.000)
    ST 하락추세 ─홀드 (+0.000)
    RSI 37.8 (기준 30/74) ─홀드 (+0.000)
    BB 79,047~80,028원 현재 79,500원 ─홀드 (+0.000)  ← 중간 [────●─────] 46%
    DC  ─홀드  ← 미보유 또는 청산 조건 미해당 (+0.000)
    거래량  MA22(봉부족,설정25)대비 0.37x  〰(neutral) (+0.0000)  ← 임계 미달 (기준 ≥1.2/≤0.7x) → 중립
2026-09-29 10:55:27.924 | INFO     | stock_bot.live.runner:_tick:1546 - 241560 두산밥캣 [ensemble] HOLD score=+0.48 B2/S0 | 현재가 55,700원 | 손절 -2.89%(ATR)
    VWAP 56,111원 -0.73% ▲매수 (+0.294)
    ST 하락추세 ─홀드 (+0.000)
    RSI 25.1 (기준 30/74) ▲매수 (+0.235)
    BB 55,506~56,494원 현재 55,700원 ─홀드 (+0.000)  ← 하단근접 [─●────────] 20%
    DC  ─홀드  ← 미보유 또는 청산 조건 미해당 (+0.000)
    거래량  MA22(봉부족,설정25)대비 0.17x  ▼(penalty) (-0.0500)  ← 점수 조정 -0.0500
2026-09-29 10:55:31.555 | INFO     | stock_bot.live.runner:_tick:1546 - 123330 제닉 [ensemble] HOLD score=+0.00 B0/S0 | 현재가 23,300원 | 손절 -4.00%(ATR)
    VWAP 23,286원 +0.06% ─홀드 (+0.000)
    ST 하락추세 ─홀드 (+0.000)
    RSI 39.5 (기준 30/74) ─홀드 (+0.000)
    BB 23,103~23,582원 현재 23,300원 ─홀드 (+0.000)  ← 중간 [────●─────] 41%
    DC  ─홀드  ← 미보유 또는 청산 조건 미해당 (+0.000)
    거래량  MA22(봉부족,설정25)대비 0.34x  〰(neutral) (+0.0000)  ← 임계 미달 (기준 ≥1.2/≤0.7x) → 중립
2026-09-29 11:00:00.210 | INFO     | stock_bot.news.crawler:fetch_naver_news:207 - news relevance filter: 10 → 1 (제외 9건) [034020]
2026-09-29 11:00:00.211 | INFO     | stock_bot.news.crawler:fetch_naver_news:212 - fetched 1 news items for 034020
2026-09-29 11:00:00.217 | DEBUG    | stock_bot.live.runner:_news_tick:840 - news 034020 new=0/1 (모두 중복)
2026-09-29 11:00:00.350 | INFO     | stock_bot.news.crawler:fetch_naver_news:207 - news relevance filter: 10 → 1 (제외 9건) [241560]
2026-09-29 11:00:00.351 | INFO     | stock_bot.news.crawler:fetch_naver_news:212 - fetched 1 news items for 241560
2026-09-29 11:00:00.363 | DEBUG    | stock_bot.live.runner:_news_tick:840 - news 241560 new=0/1 (모두 중복)
2026-09-29 11:00:00.502 | INFO     | stock_bot.news.crawler:fetch_naver_news:207 - news relevance filter: 3 → 1 (제외 2건) [123330]
2026-09-29 11:00:00.503 | INFO     | stock_bot.news.crawler:fetch_naver_news:212 - fetched 1 news items for 123330
2026-09-29 11:00:00.509 | DEBUG    | stock_bot.live.runner:_news_tick:840 - news 123330 new=0/1 (모두 중복)
2026-09-29 11:00:08.563 | INFO     | stock_bot.live.runner:_tick:1546 - 034020 두산에너빌리티 [ensemble] HOLD score=+0.00 B0/S0 | 현재가 79,400원 | 손절 -3.03%(ATR)
    VWAP 79,402원 -0.00% ─홀드 (+0.000)
    ST 하락추세 ─홀드 (+0.000)
    RSI 36.5 (기준 30/74) ─홀드 (+0.000)
    BB 79,057~79,948원 현재 79,400원 ─홀드 (+0.000)  ← 중간 [───●──────] 38%
    DC  ─홀드  ← 미보유 또는 청산 조건 미해당 (+0.000)
    거래량  MA23(봉부족,설정25)대비 0.86x  〰(neutral) (+0.0000)  ← 임계 미달 (기준 ≥1.2/≤0.7x) → 중립
2026-09-29 11:00:17.297 | INFO     | stock_bot.live.runner:_tick:1546 - 241560 두산밥캣 [ensemble] HOLD score=+0.19 B1/S0 | 현재가 55,800원 | 손절 -2.86%(ATR)
    VWAP 56,096원 -0.53% ─홀드 (+0.000)
    ST 하락추세 ─홀드 (+0.000)
    RSI 28.8 (기준 30/74) ▲매수 (+0.235)
    BB 55,506~56,434원 현재 55,800원 ─홀드 (+0.000)  ← 중간 [───●──────] 32%
    DC  ─홀드  ← 미보유 또는 청산 조건 미해당 (+0.000)
    거래량  MA23(봉부족,설정25)대비 0.45x  ▼(penalty) (-0.0500)  ← 점수 조정 -0.0500
2026-09-29 11:00:26.382 | INFO     | stock_bot.live.runner:_tick:1546 - 123330 제닉 [ensemble] HOLD score=+0.00 B0/S0 | 현재가 23,350원 | 손절 -3.95%(ATR)
    VWAP 23,287원 +0.27% ─홀드 (+0.000)
    ST 하락추세 ─홀드 (+0.000)
    RSI 42.4 (기준 30/74) ─홀드 (+0.000)
    BB 23,137~23,518원 현재 23,350원 ─홀드 (+0.000)  ← 중간 [─────●────] 56%
    DC  ─홀드  ← 미보유 또는 청산 조건 미해당 (+0.000)
    거래량  MA23(봉부족,설정25)대비 0.29x  〰(neutral) (+0.0000)  ← 임계 미달 (기준 ≥1.2/≤0.7x) → 중립
2026-09-29 11:05:00.184 | INFO     | stock_bot.news.crawler:fetch_naver_news:207 - news relevance filter: 10 → 1 (제외 9건) [034020]
2026-09-29 11:05:00.186 | INFO     | stock_bot.news.crawler:fetch_naver_news:212 - fetched 1 news items for 034020
2026-09-29 11:05:00.193 | DEBUG    | stock_bot.live.runner:_news_tick:840 - news 034020 new=0/1 (모두 중복)
2026-09-29 11:05:00.317 | INFO     | stock_bot.news.crawler:fetch_naver_news:207 - news relevance filter: 10 → 1 (제외 9건) [241560]
2026-09-29 11:05:00.318 | INFO     | stock_bot.news.crawler:fetch_naver_news:212 - fetched 1 news items for 241560
2026-09-29 11:05:00.323 | DEBUG    | stock_bot.live.runner:_news_tick:840 - news 241560 new=0/1 (모두 중복)
2026-09-29 11:05:00.444 | INFO     | stock_bot.news.crawler:fetch_naver_news:207 - news relevance filter: 3 → 1 (제외 2건) [123330]
2026-09-29 11:05:00.445 | INFO     | stock_bot.news.crawler:fetch_naver_news:212 - fetched 1 news items for 123330
2026-09-29 11:05:00.450 | DEBUG    | stock_bot.live.runner:_news_tick:840 - news 123330 new=0/1 (모두 중복)
2026-09-29 11:05:15.319 | INFO     | stock_bot.live.runner:_tick:1546 - 034020 두산에너빌리티 [ensemble] HOLD score=+0.00 B0/S0 | 현재가 79,300원 | 손절 -2.91%(ATR)
    VWAP 79,401원 -0.13% ─홀드 (+0.000)
    ST 하락추세 ─홀드 (+0.000)
    RSI 35.0 (기준 30/74) ─홀드 (+0.000)
    BB 79,060~79,885원 현재 79,300원 ─홀드 (+0.000)  ← 중간 [──●───────] 29%
    DC  ─홀드  ← 미보유 또는 청산 조건 미해당 (+0.000)
    거래량  MA24(봉부족,설정25)대비 0.66x  〰(neutral) (+0.0000)  ← 임계 미달 (기준 ≥1.2/≤0.7x) → 중립
2026-09-29 11:05:26.959 | INFO     | stock_bot.live.runner:_tick:1546 - 241560 두산밥캣 [ensemble] HOLD score=+0.48 B2/S0 | 현재가 55,600원 | 손절 -2.79%(ATR)
    VWAP 56,085원 -0.86% ▲매수 (+0.294)
    ST 하락추세 ─홀드 (+0.000)
    RSI 23.8 (기준 30/74) ▲매수 (+0.235)
    BB 55,431~56,429원 현재 55,600원 ─홀드 (+0.000)  ← 하단근접 [─●────────] 17%
    DC  ─홀드  ← 미보유 또는 청산 조건 미해당 (+0.000)
    거래량  MA24(봉부족,설정25)대비 0.34x  ▼(penalty) (-0.0500)  ← 점수 조정 -0.0500
2026-09-29 11:05:36.309 | INFO     | stock_bot.live.runner:_tick:1546 - 123330 제닉 [ensemble] HOLD score=+0.00 B0/S0 | 현재가 23,300원 | 손절 -3.82%(ATR)
    VWAP 23,288원 +0.05% ─홀드 (+0.000)
    ST 하락추세 ─홀드 (+0.000)
    RSI 39.3 (기준 30/74) ─홀드 (+0.000)
    BB 23,143~23,487원 현재 23,300원 ─홀드 (+0.000)  ← 중간 [────●─────] 46%
    DC  ─홀드  ← 미보유 또는 청산 조건 미해당 (+0.000)
    거래량  MA24(봉부족,설정25)대비 0.60x  〰(neutral) (+0.0000)  ← 임계 미달 (기준 ≥1.2/≤0.7x) → 중립
2026-09-29 11:10:00.196 | INFO     | stock_bot.news.crawler:fetch_naver_news:207 - news relevance filter: 10 → 1 (제외 9건) [034020]
2026-09-29 11:10:00.197 | INFO     | stock_bot.news.crawler:fetch_naver_news:212 - fetched 1 news items for 034020
2026-09-29 11:10:00.204 | DEBUG    | stock_bot.live.runner:_news_tick:840 - news 034020 new=0/1 (모두 중복)
2026-09-29 11:10:00.339 | INFO     | stock_bot.news.crawler:fetch_naver_news:207 - news relevance filter: 10 → 1 (제외 9건) [241560]
2026-09-29 11:10:00.340 | INFO     | stock_bot.news.crawler:fetch_naver_news:212 - fetched 1 news items for 241560
2026-09-29 11:10:00.346 | DEBUG    | stock_bot.live.runner:_news_tick:840 - news 241560 new=0/1 (모두 중복)
2026-09-29 11:10:00.479 | INFO     | stock_bot.news.crawler:fetch_naver_news:207 - news relevance filter: 3 → 1 (제외 2건) [123330]
2026-09-29 11:10:00.480 | INFO     | stock_bot.news.crawler:fetch_naver_news:212 - fetched 1 news items for 123330
2026-09-29 11:10:00.486 | DEBUG    | stock_bot.live.runner:_news_tick:840 - news 123330 new=0/1 (모두 중복)
2026-09-29 11:10:11.255 | INFO     | stock_bot.live.runner:_tick:1546 - 034020 두산에너빌리티 [ensemble] HOLD score=+0.00 B0/S0 | 현재가 79,200원 | 손절 -2.79%(ATR)
    VWAP 79,397원 -0.25% ─홀드 (+0.000)
    ST 하락추세 ─홀드 (+0.000)
    RSI 33.7 (기준 30/74) ─홀드 (+0.000)
    BB 79,046~79,819원 현재 79,200원 ─홀드 (+0.000)  ← 하단근접 [─●────────] 20%
    DC  ─홀드  ← 미보유 또는 청산 조건 미해당 (+0.000)
    거래량  MA25대비 0.65x  〰(neutral) (+0.0000)  ← 임계 미달 (기준 ≥1.2/≤0.7x) → 중립
2026-09-29 11:10:19.860 | INFO     | stock_bot.live.runner:_tick:1546 - 241560 두산밥캣 [ensemble] HOLD score=+0.53 B2/S0 | 현재가 55,400원 | 손절 -2.78%(ATR)
    VWAP 56,050원 -1.16% ▲매수 (+0.294)
    ST 하락추세 ─홀드 (+0.000)
    RSI 21.6 (기준 30/74) ▲매수 (+0.235)
    BB 55,346~56,414원 현재 55,400원 ─홀드 (+0.000)  ← 하단근접 [●─────────] 5%
    DC  ─홀드  ← 미보유 또는 청산 조건 미해당 (+0.000)
    거래량  MA25대비 0.89x  〰(neutral) (+0.0000)  ← 임계 미달 (기준 ≥1.2/≤0.7x) → 중립
2026-09-29 11:10:26.983 | INFO     | stock_bot.live.runner:_tick:1546 - 123330 제닉 [ensemble] HOLD score=+0.00 B0/S0 | 현재가 23,400원 | 손절 -3.97%(ATR)
    VWAP 23,291원 +0.47% ─홀드 (+0.000)
    ST 하락추세 ─홀드 (+0.000)
    RSI 45.1 (기준 30/74) ─홀드 (+0.000)
    BB 23,148~23,487원 현재 23,400원 ─홀드 (+0.000)  ← 중간 [───────●──] 74%
    DC  ─홀드  ← 미보유 또는 청산 조건 미해당 (+0.000)
    거래량  MA25대비 0.39x  〰(neutral) (+0.0000)  ← 임계 미달 (기준 ≥1.2/≤0.7x) → 중립
2026-09-29 11:15:00.201 | INFO     | stock_bot.news.crawler:fetch_naver_news:207 - news relevance filter: 10 → 1 (제외 9건) [034020]
2026-09-29 11:15:00.203 | INFO     | stock_bot.news.crawler:fetch_naver_news:212 - fetched 1 news items for 034020
2026-09-29 11:15:00.208 | DEBUG    | stock_bot.live.runner:_news_tick:840 - news 034020 new=0/1 (모두 중복)
2026-09-29 11:15:00.334 | INFO     | stock_bot.news.crawler:fetch_naver_news:207 - news relevance filter: 10 → 1 (제외 9건) [241560]
2026-09-29 11:15:00.335 | INFO     | stock_bot.news.crawler:fetch_naver_news:212 - fetched 1 news items for 241560
2026-09-29 11:15:00.340 | DEBUG    | stock_bot.live.runner:_news_tick:840 - news 241560 new=0/1 (모두 중복)
2026-09-29 11:15:00.464 | INFO     | stock_bot.news.crawler:fetch_naver_news:207 - news relevance filter: 3 → 1 (제외 2건) [123330]
2026-09-29 11:15:00.465 | INFO     | stock_bot.news.crawler:fetch_naver_news:212 - fetched 1 news items for 123330
2026-09-29 11:15:00.470 | DEBUG    | stock_bot.live.runner:_news_tick:840 - news 123330 new=0/1 (모두 중복)
2026-09-29 11:15:25.638 | INFO     | stock_bot.live.runner:_tick:1546 - 034020 두산에너빌리티 [ensemble] HOLD score=+0.00 B0/S0 | 현재가 79,250원 | 손절 -2.63%(ATR)
    VWAP 79,390원 -0.18% ─홀드 (+0.000)
    ST 하락추세 ─홀드 (+0.000)
    RSI 35.1 (기준 30/74) ─홀드 (+0.000)
    BB 79,051~79,759원 현재 79,250원 ─홀드 (+0.000)  ← 중간 [──●───────] 28%
    DC  ─홀드  ← 미보유 또는 청산 조건 미해당 (+0.000)
    거래량  MA25대비 0.73x  〰(neutral) (+0.0000)  ← 임계 미달 (기준 ≥1.2/≤0.7x) → 중립
2026-09-29 11:15:35.733 | INFO     | stock_bot.live.runner:_tick:1546 - 241560 두산밥캣 [ensemble] HOLD score=+0.48 B2/S0 | 현재가 55,400원 | 손절 -2.58%(ATR)
    VWAP 56,040원 -1.14% ▲매수 (+0.294)
    ST 하락추세 ─홀드 (+0.000)
    RSI 21.5 (기준 30/74) ▲매수 (+0.235)
    BB 55,288~56,392원 현재 55,400원 ─홀드 (+0.000)  ← 하단근접 [─●────────] 10%
    DC  ─홀드  ← 미보유 또는 청산 조건 미해당 (+0.000)
    거래량  MA25대비 0.26x  ▼(penalty) (-0.0500)  ← 점수 조정 -0.0500
2026-09-29 11:15:42.886 | INFO     | stock_bot.live.runner:_tick:1546 - 123330 제닉 [ensemble] HOLD score=+0.00 B0/S0 | 현재가 23,300원 | 손절 -3.78%(ATR)
    VWAP 23,291원 +0.04% ─홀드 (+0.000)
    ST 하락추세 ─홀드 (+0.000)
    RSI 40.9 (기준 30/74) ─홀드 (+0.000)
    BB 23,154~23,461원 현재 23,300원 ─홀드 (+0.000)  ← 중간 [────●─────] 48%
    DC  ─홀드  ← 미보유 또는 청산 조건 미해당 (+0.000)
    거래량  MA25대비 0.47x  〰(neutral) (+0.0000)  ← 임계 미달 (기준 ≥1.2/≤0.7x) → 중립
2026-09-29 11:20:00.190 | INFO     | stock_bot.news.crawler:fetch_naver_news:207 - news relevance filter: 10 → 1 (제외 9건) [034020]
2026-09-29 11:20:00.191 | INFO     | stock_bot.news.crawler:fetch_naver_news:212 - fetched 1 news items for 034020
2026-09-29 11:20:00.197 | DEBUG    | stock_bot.live.runner:_news_tick:840 - news 034020 new=0/1 (모두 중복)
2026-09-29 11:20:00.332 | INFO     | stock_bot.news.crawler:fetch_naver_news:207 - news relevance filter: 10 → 1 (제외 9건) [241560]
2026-09-29 11:20:00.333 | INFO     | stock_bot.news.crawler:fetch_naver_news:212 - fetched 1 news items for 241560
2026-09-29 11:20:00.339 | DEBUG    | stock_bot.live.runner:_news_tick:840 - news 241560 new=0/1 (모두 중복)
2026-09-29 11:20:00.477 | INFO     | stock_bot.news.crawler:fetch_naver_news:207 - news relevance filter: 3 → 1 (제외 2건) [123330]
2026-09-29 11:20:00.478 | INFO     | stock_bot.news.crawler:fetch_naver_news:212 - fetched 1 news items for 123330
2026-09-29 11:20:00.484 | DEBUG    | stock_bot.live.runner:_news_tick:840 - news 123330 new=0/1 (모두 중복)
2026-09-29 11:20:04.559 | INFO     | stock_bot.live.runner:_tick:1546 - 034020 두산에너빌리티 [ensemble] HOLD score=+0.00 B0/S0 | 현재가 79,200원 | 손절 -2.49%(ATR)
    VWAP 79,388원 -0.24% ─홀드 (+0.000)
    ST 하락추세 ─홀드 (+0.000)
    RSI 35.0 (기준 30/74) ─홀드 (+0.000)
    BB 79,069~79,686원 현재 79,200원 ─홀드 (+0.000)  ← 하단근접 [──●───────] 21%
    DC  ─홀드  ← 미보유 또는 청산 조건 미해당 (+0.000)
    거래량  MA25대비 0.31x  〰(neutral) (+0.0000)  ← 임계 미달 (기준 ≥1.2/≤0.7x) → 중립
2026-09-29 11:20:07.752 | INFO     | stock_bot.live.runner:_tick:1546 - 241560 두산밥캣 [ensemble] HOLD score=+0.48 B2/S0 | 현재가 55,500원 | 손절 -2.52%(ATR)
    VWAP 56,034원 -0.95% ▲매수 (+0.294)
    ST 하락추세 ─홀드 (+0.000)
    RSI 25.6 (기준 30/74) ▲매수 (+0.235)
    BB 55,260~56,350원 현재 55,500원 ─홀드 (+0.000)  ← 하단근접 [──●───────] 22%
    DC  ─홀드  ← 미보유 또는 청산 조건 미해당 (+0.000)
    거래량  MA25대비 0.17x  ▼(penalty) (-0.0500)  ← 점수 조정 -0.0500
2026-09-29 11:20:11.220 | INFO     | stock_bot.live.runner:_tick:1546 - 123330 제닉 [ensemble] HOLD score=+0.00 B0/S0 | 현재가 23,300원 | 손절 -3.66%(ATR)
    VWAP 23,293원 +0.03% ─홀드 (+0.000)
    ST 하락추세 ─홀드 (+0.000)
    RSI 40.9 (기준 30/74) ─홀드 (+0.000)
    BB 23,154~23,461원 현재 23,300원 ─홀드 (+0.000)  ← 중간 [────●─────] 48%
    DC  ─홀드  ← 미보유 또는 청산 조건 미해당 (+0.000)
    거래량  MA25대비 0.44x  〰(neutral) (+0.0000)  ← 임계 미달 (기준 ≥1.2/≤0.7x) → 중립
2026-09-29 11:25:02.900 | INFO     | stock_bot.live.runner:_tick:1546 - 034020 두산에너빌리티 [ensemble] HOLD score=+0.00 B0/S0 | 현재가 79,200원 | 손절 -2.36%(ATR)
    VWAP 79,385원 -0.23% ─홀드 (+0.000)
    ST 하락추세 ─홀드 (+0.000)
    RSI 34.8 (기준 30/74) ─홀드 (+0.000)
    BB 79,063~79,672원 현재 79,200원 ─홀드 (+0.000)  ← 하단근접 [──●───────] 23%
    DC  ─홀드  ← 미보유 또는 청산 조건 미해당 (+0.000)
    거래량  MA25대비 0.56x  〰(neutral) (+0.0000)  ← 임계 미달 (기준 ≥1.2/≤0.7x) → 중립
2026-09-29 11:25:04.549 | INFO     | stock_bot.live.runner:_tick:1546 - 241560 두산밥캣 [ensemble] HOLD score=+0.48 B2/S0 | 현재가 55,500원 | 손절 -2.34%(ATR)
    VWAP 56,016원 -0.92% ▲매수 (+0.294)
    ST 하락추세 ─홀드 (+0.000)
    RSI 25.4 (기준 30/74) ▲매수 (+0.235)
    BB 55,275~56,265원 현재 55,500원 ─홀드 (+0.000)  ← 하단근접 [──●───────] 23%
    DC  ─홀드  ← 미보유 또는 청산 조건 미해당 (+0.000)
    거래량  MA25대비 0.61x  ▼(penalty) (-0.0500)  ← 점수 조정 -0.0500
2026-09-29 11:25:06.670 | INFO     | stock_bot.live.runner:_tick:1546 - 123330 제닉 [ensemble] HOLD score=+0.00 B0/S0 | 현재가 23,300원 | 손절 -3.55%(ATR)
    VWAP 23,295원 +0.02% ─홀드 (+0.000)
    ST 하락추세 ─홀드 (+0.000)
    RSI 40.8 (기준 30/74) ─홀드 (+0.000)
    BB 23,156~23,464원 현재 23,300원 ─홀드 (+0.000)  ← 중간 [────●─────] 47%
    DC  ─홀드  ← 미보유 또는 청산 조건 미해당 (+0.000)
    거래량  MA25대비 0.82x  〰(neutral) (+0.0000)  ← 임계 미달 (기준 ≥1.2/≤0.7x) → 중립
2026-09-29 11:25:10.160 | DEBUG    | stock_bot.news.crawler:fetch_page:109 - naver news api failed for 034020 p1: _ssl.c:999: The handshake operation timed out → HTML 폴백
2026-09-29 11:25:12.518 | DEBUG    | stock_bot.news.crawler:fetch_naver_news:184 - naver news fetch attempt 1/3 failed for 034020: Client error '410 410' for url 'https://finance.naver.com/item/news_news.naver?code=034020&page=1'
For more information check: https://developer.mozilla.org/en-US/docs/Web/HTTP/Status/410
2026-09-29 11:25:14.111 | INFO     | stock_bot.news.crawler:fetch_naver_news:180 - naver news recovered on attempt 2/3 for 034020
2026-09-29 11:25:14.112 | INFO     | stock_bot.news.crawler:fetch_naver_news:207 - news relevance filter: 11 → 1 (제외 10건) [034020]
2026-09-29 11:25:14.113 | INFO     | stock_bot.news.crawler:fetch_naver_news:212 - fetched 1 news items for 034020
2026-09-29 11:25:14.120 | DEBUG    | stock_bot.live.runner:_news_tick:840 - news 034020 new=0/1 (모두 중복)
2026-09-29 11:25:14.268 | INFO     | stock_bot.news.crawler:fetch_naver_news:207 - news relevance filter: 10 → 1 (제외 9건) [241560]
2026-09-29 11:25:14.269 | INFO     | stock_bot.news.crawler:fetch_naver_news:212 - fetched 1 news items for 241560
2026-09-29 11:25:14.274 | DEBUG    | stock_bot.live.runner:_news_tick:840 - news 241560 new=0/1 (모두 중복)
2026-09-29 11:25:14.393 | INFO     | stock_bot.news.crawler:fetch_naver_news:207 - news relevance filter: 3 → 1 (제외 2건) [123330]
2026-09-29 11:25:14.394 | INFO     | stock_bot.news.crawler:fetch_naver_news:212 - fetched 1 news items for 123330
2026-09-29 11:25:14.399 | DEBUG    | stock_bot.live.runner:_news_tick:840 - news 123330 new=0/1 (모두 중복)
2026-09-29 11:30:00.201 | INFO     | stock_bot.news.crawler:fetch_naver_news:207 - news relevance filter: 11 → 1 (제외 10건) [034020]
2026-09-29 11:30:00.202 | INFO     | stock_bot.news.crawler:fetch_naver_news:212 - fetched 1 news items for 034020
2026-09-29 11:30:00.208 | DEBUG    | stock_bot.live.runner:_news_tick:840 - news 034020 new=0/1 (모두 중복)
2026-09-29 11:30:00.350 | INFO     | stock_bot.news.crawler:fetch_naver_news:207 - news relevance filter: 10 → 1 (제외 9건) [241560]
2026-09-29 11:30:00.352 | INFO     | stock_bot.news.crawler:fetch_naver_news:212 - fetched 1 news items for 241560
2026-09-29 11:30:00.359 | DEBUG    | stock_bot.live.runner:_news_tick:840 - news 241560 new=0/1 (모두 중복)
2026-09-29 11:30:00.494 | INFO     | stock_bot.news.crawler:fetch_naver_news:207 - news relevance filter: 3 → 1 (제외 2건) [123330]
2026-09-29 11:30:00.495 | INFO     | stock_bot.news.crawler:fetch_naver_news:212 - fetched 1 news items for 123330
2026-09-29 11:30:00.500 | DEBUG    | stock_bot.live.runner:_news_tick:840 - news 123330 new=0/1 (모두 중복)
2026-09-29 11:30:02.864 | INFO     | stock_bot.live.runner:_tick:1546 - 034020 두산에너빌리티 [ensemble] HOLD score=+0.00 B0/S0 | 현재가 79,200원 | 손절 -2.25%(ATR)
    VWAP 79,382원 -0.23% ─홀드 (+0.000)
    ST 하락추세 ─홀드 (+0.000)
    RSI 34.8 (기준 30/74) ─홀드 (+0.000)
    BB 79,091~79,659원 현재 79,200원 ─홀드 (+0.000)  ← 하단근접 [─●────────] 19%
    DC  ─홀드  ← 미보유 또는 청산 조건 미해당 (+0.000)
    거래량  MA25대비 0.66x  〰(neutral) (+0.0000)  ← 임계 미달 (기준 ≥1.2/≤0.7x) → 중립
2026-09-29 11:30:04.961 | INFO     | stock_bot.live.runner:_tick:1546 - 241560 두산밥캣 [ensemble] HOLD score=+0.48 B2/S0 | 현재가 55,400원 | 손절 -2.30%(ATR)
    VWAP 56,008원 -1.09% ▲매수 (+0.294)
    ST 하락추세 ─홀드 (+0.000)
    RSI 24.0 (기준 30/74) ▲매수 (+0.235)
    BB 55,271~56,179원 현재 55,400원 ─홀드 (+0.000)  ← 하단근접 [─●────────] 14%
    DC  ─홀드  ← 미보유 또는 청산 조건 미해당 (+0.000)
    거래량  MA25대비 0.29x  ▼(penalty) (-0.0500)  ← 점수 조정 -0.0500
2026-09-29 11:30:06.684 | INFO     | stock_bot.live.runner:_tick:1546 - 123330 제닉 [ensemble] HOLD score=+0.00 B0/S0 | 현재가 23,350원 | 손절 -3.32%(ATR)
    VWAP 23,296원 +0.23% ─홀드 (+0.000)
    ST 하락추세 ─홀드 (+0.000)
    RSI 43.0 (기준 30/74) ─홀드 (+0.000)
    BB 23,187~23,458원 현재 23,350원 ─홀드 (+0.000)  ← 중간 [──────●───] 60%
    DC  ─홀드  ← 미보유 또는 청산 조건 미해당 (+0.000)
    거래량  MA25대비 0.40x  〰(neutral) (+0.0000)  ← 임계 미달 (기준 ≥1.2/≤0.7x) → 중립
2026-09-29 11:35:00.189 | INFO     | stock_bot.news.crawler:fetch_naver_news:207 - news relevance filter: 11 → 1 (제외 10건) [034020]
2026-09-29 11:35:00.191 | INFO     | stock_bot.news.crawler:fetch_naver_news:212 - fetched 1 news items for 034020
2026-09-29 11:35:00.196 | DEBUG    | stock_bot.live.runner:_news_tick:840 - news 034020 new=0/1 (모두 중복)
2026-09-29 11:35:00.316 | INFO     | stock_bot.news.crawler:fetch_naver_news:207 - news relevance filter: 10 → 1 (제외 9건) [241560]
2026-09-29 11:35:00.317 | INFO     | stock_bot.news.crawler:fetch_naver_news:212 - fetched 1 news items for 241560
2026-09-29 11:35:00.322 | DEBUG    | stock_bot.live.runner:_news_tick:840 - news 241560 new=0/1 (모두 중복)
2026-09-29 11:35:00.443 | INFO     | stock_bot.news.crawler:fetch_naver_news:207 - news relevance filter: 3 → 1 (제외 2건) [123330]
2026-09-29 11:35:00.444 | INFO     | stock_bot.news.crawler:fetch_naver_news:212 - fetched 1 news items for 123330
2026-09-29 11:35:00.449 | DEBUG    | stock_bot.live.runner:_news_tick:840 - news 123330 new=0/1 (모두 중복)
2026-09-29 11:35:09.324 | INFO     | stock_bot.live.runner:_tick:1546 - 034020 두산에너빌리티 [ensemble] HOLD score=+0.00 B0/S0 | 현재가 79,300원 | 손절 -2.16%(ATR)
    VWAP 79,380원 -0.10% ─홀드 (+0.000)
    ST 하락추세 ─홀드 (+0.000)
    RSI 37.7 (기준 30/74) ─홀드 (+0.000)
    BB 79,091~79,659원 현재 79,300원 ─홀드 (+0.000)  ← 중간 [───●──────] 37%
    DC  ─홀드  ← 미보유 또는 청산 조건 미해당 (+0.000)
    거래량  MA25대비 0.37x  〰(neutral) (+0.0000)  ← 임계 미달 (기준 ≥1.2/≤0.7x) → 중립
2026-09-29 11:35:15.369 | INFO     | stock_bot.live.runner:_tick:1546 - 241560 두산밥캣 [ensemble] HOLD score=+0.48 B2/S0 | 현재가 55,400원 | 손절 -2.20%(ATR)
    VWAP 55,994원 -1.06% ▲매수 (+0.294)
    ST 하락추세 ─홀드 (+0.000)
    RSI 24.0 (기준 30/74) ▲매수 (+0.235)
    BB 55,267~56,123원 현재 55,400원 ─홀드 (+0.000)  ← 하단근접 [─●────────] 16%
    DC  ─홀드  ← 미보유 또는 청산 조건 미해당 (+0.000)
    거래량  MA25대비 0.47x  ▼(penalty) (-0.0500)  ← 점수 조정 -0.0500
2026-09-29 11:35:19.871 | INFO     | stock_bot.live.runner:_tick:1546 - 123330 제닉 [ensemble] HOLD score=+0.00 B0/S0 | 현재가 23,350원 | 손절 -3.30%(ATR)
    VWAP 23,296원 +0.23% ─홀드 (+0.000)
    ST 하락추세 ─홀드 (+0.000)
    RSI 42.8 (기준 30/74) ─홀드 (+0.000)
    BB 23,249~23,421원 현재 23,350원 ─홀드 (+0.000)  ← 중간 [─────●────] 59%
    DC  ─홀드  ← 미보유 또는 청산 조건 미해당 (+0.000)
    거래량  MA25대비 0.26x  〰(neutral) (+0.0000)  ← 임계 미달 (기준 ≥1.2/≤0.7x) → 중립
2026-09-29 11:40:00.208 | INFO     | stock_bot.news.crawler:fetch_naver_news:207 - news relevance filter: 10 → 1 (제외 9건) [034020]
2026-09-29 11:40:00.209 | INFO     | stock_bot.news.crawler:fetch_naver_news:212 - fetched 1 news items for 034020
2026-09-29 11:40:00.216 | DEBUG    | stock_bot.live.runner:_news_tick:840 - news 034020 new=0/1 (모두 중복)
2026-09-29 11:40:00.357 | INFO     | stock_bot.news.crawler:fetch_naver_news:207 - news relevance filter: 10 → 1 (제외 9건) [241560]
2026-09-29 11:40:00.358 | INFO     | stock_bot.news.crawler:fetch_naver_news:212 - fetched 1 news items for 241560
2026-09-29 11:40:00.364 | DEBUG    | stock_bot.live.runner:_news_tick:840 - news 241560 new=0/1 (모두 중복)
2026-09-29 11:40:00.503 | INFO     | stock_bot.news.crawler:fetch_naver_news:207 - news relevance filter: 3 → 1 (제외 2건) [123330]
2026-09-29 11:40:00.504 | INFO     | stock_bot.news.crawler:fetch_naver_news:212 - fetched 1 news items for 123330
2026-09-29 11:40:00.510 | DEBUG    | stock_bot.live.runner:_news_tick:840 - news 123330 new=0/1 (모두 중복)
2026-09-29 11:40:15.407 | INFO     | stock_bot.live.runner:_tick:1546 - 034020 두산에너빌리티 [ensemble] HOLD score=+0.00 B0/S0 | 현재가 79,200원 | 손절 -2.05%(ATR)
    VWAP 79,374원 -0.22% ─홀드 (+0.000)
    ST 하락추세 ─홀드 (+0.000)
    RSI 34.7 (기준 30/74) ─홀드 (+0.000)
    BB 79,088~79,602원 현재 79,200원 ─홀드 (+0.000)  ← 하단근접 [──●───────] 22%
    DC  ─홀드  ← 미보유 또는 청산 조건 미해당 (+0.000)
    거래량  MA25대비 1.00x  〰(neutral) (+0.0000)  ← 임계 미달 (기준 ≥1.2/≤0.7x) → 중립
2026-09-29 11:40:21.985 | INFO     | stock_bot.live.runner:_tick:1546 - 241560 두산밥캣 [ensemble] HOLD score=+0.48 B2/S0 | 현재가 55,300원 | 손절 -2.17%(ATR)
    VWAP 55,979원 -1.21% ▲매수 (+0.294)
    ST 하락추세 ─홀드 (+0.000)
    RSI 22.6 (기준 30/74) ▲매수 (+0.235)
    BB 55,237~56,073원 현재 55,300원 ─홀드 (+0.000)  ← 하단근접 [●─────────] 8%
    DC  ─홀드  ← 미보유 또는 청산 조건 미해당 (+0.000)
    거래량  MA25대비 0.64x  ▼(penalty) (-0.0500)  ← 점수 조정 -0.0500
2026-09-29 11:40:29.149 | INFO     | stock_bot.live.runner:_tick:1546 - 123330 제닉 [ensemble] HOLD score=+0.00 B0/S0 | 현재가 23,300원 | 손절 -3.15%(ATR)
    VWAP 23,296원 +0.02% ─홀드 (+0.000)
    ST 하락추세 ─홀드 (+0.000)
    RSI 40.6 (기준 30/74) ─홀드 (+0.000)
    BB 23,245~23,420원 현재 23,300원 ─홀드 (+0.000)  ← 중간 [───●──────] 31%
    DC  ─홀드  ← 미보유 또는 청산 조건 미해당 (+0.000)
    거래량  MA25대비 0.33x  〰(neutral) (+0.0000)  ← 임계 미달 (기준 ≥1.2/≤0.7x) → 중립
2026-09-29 11:45:00.204 | INFO     | stock_bot.news.crawler:fetch_naver_news:207 - news relevance filter: 10 → 1 (제외 9건) [034020]
2026-09-29 11:45:00.213 | INFO     | stock_bot.news.crawler:fetch_naver_news:212 - fetched 1 news items for 034020
2026-09-29 11:45:00.219 | DEBUG    | stock_bot.live.runner:_news_tick:840 - news 034020 new=0/1 (모두 중복)
2026-09-29 11:45:00.346 | INFO     | stock_bot.news.crawler:fetch_naver_news:207 - news relevance filter: 10 → 1 (제외 9건) [241560]
2026-09-29 11:45:00.347 | INFO     | stock_bot.news.crawler:fetch_naver_news:212 - fetched 1 news items for 241560
2026-09-29 11:45:00.352 | DEBUG    | stock_bot.live.runner:_news_tick:840 - news 241560 new=0/1 (모두 중복)
2026-09-29 11:45:00.470 | INFO     | stock_bot.news.crawler:fetch_naver_news:207 - news relevance filter: 3 → 1 (제외 2건) [123330]
2026-09-29 11:45:00.471 | INFO     | stock_bot.news.crawler:fetch_naver_news:212 - fetched 1 news items for 123330
2026-09-29 11:45:00.476 | DEBUG    | stock_bot.live.runner:_news_tick:840 - news 123330 new=0/1 (모두 중복)
2026-09-29 11:45:10.062 | INFO     | stock_bot.live.runner:_tick:1546 - 034020 두산에너빌리티 [ensemble] HOLD score=+0.00 B0/S0 | 현재가 79,200원 | 손절 -1.99%(ATR)
    VWAP 79,366원 -0.21% ─홀드 (+0.000)
    ST 하락추세 ─홀드 (+0.000)
    RSI 34.9 (기준 30/74) ─홀드 (+0.000)
    BB 79,076~79,584원 현재 79,200원 ─홀드 (+0.000)  ← 하단근접 [──●───────] 24%
    DC  ─홀드  ← 미보유 또는 청산 조건 미해당 (+0.000)
    거래량  MA25대비 1.06x  〰(neutral) (+0.0000)  ← 임계 미달 (기준 ≥1.2/≤0.7x) → 중립
2026-09-29 11:45:15.889 | INFO     | stock_bot.live.runner:_tick:1361 - 241560 [레짐-차단] KOSPI 일봉 20MA아래 & 10일모멘텀− → 신규 매수 차단
2026-09-29 11:45:15.906 | INFO     | stock_bot.live.runner:_tick:1546 - 241560 두산밥캣 [ensemble] HOLD score=+0.63 B2/S0 | 현재가 55,000원 | 손절 -2.27%(ATR) | ⚑약세장 차단
    VWAP 55,898원 -1.61% ▲매수 (+0.294)
    ST 하락추세 ─홀드 (+0.000)
    RSI 19.2 (기준 30/74) ▲매수 (+0.235)
    BB 55,116~56,054원 현재 55,000원 ─홀드 (+0.000)  ← 하단근접 [●──────────] -12%
    DC  ─홀드  ← 미보유 또는 청산 조건 미해당 (+0.000)
    거래량  MA25대비 2.48x  ▲(boost) (+0.1000)  ← 점수 조정 +0.1000
2026-09-29 11:45:21.889 | INFO     | stock_bot.live.runner:_tick:1546 - 123330 제닉 [ensemble] HOLD score=+0.00 B0/S0 | 현재가 23,400원 | 손절 -3.05%(ATR)
    VWAP 23,298원 +0.44% ─홀드 (+0.000)
    ST 하락추세 ─홀드 (+0.000)
    RSI 46.7 (기준 30/74) ─홀드 (+0.000)
    BB 23,245~23,435원 현재 23,400원 ─홀드 (+0.000)  ← 상단근접 [────────●─] 82%
    DC  ─홀드  ← 미보유 또는 청산 조건 미해당 (+0.000)
    거래량  MA25대비 0.77x  〰(neutral) (+0.0000)  ← 임계 미달 (기준 ≥1.2/≤0.7x) → 중립
2026-09-29 11:50:00.197 | INFO     | stock_bot.news.crawler:fetch_naver_news:207 - news relevance filter: 10 → 1 (제외 9건) [034020]
2026-09-29 11:50:00.198 | INFO     | stock_bot.news.crawler:fetch_naver_news:212 - fetched 1 news items for 034020
2026-09-29 11:50:00.206 | DEBUG    | stock_bot.live.runner:_news_tick:840 - news 034020 new=0/1 (모두 중복)
2026-09-29 11:50:00.343 | INFO     | stock_bot.news.crawler:fetch_naver_news:207 - news relevance filter: 10 → 1 (제외 9건) [241560]
2026-09-29 11:50:00.344 | INFO     | stock_bot.news.crawler:fetch_naver_news:212 - fetched 1 news items for 241560
2026-09-29 11:50:00.350 | DEBUG    | stock_bot.live.runner:_news_tick:840 - news 241560 new=0/1 (모두 중복)
2026-09-29 11:50:00.493 | INFO     | stock_bot.news.crawler:fetch_naver_news:207 - news relevance filter: 3 → 1 (제외 2건) [123330]
2026-09-29 11:50:00.494 | INFO     | stock_bot.news.crawler:fetch_naver_news:212 - fetched 1 news items for 123330
2026-09-29 11:50:00.500 | DEBUG    | stock_bot.live.runner:_news_tick:840 - news 123330 new=0/1 (모두 중복)
2026-09-29 11:50:05.512 | INFO     | stock_bot.live.runner:_tick:1546 - 034020 두산에너빌리티 [ensemble] HOLD score=+0.00 B0/S0 | 현재가 79,100원 | 손절 -1.90%(ATR)
    VWAP 79,364원 -0.33% ─홀드 (+0.000)
    ST 하락추세 ─홀드 (+0.000)
    RSI 33.2 (기준 30/74) ─홀드 (+0.000)
    BB 79,046~79,594원 현재 79,100원 ─홀드 (+0.000)  ← 하단근접 [●─────────] 10%
    DC  ─홀드  ← 미보유 또는 청산 조건 미해당 (+0.000)
    거래량  MA25대비 0.35x  〰(neutral) (+0.0000)  ← 임계 미달 (기준 ≥1.2/≤0.7x) → 중립
2026-09-29 11:50:09.670 | INFO     | stock_bot.live.runner:_tick:1361 - 241560 [레짐-차단] KOSPI 일봉 20MA아래 & 10일모멘텀− → 신규 매수 차단
2026-09-29 11:50:09.695 | INFO     | stock_bot.live.runner:_tick:1546 - 241560 두산밥캣 [ensemble] HOLD score=+0.84 B3/S0 | 현재가 55,000원 | 손절 -2.36%(ATR) | ⚑약세장 차단
    VWAP 55,835원 -1.50% ▲매수 (+0.294)
    ST 하락추세 ─홀드 (+0.000)
    RSI 22.3 (기준 30/74) ▲매수 (+0.235)
    BB 54,992~56,088원 현재 55,000원 ▲매수 (+0.212)
    DC  ─홀드  ← 미보유 또는 청산 조건 미해당 (+0.000)
    거래량  MA25대비 1.75x  ▲(boost) (+0.1000)  ← 점수 조정 +0.1000
2026-09-29 11:50:16.009 | INFO     | stock_bot.live.runner:_tick:1546 - 123330 제닉 [ensemble] HOLD score=+0.00 B0/S0 | 현재가 23,250원 | 손절 -3.15%(ATR)
    VWAP 23,299원 -0.21% ─홀드 (+0.000)
    ST 하락추세 ─홀드 (+0.000)
    RSI 39.9 (기준 30/74) ─홀드 (+0.000)
    BB 23,246~23,429원 현재 23,250원 ─홀드 (+0.000)  ← 하단근접 [●─────────] 2%
    DC  ─홀드  ← 미보유 또는 청산 조건 미해당 (+0.000)
    거래량  MA25대비 0.44x  〰(neutral) (+0.0000)  ← 임계 미달 (기준 ≥1.2/≤0.7x) → 중립
2026-09-29 11:55:00.209 | INFO     | stock_bot.news.crawler:fetch_naver_news:207 - news relevance filter: 10 → 1 (제외 9건) [034020]
2026-09-29 11:55:00.212 | INFO     | stock_bot.news.crawler:fetch_naver_news:212 - fetched 1 news items for 034020
2026-09-29 11:55:00.217 | DEBUG    | stock_bot.live.runner:_news_tick:840 - news 034020 new=0/1 (모두 중복)
2026-09-29 11:55:00.338 | INFO     | stock_bot.news.crawler:fetch_naver_news:207 - news relevance filter: 10 → 1 (제외 9건) [241560]
2026-09-29 11:55:00.339 | INFO     | stock_bot.news.crawler:fetch_naver_news:212 - fetched 1 news items for 241560
2026-09-29 11:55:00.344 | DEBUG    | stock_bot.live.runner:_news_tick:840 - news 241560 new=0/1 (모두 중복)
2026-09-29 11:55:00.464 | INFO     | stock_bot.news.crawler:fetch_naver_news:207 - news relevance filter: 3 → 1 (제외 2건) [123330]
2026-09-29 11:55:00.465 | INFO     | stock_bot.news.crawler:fetch_naver_news:212 - fetched 1 news items for 123330
2026-09-29 11:55:00.470 | DEBUG    | stock_bot.live.runner:_news_tick:840 - news 123330 new=0/1 (모두 중복)
2026-09-29 11:55:13.667 | INFO     | stock_bot.live.runner:_tick:1546 - 034020 두산에너빌리티 [ensemble] HOLD score=+0.00 B0/S0 | 현재가 79,100원 | 손절 -1.81%(ATR)
    VWAP 79,354원 -0.32% ─홀드 (+0.000)
    ST 하락추세 ─홀드 (+0.000)
    RSI 32.9 (기준 30/74) ─홀드 (+0.000)
    BB 79,028~79,602원 현재 79,100원 ─홀드 (+0.000)  ← 하단근접 [─●────────] 13%
    DC  ─홀드  ← 미보유 또는 청산 조건 미해당 (+0.000)
    거래량  MA25대비 1.15x  〰(neutral) (+0.0000)  ← 임계 미달 (기준 ≥1.2/≤0.7x) → 중립
2026-09-29 11:55:21.124 | INFO     | stock_bot.live.runner:_tick:1546 - 241560 두산밥캣 [ensemble] HOLD score=+0.53 B2/S0 | 현재가 54,600원 | 손절 -2.45%(ATR)
    VWAP 55,799원 -2.15% ▲매수 (+0.294)
    ST 하락추세 ─홀드 (+0.000)
    RSI 16.1 (기준 30/74) ▲매수 (+0.235)
    BB 54,733~56,197원 현재 54,600원 ─홀드 (+0.000)  ← 하단근접 [●─────────] -9%
    DC  ─홀드  ← 미보유 또는 청산 조건 미해당 (+0.000)
    거래량  MA25대비 0.88x  〰(neutral) (+0.0000)  ← 임계 미달 (기준 ≥1.2/≤0.7x) → 중립
2026-09-29 11:55:26.279 | INFO     | stock_bot.live.runner:_tick:1546 - 123330 제닉 [ensemble] HOLD score=+0.00 B0/S0 | 현재가 23,250원 | 손절 -3.15%(ATR)
    VWAP 23,300원 -0.21% ─홀드 (+0.000)
    ST 하락추세 ─홀드 (+0.000)
    RSI 39.8 (기준 30/74) ─홀드 (+0.000)
    BB 23,245~23,420원 현재 23,250원 ─홀드 (+0.000)  ← 하단근접 [●─────────] 3%
    DC  ─홀드  ← 미보유 또는 청산 조건 미해당 (+0.000)
    거래량  MA25대비 0.97x  〰(neutral) (+0.0000)  ← 임계 미달 (기준 ≥1.2/≤0.7x) → 중립
2026-09-29 12:00:00.203 | INFO     | stock_bot.news.crawler:fetch_naver_news:207 - news relevance filter: 10 → 1 (제외 9건) [034020]
2026-09-29 12:00:00.204 | INFO     | stock_bot.news.crawler:fetch_naver_news:212 - fetched 1 news items for 034020
2026-09-29 12:00:00.211 | DEBUG    | stock_bot.live.runner:_news_tick:840 - news 034020 new=0/1 (모두 중복)
2026-09-29 12:00:00.360 | INFO     | stock_bot.news.crawler:fetch_naver_news:207 - news relevance filter: 10 → 1 (제외 9건) [241560]
2026-09-29 12:00:00.362 | INFO     | stock_bot.news.crawler:fetch_naver_news:212 - fetched 1 news items for 241560
2026-09-29 12:00:00.370 | DEBUG    | stock_bot.live.runner:_news_tick:840 - news 241560 new=0/1 (모두 중복)
2026-09-29 12:00:00.504 | INFO     | stock_bot.news.crawler:fetch_naver_news:207 - news relevance filter: 3 → 1 (제외 2건) [123330]
2026-09-29 12:00:00.505 | INFO     | stock_bot.news.crawler:fetch_naver_news:212 - fetched 1 news items for 123330
2026-09-29 12:00:00.512 | DEBUG    | stock_bot.live.runner:_news_tick:840 - news 123330 new=0/1 (모두 중복)
2026-09-29 12:00:21.202 | INFO     | stock_bot.live.runner:_tick:1546 - 034020 두산에너빌리티 [ensemble] HOLD score=+0.00 B0/S0 | 현재가 79,200원 | 손절 -1.72%(ATR)
    VWAP 79,347원 -0.19% ─홀드 (+0.000)
    ST 하락추세 ─홀드 (+0.000)
    RSI 36.6 (기준 30/74) ─홀드 (+0.000)
    BB 79,017~79,593원 현재 79,200원 ─홀드 (+0.000)  ← 중간 [───●──────] 32%
    DC  ─홀드  ← 미보유 또는 청산 조건 미해당 (+0.000)
    거래량  MA25대비 0.82x  〰(neutral) (+0.0000)  ← 임계 미달 (기준 ≥1.2/≤0.7x) → 중립
2026-09-29 12:00:34.452 | INFO     | stock_bot.live.runner:_tick:1546 - 241560 두산밥캣 [ensemble] HOLD score=+0.53 B2/S0 | 현재가 54,700원 | 손절 -2.52%(ATR)
    VWAP 55,768원 -1.91% ▲매수 (+0.294)
    ST 하락추세 ─홀드 (+0.000)
    RSI 19.5 (기준 30/74) ▲매수 (+0.235)
    BB 54,670~56,170원 현재 54,700원 ─홀드 (+0.000)  ← 하단근접 [●─────────] 2%
    DC  ─홀드  ← 미보유 또는 청산 조건 미해당 (+0.000)
    거래량  MA25대비 1.03x  〰(neutral) (+0.0000)  ← 임계 미달 (기준 ≥1.2/≤0.7x) → 중립
2026-09-29 12:00:49.658 | INFO     | stock_bot.live.runner:_tick:1546 - 123330 제닉 [ensemble] HOLD score=+0.00 B0/S0 | 현재가 23,250원 | 손절 -3.08%(ATR)
    VWAP 23,299원 -0.21% ─홀드 (+0.000)
    ST 하락추세 ─홀드 (+0.000)
    RSI 39.7 (기준 30/74) ─홀드 (+0.000)
    BB 23,242~23,418원 현재 23,250원 ─홀드 (+0.000)  ← 하단근접 [●─────────] 5%
    DC  ─홀드  ← 미보유 또는 청산 조건 미해당 (+0.000)
    거래량  MA25대비 0.65x  〰(neutral) (+0.0000)  ← 임계 미달 (기준 ≥1.2/≤0.7x) → 중립
2026-09-29 12:05:00.194 | INFO     | stock_bot.news.crawler:fetch_naver_news:207 - news relevance filter: 10 → 1 (제외 9건) [034020]
2026-09-29 12:05:00.195 | INFO     | stock_bot.news.crawler:fetch_naver_news:212 - fetched 1 news items for 034020
2026-09-29 12:05:00.201 | DEBUG    | stock_bot.live.runner:_news_tick:840 - news 034020 new=0/1 (모두 중복)
2026-09-29 12:05:00.332 | INFO     | stock_bot.news.crawler:fetch_naver_news:207 - news relevance filter: 10 → 1 (제외 9건) [241560]
2026-09-29 12:05:00.333 | INFO     | stock_bot.news.crawler:fetch_naver_news:212 - fetched 1 news items for 241560
2026-09-29 12:05:00.338 | DEBUG    | stock_bot.live.runner:_news_tick:840 - news 241560 new=0/1 (모두 중복)
2026-09-29 12:05:00.462 | INFO     | stock_bot.news.crawler:fetch_naver_news:207 - news relevance filter: 3 → 1 (제외 2건) [123330]
2026-09-29 12:05:00.462 | INFO     | stock_bot.news.crawler:fetch_naver_news:212 - fetched 1 news items for 123330
2026-09-29 12:05:00.467 | DEBUG    | stock_bot.live.runner:_news_tick:840 - news 123330 new=0/1 (모두 중복)
2026-09-29 12:05:21.523 | INFO     | stock_bot.live.runner:_tick:1546 - 034020 두산에너빌리티 [ensemble] HOLD score=+0.00 B0/S0 | 현재가 79,100원 | 손절 -1.64%(ATR)
    VWAP 79,343원 -0.31% ─홀드 (+0.000)
    ST 하락추세 ─홀드 (+0.000)
    RSI 33.0 (기준 30/74) ─홀드 (+0.000)
    BB 78,977~79,598원 현재 79,100원 ─홀드 (+0.000)  ← 하단근접 [─●────────] 20%
    DC  ─홀드  ← 미보유 또는 청산 조건 미해당 (+0.000)
    거래량  MA25대비 0.90x  〰(neutral) (+0.0000)  ← 임계 미달 (기준 ≥1.2/≤0.7x) → 중립
2026-09-29 12:05:34.850 | INFO     | stock_bot.live.runner:_tick:1546 - 241560 두산밥캣 [ensemble] HOLD score=+0.48 B2/S0 | 현재가 54,700원 | 손절 -2.41%(ATR)
    VWAP 55,753원 -1.89% ▲매수 (+0.294)
    ST 하락추세 ─홀드 (+0.000)
    RSI 19.8 (기준 30/74) ▲매수 (+0.235)
    BB 54,594~56,146원 현재 54,700원 ─홀드 (+0.000)  ← 하단근접 [●─────────] 7%
    DC  ─홀드  ← 미보유 또는 청산 조건 미해당 (+0.000)
    거래량  MA25대비 0.56x  ▼(penalty) (-0.0500)  ← 점수 조정 -0.0500
2026-09-29 12:05:49.930 | INFO     | stock_bot.live.runner:_tick:1546 - 123330 제닉 [ensemble] HOLD score=+0.00 B0/S0 | 현재가 23,200원 | 손절 -3.02%(ATR)
    VWAP 23,299원 -0.42% ─홀드 (+0.000)
    ST 하락추세 ─홀드 (+0.000)
    RSI 37.4 (기준 30/74) ─홀드 (+0.000)
    BB 23,228~23,417원 현재 23,200원 ─홀드 (+0.000)  ← 하단근접 [●──────────] -15%
    DC  ─홀드  ← 미보유 또는 청산 조건 미해당 (+0.000)
    거래량  MA25대비 0.69x  〰(neutral) (+0.0000)  ← 임계 미달 (기준 ≥1.2/≤0.7x) → 중립
2026-09-29 12:10:00.191 | INFO     | stock_bot.news.crawler:fetch_naver_news:207 - news relevance filter: 10 → 1 (제외 9건) [034020]
2026-09-29 12:10:00.193 | INFO     | stock_bot.news.crawler:fetch_naver_news:212 - fetched 1 news items for 034020
2026-09-29 12:10:00.198 | DEBUG    | stock_bot.live.runner:_news_tick:840 - news 034020 new=0/1 (모두 중복)
2026-09-29 12:10:00.321 | INFO     | stock_bot.news.crawler:fetch_naver_news:207 - news relevance filter: 10 → 1 (제외 9건) [241560]
2026-09-29 12:10:00.322 | INFO     | stock_bot.news.crawler:fetch_naver_news:212 - fetched 1 news items for 241560
2026-09-29 12:10:00.327 | DEBUG    | stock_bot.live.runner:_news_tick:840 - news 241560 new=0/1 (모두 중복)
2026-09-29 12:10:00.445 | INFO     | stock_bot.news.crawler:fetch_naver_news:207 - news relevance filter: 3 → 1 (제외 2건) [123330]
2026-09-29 12:10:00.446 | INFO     | stock_bot.news.crawler:fetch_naver_news:212 - fetched 1 news items for 123330
2026-09-29 12:10:00.451 | DEBUG    | stock_bot.live.runner:_news_tick:840 - news 123330 new=0/1 (모두 중복)
2026-09-29 12:10:19.632 | INFO     | stock_bot.live.runner:_tick:1546 - 034020 두산에너빌리티 [ensemble] HOLD score=+0.00 B0/S0 | 현재가 79,100원 | 손절 -1.57%(ATR)
    VWAP 79,338원 -0.30% ─홀드 (+0.000)
    ST 하락추세 ─홀드 (+0.000)
    RSI 33.0 (기준 30/74) ─홀드 (+0.000)
    BB 78,955~79,590원 현재 79,100원 ─홀드 (+0.000)  ← 하단근접 [──●───────] 23%
    DC  ─홀드  ← 미보유 또는 청산 조건 미해당 (+0.000)
    거래량  MA25대비 0.92x  〰(neutral) (+0.0000)  ← 임계 미달 (기준 ≥1.2/≤0.7x) → 중립
2026-09-29 12:10:29.291 | INFO     | stock_bot.live.runner:_tick:1546 - 241560 두산밥캣 [ensemble] HOLD score=+0.48 B2/S0 | 현재가 54,700원 | 손절 -2.30%(ATR)
    VWAP 55,740원 -1.87% ▲매수 (+0.294)
    ST 하락추세 ─홀드 (+0.000)
    RSI 19.4 (기준 30/74) ▲매수 (+0.235)
    BB 54,532~56,108원 현재 54,700원 ─홀드 (+0.000)  ← 하단근접 [─●────────] 11%
    DC  ─홀드  ← 미보유 또는 청산 조건 미해당 (+0.000)
    거래량  MA25대비 0.59x  ▼(penalty) (-0.0500)  ← 점수 조정 -0.0500
2026-09-29 12:10:37.026 | INFO     | stock_bot.live.runner:_tick:1546 - 123330 제닉 [ensemble] HOLD score=+0.00 B0/S0 | 현재가 23,250원 | 손절 -2.94%(ATR)
    VWAP 23,299원 -0.21% ─홀드 (+0.000)
    ST 하락추세 ─홀드 (+0.000)
    RSI 39.7 (기준 30/74) ─홀드 (+0.000)
    BB 23,232~23,408원 현재 23,250원 ─홀드 (+0.000)  ← 하단근접 [─●────────] 10%
    DC  ─홀드  ← 미보유 또는 청산 조건 미해당 (+0.000)
    거래량  MA25대비 0.52x  〰(neutral) (+0.0000)  ← 임계 미달 (기준 ≥1.2/≤0.7x) → 중립
2026-09-29 12:15:00.200 | INFO     | stock_bot.news.crawler:fetch_naver_news:207 - news relevance filter: 10 → 1 (제외 9건) [034020]
2026-09-29 12:15:00.201 | INFO     | stock_bot.news.crawler:fetch_naver_news:212 - fetched 1 news items for 034020
2026-09-29 12:15:00.206 | DEBUG    | stock_bot.live.runner:_news_tick:840 - news 034020 new=0/1 (모두 중복)
2026-09-29 12:15:00.327 | INFO     | stock_bot.news.crawler:fetch_naver_news:207 - news relevance filter: 10 → 1 (제외 9건) [241560]
2026-09-29 12:15:00.328 | INFO     | stock_bot.news.crawler:fetch_naver_news:212 - fetched 1 news items for 241560
2026-09-29 12:15:00.334 | DEBUG    | stock_bot.live.runner:_news_tick:840 - news 241560 new=0/1 (모두 중복)
2026-09-29 12:15:00.465 | INFO     | stock_bot.news.crawler:fetch_naver_news:207 - news relevance filter: 3 → 1 (제외 2건) [123330]
2026-09-29 12:15:00.466 | INFO     | stock_bot.news.crawler:fetch_naver_news:212 - fetched 1 news items for 123330
2026-09-29 12:15:00.471 | DEBUG    | stock_bot.live.runner:_news_tick:840 - news 123330 new=0/1 (모두 중복)
2026-09-29 12:15:03.964 | INFO     | stock_bot.live.runner:_tick:1546 - 034020 두산에너빌리티 [ensemble] HOLD score=+0.00 B0/S0 | 현재가 79,100원 | 손절 -1.46%(ATR)
    VWAP 79,331원 -0.29% ─홀드 (+0.000)
    ST 하락추세 ─홀드 (+0.000)
    RSI 33.0 (기준 30/74) ─홀드 (+0.000)
    BB 78,946~79,559원 현재 79,100원 ─홀드 (+0.000)  ← 중간 [──●───────] 25%
    DC  ─홀드  ← 미보유 또는 청산 조건 미해당 (+0.000)
    거래량  MA25대비 1.15x  〰(neutral) (+0.0000)  ← 임계 미달 (기준 ≥1.2/≤0.7x) → 중립
2026-09-29 12:15:13.586 | INFO     | stock_bot.live.runner:_tick:1546 - 241560 두산밥캣 [ensemble] HOLD score=+0.53 B2/S0 | 현재가 54,700원 | 손절 -2.26%(ATR)
    VWAP 55,719원 -1.83% ▲매수 (+0.294)
    ST 하락추세 ─홀드 (+0.000)
    RSI 19.4 (기준 30/74) ▲매수 (+0.235)
    BB 54,483~56,057원 현재 54,700원 ─홀드 (+0.000)  ← 하단근접 [─●────────] 14%
    DC  ─홀드  ← 미보유 또는 청산 조건 미해당 (+0.000)
    거래량  MA25대비 0.90x  〰(neutral) (+0.0000)  ← 임계 미달 (기준 ≥1.2/≤0.7x) → 중립
2026-09-29 12:15:22.408 | INFO     | stock_bot.live.runner:_tick:1546 - 123330 제닉 [ensemble] HOLD score=+0.21 B1/S0 | 현재가 23,200원 | 손절 -2.88%(ATR)
    VWAP 23,298원 -0.42% ─홀드 (+0.000)
    ST 하락추세 ─홀드 (+0.000)
    RSI 37.3 (기준 30/74) ─홀드 (+0.000)
    BB 23,199~23,421원 현재 23,200원 ▲매수 (+0.212)
    DC  ─홀드  ← 미보유 또는 청산 조건 미해당 (+0.000)
    거래량  MA25대비 0.83x  〰(neutral) (+0.0000)  ← 임계 미달 (기준 ≥1.2/≤0.7x) → 중립
2026-09-29 12:20:00.177 | INFO     | stock_bot.news.crawler:fetch_naver_news:207 - news relevance filter: 10 → 1 (제외 9건) [034020]
2026-09-29 12:20:00.178 | INFO     | stock_bot.news.crawler:fetch_naver_news:212 - fetched 1 news items for 034020
2026-09-29 12:20:00.184 | DEBUG    | stock_bot.live.runner:_news_tick:840 - news 034020 new=0/1 (모두 중복)
2026-09-29 12:20:00.333 | INFO     | stock_bot.news.crawler:fetch_naver_news:207 - news relevance filter: 10 → 1 (제외 9건) [241560]
2026-09-29 12:20:00.334 | INFO     | stock_bot.news.crawler:fetch_naver_news:212 - fetched 1 news items for 241560
2026-09-29 12:20:00.340 | DEBUG    | stock_bot.live.runner:_news_tick:840 - news 241560 new=0/1 (모두 중복)
2026-09-29 12:20:00.488 | INFO     | stock_bot.news.crawler:fetch_naver_news:207 - news relevance filter: 3 → 1 (제외 2건) [123330]
2026-09-29 12:20:00.489 | INFO     | stock_bot.news.crawler:fetch_naver_news:212 - fetched 1 news items for 123330
2026-09-29 12:20:00.496 | DEBUG    | stock_bot.live.runner:_news_tick:840 - news 123330 new=0/1 (모두 중복)
2026-09-29 12:20:11.125 | INFO     | stock_bot.live.runner:_tick:1546 - 034020 두산에너빌리티 [ensemble] HOLD score=+0.00 B0/S0 | 현재가 79,000원 | 손절 -1.49%(ATR)
    VWAP 79,325원 -0.41% ─홀드 (+0.000)
    ST 하락추세 ─홀드 (+0.000)
    RSI 31.1 (기준 30/74) ─홀드 (+0.000)
    BB 78,925~79,510원 현재 79,000원 ─홀드 (+0.000)  ← 하단근접 [─●────────] 13%
    DC  ─홀드  ← 미보유 또는 청산 조건 미해당 (+0.000)
    거래량  MA25대비 1.12x  〰(neutral) (+0.0000)  ← 임계 미달 (기준 ≥1.2/≤0.7x) → 중립
2026-09-29 12:20:19.941 | INFO     | stock_bot.live.runner:_tick:1546 - 241560 두산밥캣 [ensemble] HOLD score=+0.53 B2/S0 | 현재가 54,900원 | 손절 -2.28%(ATR)
    VWAP 55,705원 -1.44% ▲매수 (+0.294)
    ST 하락추세 ─홀드 (+0.000)
    RSI 25.0 (기준 30/74) ▲매수 (+0.235)
    BB 54,472~55,998원 현재 54,900원 ─홀드 (+0.000)  ← 중간 [──●───────] 28%
    DC  ─홀드  ← 미보유 또는 청산 조건 미해당 (+0.000)
    거래량  MA25대비 0.74x  〰(neutral) (+0.0000)  ← 임계 미달 (기준 ≥1.2/≤0.7x) → 중립
2026-09-29 12:20:38.364 | INFO     | stock_bot.live.runner:_tick:1546 - 123330 제닉 [ensemble] HOLD score=+0.00 B0/S0 | 현재가 23,150원 | 손절 -2.90%(ATR)
    VWAP 23,295원 -0.62% ─홀드 (+0.000)
    ST 하락추세 ─홀드 (+0.000)
    RSI 35.2 (기준 30/74) ─홀드 (+0.000)
    BB 23,163~23,442원 현재 23,150원 ─홀드 (+0.000)  ← 하단근접 [●─────────] -5%
    DC  ─홀드  ← 미보유 또는 청산 조건 미해당 (+0.000)
    거래량  MA25대비 0.96x  〰(neutral) (+0.0000)  ← 임계 미달 (기준 ≥1.2/≤0.7x) → 중립
2026-09-29 12:25:00.182 | INFO     | stock_bot.news.crawler:fetch_naver_news:207 - news relevance filter: 10 → 1 (제외 9건) [034020]
2026-09-29 12:25:00.185 | INFO     | stock_bot.news.crawler:fetch_naver_news:212 - fetched 1 news items for 034020
2026-09-29 12:25:00.190 | DEBUG    | stock_bot.live.runner:_news_tick:840 - news 034020 new=0/1 (모두 중복)
2026-09-29 12:25:00.308 | INFO     | stock_bot.news.crawler:fetch_naver_news:207 - news relevance filter: 10 → 1 (제외 9건) [241560]
2026-09-29 12:25:00.309 | INFO     | stock_bot.news.crawler:fetch_naver_news:212 - fetched 1 news items for 241560
2026-09-29 12:25:00.315 | DEBUG    | stock_bot.live.runner:_news_tick:840 - news 241560 new=0/1 (모두 중복)
2026-09-29 12:25:00.434 | INFO     | stock_bot.news.crawler:fetch_naver_news:207 - news relevance filter: 3 → 1 (제외 2건) [123330]
2026-09-29 12:25:00.435 | INFO     | stock_bot.news.crawler:fetch_naver_news:212 - fetched 1 news items for 123330
2026-09-29 12:25:00.440 | DEBUG    | stock_bot.live.runner:_news_tick:840 - news 123330 new=0/1 (모두 중복)
2026-09-29 12:25:21.839 | INFO     | stock_bot.live.runner:_tick:1546 - 034020 두산에너빌리티 [ensemble] HOLD score=+0.00 B0/S0 | 현재가 79,150원 | 손절 -1.44%(ATR)
    VWAP 79,315원 -0.21% ─홀드 (+0.000)
    ST 하락추세 ─홀드 (+0.000)
    RSI 37.1 (기준 30/74) ─홀드 (+0.000)
    BB 78,962~79,453원 현재 79,150원 ─홀드 (+0.000)  ← 중간 [───●──────] 38%
    DC  ─홀드  ← 미보유 또는 청산 조건 미해당 (+0.000)
    거래량  MA25대비 1.96x  〰(neutral) (+0.0000)  ← 임계 미달 (기준 ≥1.2/≤0.7x) → 중립
2026-09-29 12:25:24.130 | INFO     | stock_bot.live.runner:_tick:1546 - 241560 두산밥캣 [ensemble] HOLD score=+0.48 B2/S0 | 현재가 54,900원 | 손절 -2.18%(ATR)
    VWAP 55,694원 -1.43% ▲매수 (+0.294)
    ST 하락추세 ─홀드 (+0.000)
    RSI 25.2 (기준 30/74) ▲매수 (+0.235)
    BB 54,447~55,923원 현재 54,900원 ─홀드 (+0.000)  ← 중간 [───●──────] 31%
    DC  ─홀드  ← 미보유 또는 청산 조건 미해당 (+0.000)
    거래량  MA25대비 0.56x  ▼(penalty) (-0.0500)  ← 점수 조정 -0.0500
2026-09-29 12:25:26.255 | INFO     | stock_bot.live.runner:_tick:1546 - 123330 제닉 [ensemble] HOLD score=+0.16 B1/S0 | 현재가 23,200원 | 손절 -2.84%(ATR)
    VWAP 23,293원 -0.40% ─홀드 (+0.000)
    ST 하락추세 ─홀드 (+0.000)
    RSI 39.1 (기준 30/74) ─홀드 (+0.000)
    BB 23,151~23,444원 현재 23,200원 ▲매수 (+0.212)
    DC  ─홀드  ← 미보유 또는 청산 조건 미해당 (+0.000)
    거래량  MA25대비 0.47x  ▼(penalty) (-0.0500)  ← 점수 조정 -0.0500
2026-09-29 12:30:00.201 | INFO     | stock_bot.news.crawler:fetch_naver_news:207 - news relevance filter: 11 → 1 (제외 10건) [034020]
2026-09-29 12:30:00.203 | INFO     | stock_bot.news.crawler:fetch_naver_news:212 - fetched 1 news items for 034020
2026-09-29 12:30:00.209 | DEBUG    | stock_bot.live.runner:_news_tick:840 - news 034020 new=0/1 (모두 중복)
2026-09-29 12:30:00.348 | INFO     | stock_bot.news.crawler:fetch_naver_news:207 - news relevance filter: 10 → 1 (제외 9건) [241560]
2026-09-29 12:30:00.350 | INFO     | stock_bot.news.crawler:fetch_naver_news:212 - fetched 1 news items for 241560
2026-09-29 12:30:00.357 | DEBUG    | stock_bot.live.runner:_news_tick:840 - news 241560 new=0/1 (모두 중복)
2026-09-29 12:30:00.493 | INFO     | stock_bot.news.crawler:fetch_naver_news:207 - news relevance filter: 3 → 1 (제외 2건) [123330]
2026-09-29 12:30:00.494 | INFO     | stock_bot.news.crawler:fetch_naver_news:212 - fetched 1 news items for 123330
2026-09-29 12:30:00.502 | DEBUG    | stock_bot.live.runner:_news_tick:840 - news 123330 new=0/1 (모두 중복)
2026-09-29 12:30:05.462 | INFO     | stock_bot.live.runner:_tick:1546 - 034020 두산에너빌리티 [ensemble] HOLD score=+0.00 B0/S0 | 현재가 79,100원 | 손절 -1.41%(ATR)
    VWAP 79,313원 -0.27% ─홀드 (+0.000)
    ST 하락추세 ─홀드 (+0.000)
    RSI 36.0 (기준 30/74) ─홀드 (+0.000)
    BB 78,974~79,396원 현재 79,100원 ─홀드 (+0.000)  ← 중간 [──●───────] 30%
    DC  ─홀드  ← 미보유 또는 청산 조건 미해당 (+0.000)
    거래량  MA25대비 0.29x  〰(neutral) (+0.0000)  ← 임계 미달 (기준 ≥1.2/≤0.7x) → 중립
2026-09-29 12:30:10.751 | INFO     | stock_bot.live.runner:_tick:1361 - 241560 [레짐-차단] KOSPI 일봉 20MA아래 & 10일모멘텀− → 신규 매수 차단
2026-09-29 12:30:10.779 | INFO     | stock_bot.live.runner:_tick:1546 - 241560 두산밥캣 [ensemble] HOLD score=+0.63 B2/S0 | 현재가 54,800원 | 손절 -2.16%(ATR) | ⚑약세장 차단
    VWAP 55,661원 -1.55% ▲매수 (+0.294)
    ST 하락추세 ─홀드 (+0.000)
    RSI 23.7 (기준 30/74) ▲매수 (+0.235)
    BB 54,425~55,855원 현재 54,800원 ─홀드 (+0.000)  ← 중간 [──●───────] 26%
    DC  ─홀드  ← 미보유 또는 청산 조건 미해당 (+0.000)
    거래량  MA25대비 1.82x  ▲(boost) (+0.1000)  ← 점수 조정 +0.1000
2026-09-29 12:30:16.252 | INFO     | stock_bot.live.runner:_tick:1546 - 123330 제닉 [ensemble] HOLD score=+0.00 B0/S0 | 현재가 23,150원 | 손절 -2.95%(ATR)
    VWAP 23,291원 -0.60% ─홀드 (+0.000)
    ST 하락추세 ─홀드 (+0.000)
    RSI 39.0 (기준 30/74) ─홀드 (+0.000)
    BB 23,140~23,450원 현재 23,150원 ─홀드 (+0.000)  ← 하단근접 [●─────────] 3%
    DC  ─홀드  ← 미보유 또는 청산 조건 미해당 (+0.000)
    거래량  MA25대비 2.27x  〰(neutral) (+0.0000)  ← 임계 미달 (기준 ≥1.2/≤0.7x) → 중립
2026-09-29 12:35:00.186 | INFO     | stock_bot.news.crawler:fetch_naver_news:207 - news relevance filter: 11 → 1 (제외 10건) [034020]
2026-09-29 12:35:00.188 | INFO     | stock_bot.news.crawler:fetch_naver_news:212 - fetched 1 news items for 034020
2026-09-29 12:35:00.194 | DEBUG    | stock_bot.live.runner:_news_tick:840 - news 034020 new=0/1 (모두 중복)
2026-09-29 12:35:00.313 | INFO     | stock_bot.news.crawler:fetch_naver_news:207 - news relevance filter: 10 → 1 (제외 9건) [241560]
2026-09-29 12:35:00.314 | INFO     | stock_bot.news.crawler:fetch_naver_news:212 - fetched 1 news items for 241560
2026-09-29 12:35:00.319 | DEBUG    | stock_bot.live.runner:_news_tick:840 - news 241560 new=0/1 (모두 중복)
2026-09-29 12:35:00.443 | INFO     | stock_bot.news.crawler:fetch_naver_news:207 - news relevance filter: 3 → 1 (제외 2건) [123330]
2026-09-29 12:35:00.444 | INFO     | stock_bot.news.crawler:fetch_naver_news:212 - fetched 1 news items for 123330
2026-09-29 12:35:00.449 | DEBUG    | stock_bot.live.runner:_news_tick:840 - news 123330 new=0/1 (모두 중복)
2026-09-29 12:35:05.573 | INFO     | stock_bot.live.runner:_tick:1546 - 034020 두산에너빌리티 [ensemble] HOLD score=+0.00 B0/S0 | 현재가 79,200원 | 손절 -1.37%(ATR)
    VWAP 79,310원 -0.14% ─홀드 (+0.000)
    ST 하락추세 ─홀드 (+0.000)
    RSI 40.0 (기준 30/74) ─홀드 (+0.000)
    BB 78,995~79,360원 현재 79,200원 ─홀드 (+0.000)  ← 중간 [─────●────] 56%
    DC  ─홀드  ← 미보유 또는 청산 조건 미해당 (+0.000)
    거래량  MA25대비 0.90x  〰(neutral) (+0.0000)  ← 임계 미달 (기준 ≥1.2/≤0.7x) → 중립
2026-09-29 12:35:09.573 | INFO     | stock_bot.live.runner:_tick:1546 - 241560 두산밥캣 [ensemble] HOLD score=+0.48 B2/S0 | 현재가 54,900원 | 손절 -2.06%(ATR)
    VWAP 55,652원 -1.35% ▲매수 (+0.294)
    ST 하락추세 ─홀드 (+0.000)
    RSI 25.3 (기준 30/74) ▲매수 (+0.235)
    BB 54,442~55,768원 현재 54,900원 ─홀드 (+0.000)  ← 중간 [───●──────] 35%
    DC  ─홀드  ← 미보유 또는 청산 조건 미해당 (+0.000)
    거래량  MA25대비 0.66x  ▼(penalty) (-0.0500)  ← 점수 조정 -0.0500
2026-09-29 12:35:12.818 | INFO     | stock_bot.live.runner:_tick:1546 - 123330 제닉 [ensemble] HOLD score=+0.00 B0/S0 | 현재가 23,150원 | 손절 -2.81%(ATR)
    VWAP 23,289원 -0.60% ─홀드 (+0.000)
    ST 하락추세 ─홀드 (+0.000)
    RSI 38.8 (기준 30/74) ─홀드 (+0.000)
    BB 23,129~23,451원 현재 23,150원 ─홀드 (+0.000)  ← 하단근접 [●─────────] 6%
    DC  ─홀드  ← 미보유 또는 청산 조건 미해당 (+0.000)
    거래량  MA25대비 0.75x  〰(neutral) (+0.0000)  ← 임계 미달 (기준 ≥1.2/≤0.7x) → 중립
2026-09-29 12:40:00.182 | INFO     | stock_bot.news.crawler:fetch_naver_news:207 - news relevance filter: 10 → 1 (제외 9건) [034020]
2026-09-29 12:40:00.185 | INFO     | stock_bot.news.crawler:fetch_naver_news:212 - fetched 1 news items for 034020
2026-09-29 12:40:00.190 | DEBUG    | stock_bot.live.runner:_news_tick:840 - news 034020 new=0/1 (모두 중복)
2026-09-29 12:40:00.331 | INFO     | stock_bot.news.crawler:fetch_naver_news:207 - news relevance filter: 10 → 1 (제외 9건) [241560]
2026-09-29 12:40:00.332 | INFO     | stock_bot.news.crawler:fetch_naver_news:212 - fetched 1 news items for 241560
2026-09-29 12:40:00.337 | DEBUG    | stock_bot.live.runner:_news_tick:840 - news 241560 new=0/1 (모두 중복)
2026-09-29 12:40:00.463 | INFO     | stock_bot.news.crawler:fetch_naver_news:207 - news relevance filter: 3 → 1 (제외 2건) [123330]
2026-09-29 12:40:00.464 | INFO     | stock_bot.news.crawler:fetch_naver_news:212 - fetched 1 news items for 123330
2026-09-29 12:40:00.471 | DEBUG    | stock_bot.live.runner:_news_tick:840 - news 123330 new=0/1 (모두 중복)
2026-09-29 12:40:03.995 | INFO     | stock_bot.live.runner:_tick:1546 - 034020 두산에너빌리티 [ensemble] HOLD score=+0.00 B0/S0 | 현재가 79,300원 | 손절 -1.38%(ATR)
    VWAP 79,309원 -0.01% ─홀드 (+0.000)
    ST 하락추세 ─홀드 (+0.000)
    RSI 43.9 (기준 30/74) ─홀드 (+0.000)
    BB 79,012~79,333원 현재 79,300원 ─홀드 (+0.000)  ← 상단근접 [────────●─] 90%
    DC  ─홀드  ← 미보유 또는 청산 조건 미해당 (+0.000)
    거래량  MA25대비 1.24x  〰(neutral) (+0.0000)  ← 임계 미달 (기준 ≥1.2/≤0.7x) → 중립
2026-09-29 12:40:08.295 | INFO     | stock_bot.live.runner:_tick:1546 - 241560 두산밥캣 [ensemble] HOLD score=+0.48 B2/S0 | 현재가 54,900원 | 손절 -1.98%(ATR)
    VWAP 55,644원 -1.34% ▲매수 (+0.294)
    ST 하락추세 ─홀드 (+0.000)
    RSI 28.5 (기준 30/74) ▲매수 (+0.235)
    BB 54,432~55,698원 현재 54,900원 ─홀드 (+0.000)  ← 중간 [───●──────] 37%
    DC  ─홀드  ← 미보유 또는 청산 조건 미해당 (+0.000)
    거래량  MA25대비 0.48x  ▼(penalty) (-0.0500)  ← 점수 조정 -0.0500
2026-09-29 12:40:13.519 | INFO     | stock_bot.live.runner:_tick:1546 - 123330 제닉 [ensemble] HOLD score=+0.00 B0/S0 | 현재가 23,300원 | 손절 -2.96%(ATR)
    VWAP 23,291원 +0.04% ─홀드 (+0.000)
    ST 하락추세 ─홀드 (+0.000)
    RSI 46.8 (기준 30/74) ─홀드 (+0.000)
    BB 23,151~23,449원 현재 23,300원 ─홀드 (+0.000)  ← 중간 [─────●────] 50%
    DC  ─홀드  ← 미보유 또는 청산 조건 미해당 (+0.000)
    거래량  MA25대비 1.35x  〰(neutral) (+0.0000)  ← 임계 미달 (기준 ≥1.2/≤0.7x) → 중립
2026-09-29 12:45:00.166 | INFO     | stock_bot.news.crawler:fetch_naver_news:207 - news relevance filter: 10 → 1 (제외 9건) [034020]
2026-09-29 12:45:00.168 | INFO     | stock_bot.news.crawler:fetch_naver_news:212 - fetched 1 news items for 034020
2026-09-29 12:45:00.174 | DEBUG    | stock_bot.live.runner:_news_tick:840 - news 034020 new=0/1 (모두 중복)
2026-09-29 12:45:00.296 | INFO     | stock_bot.news.crawler:fetch_naver_news:207 - news relevance filter: 10 → 1 (제외 9건) [241560]
2026-09-29 12:45:00.297 | INFO     | stock_bot.news.crawler:fetch_naver_news:212 - fetched 1 news items for 241560
2026-09-29 12:45:00.301 | DEBUG    | stock_bot.live.runner:_news_tick:840 - news 241560 new=0/1 (모두 중복)
2026-09-29 12:45:00.415 | INFO     | stock_bot.news.crawler:fetch_naver_news:207 - news relevance filter: 3 → 1 (제외 2건) [123330]
2026-09-29 12:45:00.415 | INFO     | stock_bot.news.crawler:fetch_naver_news:212 - fetched 1 news items for 123330
2026-09-29 12:45:00.420 | DEBUG    | stock_bot.live.runner:_news_tick:840 - news 123330 new=0/1 (모두 중복)
2026-09-29 12:45:07.292 | INFO     | stock_bot.live.runner:_tick:1546 - 034020 두산에너빌리티 [ensemble] HOLD score=+0.00 B0/S0 | 현재가 79,300원 | 손절 -1.37%(ATR)
    VWAP 79,309원 -0.01% ─홀드 (+0.000)
    ST 하락추세 ─홀드 (+0.000)
    RSI 44.5 (기준 30/74) ─홀드 (+0.000)
    BB 78,993~79,372원 현재 79,300원 ─홀드 (+0.000)  ← 상단근접 [────────●─] 81%
    DC  ─홀드  ← 미보유 또는 청산 조건 미해당 (+0.000)
    거래량  MA25대비 0.53x  〰(neutral) (+0.0000)  ← 임계 미달 (기준 ≥1.2/≤0.7x) → 중립
2026-09-29 12:45:11.449 | INFO     | stock_bot.live.runner:_tick:1546 - 241560 두산밥캣 [ensemble] HOLD score=+0.48 B2/S0 | 현재가 54,800원 | 손절 -1.84%(ATR)
    VWAP 55,636원 -1.50% ▲매수 (+0.294)
    ST 하락추세 ─홀드 (+0.000)
    RSI 23.6 (기준 30/74) ▲매수 (+0.235)
    BB 54,410~55,640원 현재 54,800원 ─홀드 (+0.000)  ← 중간 [───●──────] 32%
    DC  ─홀드  ← 미보유 또는 청산 조건 미해당 (+0.000)
    거래량  MA25대비 0.46x  ▼(penalty) (-0.0500)  ← 점수 조정 -0.0500
2026-09-29 12:45:14.279 | INFO     | stock_bot.live.runner:_tick:1546 - 123330 제닉 [ensemble] HOLD score=+0.00 B0/S0 | 현재가 23,300원 | 손절 -2.75%(ATR)
    VWAP 23,291원 +0.04% ─홀드 (+0.000)
    ST 하락추세 ─홀드 (+0.000)
    RSI 46.7 (기준 30/74) ─홀드 (+0.000)
    BB 23,154~23,436원 현재 23,300원 ─홀드 (+0.000)  ← 중간 [─────●────] 52%
    DC  ─홀드  ← 미보유 또는 청산 조건 미해당 (+0.000)
    거래량  MA25대비 0.68x  〰(neutral) (+0.0000)  ← 임계 미달 (기준 ≥1.2/≤0.7x) → 중립
2026-09-29 12:50:00.184 | INFO     | stock_bot.news.crawler:fetch_naver_news:207 - news relevance filter: 10 → 1 (제외 9건) [034020]
2026-09-29 12:50:00.186 | INFO     | stock_bot.news.crawler:fetch_naver_news:212 - fetched 1 news items for 034020
2026-09-29 12:50:00.191 | DEBUG    | stock_bot.live.runner:_news_tick:840 - news 034020 new=0/1 (모두 중복)
2026-09-29 12:50:00.321 | INFO     | stock_bot.news.crawler:fetch_naver_news:207 - news relevance filter: 10 → 1 (제외 9건) [241560]
2026-09-29 12:50:00.322 | INFO     | stock_bot.news.crawler:fetch_naver_news:212 - fetched 1 news items for 241560
2026-09-29 12:50:00.327 | DEBUG    | stock_bot.live.runner:_news_tick:840 - news 241560 new=0/1 (모두 중복)
2026-09-29 12:50:00.444 | INFO     | stock_bot.news.crawler:fetch_naver_news:207 - news relevance filter: 3 → 1 (제외 2건) [123330]
2026-09-29 12:50:00.445 | INFO     | stock_bot.news.crawler:fetch_naver_news:212 - fetched 1 news items for 123330
2026-09-29 12:50:00.451 | DEBUG    | stock_bot.live.runner:_news_tick:840 - news 123330 new=0/1 (모두 중복)
2026-09-29 12:50:21.484 | INFO     | stock_bot.live.runner:_tick:1546 - 034020 두산에너빌리티 [ensemble] HOLD score=+0.00 B0/S0 | 현재가 79,300원 | 손절 -1.36%(ATR)
    VWAP 79,309원 -0.01% ─홀드 (+0.000)
    ST 하락추세 ─홀드 (+0.000)
    RSI 44.4 (기준 30/74) ─홀드 (+0.000)
    BB 78,990~79,385원 현재 79,300원 ─홀드 (+0.000)  ← 상단근접 [───────●──] 79%
    DC  ─홀드  ← 미보유 또는 청산 조건 미해당 (+0.000)
    거래량  MA25대비 1.07x  〰(neutral) (+0.0000)  ← 임계 미달 (기준 ≥1.2/≤0.7x) → 중립
2026-09-29 12:50:37.486 | INFO     | stock_bot.live.runner:_tick:1361 - 241560 [레짐-차단] KOSPI 일봉 20MA아래 & 10일모멘텀− → 신규 매수 차단
2026-09-29 12:50:37.504 | INFO     | stock_bot.live.runner:_tick:1546 - 241560 두산밥캣 [ensemble] HOLD score=+0.63 B2/S0 | 현재가 54,800원 | 손절 -1.90%(ATR) | ⚑약세장 차단
    VWAP 55,612원 -1.46% ▲매수 (+0.294)
    ST 하락추세 ─홀드 (+0.000)
    RSI 27.1 (기준 30/74) ▲매수 (+0.235)
    BB 54,385~55,595원 현재 54,800원 ─홀드 (+0.000)  ← 중간 [───●──────] 34%
    DC  ─홀드  ← 미보유 또는 청산 조건 미해당 (+0.000)
    거래량  MA25대비 1.40x  ▲(boost) (+0.1000)  ← 점수 조정 +0.1000
2026-09-29 12:50:45.008 | INFO     | stock_bot.live.runner:_tick:1546 - 123330 제닉 [ensemble] HOLD score=+0.00 B0/S0 | 현재가 23,400원 | 손절 -2.76%(ATR)
    VWAP 23,293원 +0.46% ─홀드 (+0.000)
    ST 하락추세 ─홀드 (+0.000)
    RSI 51.4 (기준 30/74) ─홀드 (+0.000)
    BB 23,149~23,456원 현재 23,400원 ─홀드 (+0.000)  ← 상단근접 [────────●─] 82%
    DC  ─홀드  ← 미보유 또는 청산 조건 미해당 (+0.000)
    거래량  MA25대비 0.71x  〰(neutral) (+0.0000)  ← 임계 미달 (기준 ≥1.2/≤0.7x) → 중립
2026-09-29 12:55:00.204 | INFO     | stock_bot.news.crawler:fetch_naver_news:207 - news relevance filter: 10 → 1 (제외 9건) [034020]
2026-09-29 12:55:00.206 | INFO     | stock_bot.news.crawler:fetch_naver_news:212 - fetched 1 news items for 034020
2026-09-29 12:55:00.212 | DEBUG    | stock_bot.live.runner:_news_tick:840 - news 034020 new=0/1 (모두 중복)
2026-09-29 12:55:00.332 | INFO     | stock_bot.news.crawler:fetch_naver_news:207 - news relevance filter: 10 → 1 (제외 9건) [241560]
2026-09-29 12:55:00.333 | INFO     | stock_bot.news.crawler:fetch_naver_news:212 - fetched 1 news items for 241560
2026-09-29 12:55:00.338 | DEBUG    | stock_bot.live.runner:_news_tick:840 - news 241560 new=0/1 (모두 중복)
2026-09-29 12:55:00.457 | INFO     | stock_bot.news.crawler:fetch_naver_news:207 - news relevance filter: 3 → 1 (제외 2건) [123330]
2026-09-29 12:55:00.458 | INFO     | stock_bot.news.crawler:fetch_naver_news:212 - fetched 1 news items for 123330
2026-09-29 12:55:00.463 | DEBUG    | stock_bot.live.runner:_news_tick:840 - news 123330 new=0/1 (모두 중복)
2026-09-29 12:55:09.876 | INFO     | stock_bot.live.runner:_tick:1546 - 034020 두산에너빌리티 [ensemble] HOLD score=+0.00 B0/S0 | 현재가 79,250원 | 손절 -1.35%(ATR)
    VWAP 79,309원 -0.07% ─홀드 (+0.000)
    ST 하락추세 ─홀드 (+0.000)
    RSI 42.9 (기준 30/74) ─홀드 (+0.000)
    BB 78,993~79,377원 현재 79,250원 ─홀드 (+0.000)  ← 중간 [──────●───] 67%
    DC  ─홀드  ← 미보유 또는 청산 조건 미해당 (+0.000)
    거래량  MA25대비 0.45x  〰(neutral) (+0.0000)  ← 임계 미달 (기준 ≥1.2/≤0.7x) → 중립
2026-09-29 12:55:14.733 | INFO     | stock_bot.live.runner:_tick:1546 - 241560 두산밥캣 [ensemble] HOLD score=+0.48 B2/S0 | 현재가 54,800원 | 손절 -1.83%(ATR)
    VWAP 55,604원 -1.45% ▲매수 (+0.294)
    ST 하락추세 ─홀드 (+0.000)
    RSI 27.1 (기준 30/74) ▲매수 (+0.235)
    BB 54,395~55,515원 현재 54,800원 ─홀드 (+0.000)  ← 중간 [───●──────] 36%
    DC  ─홀드  ← 미보유 또는 청산 조건 미해당 (+0.000)
    거래량  MA25대비 0.51x  ▼(penalty) (-0.0500)  ← 점수 조정 -0.0500
2026-09-29 12:55:19.855 | INFO     | stock_bot.live.runner:_tick:1546 - 123330 제닉 [ensemble] HOLD score=+0.00 B0/S0 | 현재가 23,250원 | 손절 -2.72%(ATR)
    VWAP 23,292원 -0.18% ─홀드 (+0.000)
    ST 하락추세 ─홀드 (+0.000)
    RSI 45.2 (기준 30/74) ─홀드 (+0.000)
    BB 23,143~23,437원 현재 23,250원 ─홀드 (+0.000)  ← 중간 [───●──────] 36%
    DC  ─홀드  ← 미보유 또는 청산 조건 미해당 (+0.000)
    거래량  MA25대비 0.92x  〰(neutral) (+0.0000)  ← 임계 미달 (기준 ≥1.2/≤0.7x) → 중립
2026-09-29 13:00:00.197 | INFO     | stock_bot.news.crawler:fetch_naver_news:207 - news relevance filter: 10 → 1 (제외 9건) [034020]
2026-09-29 13:00:00.199 | INFO     | stock_bot.news.crawler:fetch_naver_news:212 - fetched 1 news items for 034020
2026-09-29 13:00:00.204 | DEBUG    | stock_bot.live.runner:_news_tick:840 - news 034020 new=0/1 (모두 중복)
2026-09-29 13:00:00.329 | INFO     | stock_bot.news.crawler:fetch_naver_news:207 - news relevance filter: 10 → 1 (제외 9건) [241560]
2026-09-29 13:00:00.330 | INFO     | stock_bot.news.crawler:fetch_naver_news:212 - fetched 1 news items for 241560
2026-09-29 13:00:00.335 | DEBUG    | stock_bot.live.runner:_news_tick:840 - news 241560 new=0/1 (모두 중복)
2026-09-29 13:00:00.456 | INFO     | stock_bot.news.crawler:fetch_naver_news:207 - news relevance filter: 3 → 1 (제외 2건) [123330]
2026-09-29 13:00:00.457 | INFO     | stock_bot.news.crawler:fetch_naver_news:212 - fetched 1 news items for 123330
2026-09-29 13:00:00.462 | DEBUG    | stock_bot.live.runner:_news_tick:840 - news 123330 new=0/1 (모두 중복)
2026-09-29 13:00:21.201 | INFO     | stock_bot.live.runner:_tick:1546 - 034020 두산에너빌리티 [ensemble] HOLD score=+0.00 B0/S0 | 현재가 79,200원 | 손절 -1.30%(ATR)
    VWAP 79,308원 -0.14% ─홀드 (+0.000)
    ST 하락추세 ─홀드 (+0.000)
    RSI 41.5 (기준 30/74) ─홀드 (+0.000)
    BB 78,995~79,360원 현재 79,200원 ─홀드 (+0.000)  ← 중간 [─────●────] 56%
    DC  ─홀드  ← 미보유 또는 청산 조건 미해당 (+0.000)
    거래량  MA25대비 0.48x  〰(neutral) (+0.0000)  ← 임계 미달 (기준 ≥1.2/≤0.7x) → 중립
2026-09-29 13:00:37.197 | INFO     | stock_bot.live.runner:_tick:1546 - 241560 두산밥캣 [ensemble] HOLD score=+0.48 B2/S0 | 현재가 54,800원 | 손절 -1.76%(ATR)
    VWAP 55,594원 -1.43% ▲매수 (+0.294)
    ST 하락추세 ─홀드 (+0.000)
    RSI 27.1 (기준 30/74) ▲매수 (+0.235)
    BB 54,419~55,421원 현재 54,800원 ─홀드 (+0.000)  ← 중간 [───●──────] 38%
    DC  ─홀드  ← 미보유 또는 청산 조건 미해당 (+0.000)
    거래량  MA25대비 0.52x  ▼(penalty) (-0.0500)  ← 점수 조정 -0.0500
2026-09-29 13:00:43.772 | INFO     | stock_bot.live.runner:_tick:1546 - 123330 제닉 [ensemble] HOLD score=+0.00 B0/S0 | 현재가 23,200원 | 손절 -2.82%(ATR)
    VWAP 23,291원 -0.39% ─홀드 (+0.000)
    ST 하락추세 ─홀드 (+0.000)
    RSI 43.4 (기준 30/74) ─홀드 (+0.000)
    BB 23,126~23,434원 현재 23,200원 ─홀드 (+0.000)  ← 하단근접 [──●───────] 24%
    DC  ─홀드  ← 미보유 또는 청산 조건 미해당 (+0.000)
    거래량  MA25대비 0.72x  〰(neutral) (+0.0000)  ← 임계 미달 (기준 ≥1.2/≤0.7x) → 중립
2026-09-29 13:05:00.186 | INFO     | stock_bot.news.crawler:fetch_naver_news:207 - news relevance filter: 10 → 1 (제외 9건) [034020]
2026-09-29 13:05:00.187 | INFO     | stock_bot.news.crawler:fetch_naver_news:212 - fetched 1 news items for 034020
2026-09-29 13:05:00.192 | DEBUG    | stock_bot.live.runner:_news_tick:840 - news 034020 new=0/1 (모두 중복)
2026-09-29 13:05:00.312 | INFO     | stock_bot.news.crawler:fetch_naver_news:207 - news relevance filter: 10 → 1 (제외 9건) [241560]
2026-09-29 13:05:00.313 | INFO     | stock_bot.news.crawler:fetch_naver_news:212 - fetched 1 news items for 241560
2026-09-29 13:05:00.319 | DEBUG    | stock_bot.live.runner:_news_tick:840 - news 241560 new=0/1 (모두 중복)
2026-09-29 13:05:00.443 | INFO     | stock_bot.news.crawler:fetch_naver_news:207 - news relevance filter: 3 → 1 (제외 2건) [123330]
2026-09-29 13:05:00.444 | INFO     | stock_bot.news.crawler:fetch_naver_news:212 - fetched 1 news items for 123330
2026-09-29 13:05:00.449 | DEBUG    | stock_bot.live.runner:_news_tick:840 - news 123330 new=0/1 (모두 중복)
2026-09-29 13:05:26.392 | INFO     | stock_bot.live.runner:_tick:1546 - 034020 두산에너빌리티 [ensemble] HOLD score=+0.00 B0/S0 | 현재가 79,100원 | 손절 -1.29%(ATR)
    VWAP 79,305원 -0.26% ─홀드 (+0.000)
    ST 하락추세 ─홀드 (+0.000)
    RSI 39.1 (기준 30/74) ─홀드 (+0.000)
    BB 78,988~79,352원 현재 79,100원 ─홀드 (+0.000)  ← 중간 [───●──────] 31%
    DC  ─홀드  ← 미보유 또는 청산 조건 미해당 (+0.000)
    거래량  MA25대비 1.26x  〰(neutral) (+0.0000)  ← 임계 미달 (기준 ≥1.2/≤0.7x) → 중립
2026-09-29 13:05:45.783 | INFO     | stock_bot.live.runner:_tick:1361 - 241560 [레짐-차단] KOSPI 일봉 20MA아래 & 10일모멘텀− → 신규 매수 차단
2026-09-29 13:05:45.800 | INFO     | stock_bot.live.runner:_tick:1546 - 241560 두산밥캣 [ensemble] HOLD score=+0.63 B2/S0 | 현재가 54,600원 | 손절 -1.77%(ATR) | ⚑약세장 차단
    VWAP 55,563원 -1.73% ▲매수 (+0.294)
    ST 하락추세 ─홀드 (+0.000)
    RSI 23.6 (기준 30/74) ▲매수 (+0.235)
    BB 54,425~55,315원 현재 54,600원 ─홀드 (+0.000)  ← 하단근접 [─●────────] 20%
    DC  ─홀드  ← 미보유 또는 청산 조건 미해당 (+0.000)
    거래량  MA25대비 1.69x  ▲(boost) (+0.1000)  ← 점수 조정 +0.1000
2026-09-29 13:06:04.020 | INFO     | stock_bot.live.runner:_tick:1546 - 123330 제닉 [ensemble] HOLD score=+0.00 B0/S0 | 현재가 23,200원 | 손절 -2.77%(ATR)
    VWAP 23,290원 -0.39% ─홀드 (+0.000)
    ST 하락추세 ─홀드 (+0.000)
    RSI 43.9 (기준 30/74) ─홀드 (+0.000)
    BB 23,110~23,430원 현재 23,200원 ─홀드 (+0.000)  ← 중간 [──●───────] 28%
    DC  ─홀드  ← 미보유 또는 청산 조건 미해당 (+0.000)
    거래량  MA25대비 0.61x  〰(neutral) (+0.0000)  ← 임계 미달 (기준 ≥1.2/≤0.7x) → 중립
2026-09-29 13:10:00.203 | INFO     | stock_bot.news.crawler:fetch_naver_news:207 - news relevance filter: 10 → 1 (제외 9건) [034020]
2026-09-29 13:10:00.204 | INFO     | stock_bot.news.crawler:fetch_naver_news:212 - fetched 1 news items for 034020
2026-09-29 13:10:00.209 | DEBUG    | stock_bot.live.runner:_news_tick:840 - news 034020 new=0/1 (모두 중복)
2026-09-29 13:10:00.344 | INFO     | stock_bot.news.crawler:fetch_naver_news:207 - news relevance filter: 10 → 1 (제외 9건) [241560]
2026-09-29 13:10:00.345 | INFO     | stock_bot.news.crawler:fetch_naver_news:212 - fetched 1 news items for 241560
2026-09-29 13:10:00.350 | DEBUG    | stock_bot.live.runner:_news_tick:840 - news 241560 new=0/1 (모두 중복)
2026-09-29 13:10:00.463 | INFO     | stock_bot.news.crawler:fetch_naver_news:207 - news relevance filter: 3 → 1 (제외 2건) [123330]
2026-09-29 13:10:00.464 | INFO     | stock_bot.news.crawler:fetch_naver_news:212 - fetched 1 news items for 123330
2026-09-29 13:10:00.469 | DEBUG    | stock_bot.live.runner:_news_tick:840 - news 123330 new=0/1 (모두 중복)
2026-09-29 13:10:21.707 | INFO     | stock_bot.live.runner:_tick:1546 - 034020 두산에너빌리티 [ensemble] HOLD score=+0.00 B0/S0 | 현재가 79,200원 | 손절 -1.24%(ATR)
    VWAP 79,304원 -0.13% ─홀드 (+0.000)
    ST 하락추세 ─홀드 (+0.000)
    RSI 42.7 (기준 30/74) ─홀드 (+0.000)
    BB 78,988~79,352원 현재 79,200원 ─홀드 (+0.000)  ← 중간 [─────●────] 58%
    DC  ─홀드  ← 미보유 또는 청산 조건 미해당 (+0.000)
    거래량  MA25대비 0.52x  〰(neutral) (+0.0000)  ← 임계 미달 (기준 ≥1.2/≤0.7x) → 중립
2026-09-29 13:10:40.130 | INFO     | stock_bot.live.runner:_tick:1546 - 241560 두산밥캣 [ensemble] HOLD score=+0.48 B2/S0 | 현재가 54,700원 | 손절 -1.70%(ATR)
    VWAP 55,555원 -1.54% ▲매수 (+0.294)
    ST 하락추세 ─홀드 (+0.000)
    RSI 25.2 (기준 30/74) ▲매수 (+0.235)
    BB 54,509~55,161원 현재 54,700원 ─홀드 (+0.000)  ← 중간 [──●───────] 29%
    DC  ─홀드  ← 미보유 또는 청산 조건 미해당 (+0.000)
    거래량  MA25대비 0.47x  ▼(penalty) (-0.0500)  ← 점수 조정 -0.0500
2026-09-29 13:10:42.580 | INFO     | stock_bot.live.runner:_tick:1546 - 123330 제닉 [ensemble] HOLD score=+0.29 B1/S0 | 현재가 23,100원 | 손절 -2.66%(ATR)
    VWAP 23,286원 -0.80% ▲매수 (+0.294)
    ST 하락추세 ─홀드 (+0.000)
    RSI 39.7 (기준 30/74) ─홀드 (+0.000)
    BB 23,078~23,432원 현재 23,100원 ─홀드 (+0.000)  ← 하단근접 [●─────────] 6%
    DC  ─홀드  ← 미보유 또는 청산 조건 미해당 (+0.000)
    거래량  MA25대비 0.91x  〰(neutral) (+0.0000)  ← 임계 미달 (기준 ≥1.2/≤0.7x) → 중립
2026-09-29 13:15:00.188 | INFO     | stock_bot.news.crawler:fetch_naver_news:207 - news relevance filter: 10 → 1 (제외 9건) [034020]
2026-09-29 13:15:00.190 | INFO     | stock_bot.news.crawler:fetch_naver_news:212 - fetched 1 news items for 034020
2026-09-29 13:15:00.195 | DEBUG    | stock_bot.live.runner:_news_tick:840 - news 034020 new=0/1 (모두 중복)
2026-09-29 13:15:00.309 | INFO     | stock_bot.news.crawler:fetch_naver_news:207 - news relevance filter: 10 → 1 (제외 9건) [241560]
2026-09-29 13:15:00.310 | INFO     | stock_bot.news.crawler:fetch_naver_news:212 - fetched 1 news items for 241560
2026-09-29 13:15:00.315 | DEBUG    | stock_bot.live.runner:_news_tick:840 - news 241560 new=0/1 (모두 중복)
2026-09-29 13:15:00.445 | INFO     | stock_bot.news.crawler:fetch_naver_news:207 - news relevance filter: 3 → 1 (제외 2건) [123330]
2026-09-29 13:15:00.445 | INFO     | stock_bot.news.crawler:fetch_naver_news:212 - fetched 1 news items for 123330
2026-09-29 13:15:00.450 | DEBUG    | stock_bot.live.runner:_news_tick:840 - news 123330 new=0/1 (모두 중복)
2026-09-29 13:15:20.652 | INFO     | stock_bot.live.runner:_tick:1546 - 034020 두산에너빌리티 [ensemble] HOLD score=+0.00 B0/S0 | 현재가 79,150원 | 손절 -1.20%(ATR)
    VWAP 79,301원 -0.19% ─홀드 (+0.000)
    ST 하락추세 ─홀드 (+0.000)
    RSI 41.1 (기준 30/74) ─홀드 (+0.000)
    BB 78,979~79,346원 현재 79,150원 ─홀드 (+0.000)  ← 중간 [────●─────] 47%
    DC  ─홀드  ← 미보유 또는 청산 조건 미해당 (+0.000)
    거래량  MA25대비 0.75x  〰(neutral) (+0.0000)  ← 임계 미달 (기준 ≥1.2/≤0.7x) → 중립
2026-09-29 13:15:40.220 | INFO     | stock_bot.live.runner:_tick:1546 - 241560 두산밥캣 [ensemble] HOLD score=+0.48 B2/S0 | 현재가 54,700원 | 손절 -1.65%(ATR)
    VWAP 55,546원 -1.52% ▲매수 (+0.294)
    ST 하락추세 ─홀드 (+0.000)
    RSI 28.6 (기준 30/74) ▲매수 (+0.235)
    BB 54,585~55,005원 현재 54,700원 ─홀드 (+0.000)  ← 중간 [──●───────] 27%
    DC  ─홀드  ← 미보유 또는 청산 조건 미해당 (+0.000)
    거래량  MA25대비 0.58x  ▼(penalty) (-0.0500)  ← 점수 조정 -0.0500
2026-09-29 13:15:57.480 | INFO     | stock_bot.live.runner:_tick:1546 - 123330 제닉 [ensemble] HOLD score=+0.00 B0/S0 | 현재가 23,200원 | 손절 -2.83%(ATR)
    VWAP 23,284원 -0.36% ─홀드 (+0.000)
    ST 하락추세 ─홀드 (+0.000)
    RSI 44.2 (기준 30/74) ─홀드 (+0.000)
    BB 23,082~23,423원 현재 23,200원 ─홀드 (+0.000)  ← 중간 [───●──────] 35%
    DC  ─홀드  ← 미보유 또는 청산 조건 미해당 (+0.000)
    거래량  MA25대비 1.26x  〰(neutral) (+0.0000)  ← 임계 미달 (기준 ≥1.2/≤0.7x) → 중립
2026-09-29 13:20:00.142 | INFO     | stock_bot.news.crawler:fetch_naver_news:207 - news relevance filter: 10 → 1 (제외 9건) [034020]
2026-09-29 13:20:00.143 | INFO     | stock_bot.news.crawler:fetch_naver_news:212 - fetched 1 news items for 034020
2026-09-29 13:20:00.148 | DEBUG    | stock_bot.live.runner:_news_tick:840 - news 034020 new=0/1 (모두 중복)
2026-09-29 13:20:00.277 | INFO     | stock_bot.news.crawler:fetch_naver_news:207 - news relevance filter: 10 → 1 (제외 9건) [241560]
2026-09-29 13:20:00.278 | INFO     | stock_bot.news.crawler:fetch_naver_news:212 - fetched 1 news items for 241560
2026-09-29 13:20:00.283 | DEBUG    | stock_bot.live.runner:_news_tick:840 - news 241560 new=0/1 (모두 중복)
2026-09-29 13:20:00.407 | INFO     | stock_bot.news.crawler:fetch_naver_news:207 - news relevance filter: 3 → 1 (제외 2건) [123330]
2026-09-29 13:20:00.407 | INFO     | stock_bot.news.crawler:fetch_naver_news:212 - fetched 1 news items for 123330
2026-09-29 13:20:00.412 | DEBUG    | stock_bot.live.runner:_news_tick:840 - news 123330 new=0/1 (모두 중복)
2026-09-29 13:20:31.351 | INFO     | stock_bot.live.runner:_tick:1546 - 034020 두산에너빌리티 [ensemble] HOLD score=+0.00 B0/S0 | 현재가 79,100원 | 손절 -1.14%(ATR)
    VWAP 79,300원 -0.25% ─홀드 (+0.000)
    ST 하락추세 ─홀드 (+0.000)
    RSI 39.7 (기준 30/74) ─홀드 (+0.000)
    BB 78,973~79,342원 현재 79,100원 ─홀드 (+0.000)  ← 중간 [───●──────] 34%
    DC  ─홀드  ← 미보유 또는 청산 조건 미해당 (+0.000)
    거래량  MA25대비 0.48x  〰(neutral) (+0.0000)  ← 임계 미달 (기준 ≥1.2/≤0.7x) → 중립
2026-09-29 13:20:33.190 | INFO     | stock_bot.live.runner:_tick:1361 - 241560 [레짐-차단] KOSPI 일봉 20MA아래 & 10일모멘텀− → 신규 매수 차단
2026-09-29 13:20:33.207 | INFO     | stock_bot.live.runner:_tick:1546 - 241560 두산밥캣 [ensemble] HOLD score=+0.63 B2/S0 | 현재가 54,600원 | 손절 -1.66%(ATR) | ⚑약세장 차단
    VWAP 55,522원 -1.66% ▲매수 (+0.294)
    ST 하락추세 ─홀드 (+0.000)
    RSI 26.9 (기준 30/74) ▲매수 (+0.235)
    BB 54,597~54,943원 현재 54,600원 ─홀드 (+0.000)  ← 하단근접 [●─────────] 1%
    DC  ─홀드  ← 미보유 또는 청산 조건 미해당 (+0.000)
    거래량  MA25대비 1.45x  ▲(boost) (+0.1000)  ← 점수 조정 +0.1000
2026-09-29 13:20:35.520 | INFO     | stock_bot.live.runner:_tick:1546 - 123330 제닉 [ensemble] HOLD score=+0.00 B0/S0 | 현재가 23,250원 | 손절 -2.86%(ATR)
    VWAP 23,283원 -0.14% ─홀드 (+0.000)
    ST 하락추세 ─홀드 (+0.000)
    RSI 46.7 (기준 30/74) ─홀드 (+0.000)
    BB 23,094~23,401원 현재 23,250원 ─홀드 (+0.000)  ← 중간 [─────●────] 51%
    DC  ─홀드  ← 미보유 또는 청산 조건 미해당 (+0.000)
    거래량  MA25대비 1.13x  〰(neutral) (+0.0000)  ← 임계 미달 (기준 ≥1.2/≤0.7x) → 중립
2026-09-29 13:25:00.186 | INFO     | stock_bot.news.crawler:fetch_naver_news:207 - news relevance filter: 10 → 1 (제외 9건) [034020]
2026-09-29 13:25:00.187 | INFO     | stock_bot.news.crawler:fetch_naver_news:212 - fetched 1 news items for 034020
2026-09-29 13:25:00.192 | DEBUG    | stock_bot.live.runner:_news_tick:840 - news 034020 new=0/1 (모두 중복)
2026-09-29 13:25:00.336 | INFO     | stock_bot.news.crawler:fetch_naver_news:207 - news relevance filter: 10 → 1 (제외 9건) [241560]
2026-09-29 13:25:00.337 | INFO     | stock_bot.news.crawler:fetch_naver_news:212 - fetched 1 news items for 241560
2026-09-29 13:25:00.342 | DEBUG    | stock_bot.live.runner:_news_tick:840 - news 241560 new=0/1 (모두 중복)
2026-09-29 13:25:00.479 | INFO     | stock_bot.news.crawler:fetch_naver_news:207 - news relevance filter: 3 → 1 (제외 2건) [123330]
2026-09-29 13:25:00.480 | INFO     | stock_bot.news.crawler:fetch_naver_news:212 - fetched 1 news items for 123330
2026-09-29 13:25:00.485 | DEBUG    | stock_bot.live.runner:_news_tick:840 - news 123330 new=0/1 (모두 중복)
2026-09-29 13:25:14.209 | INFO     | stock_bot.live.runner:_tick:1546 - 034020 두산에너빌리티 [ensemble] HOLD score=+0.00 B0/S0 | 현재가 79,100원 | 손절 -1.10%(ATR)
    VWAP 79,299원 -0.25% ─홀드 (+0.000)
    ST 하락추세 ─홀드 (+0.000)
    RSI 39.6 (기준 30/74) ─홀드 (+0.000)
    BB 78,972~79,338원 현재 79,100원 ─홀드 (+0.000)  ← 중간 [───●──────] 35%
    DC  ─홀드  ← 미보유 또는 청산 조건 미해당 (+0.000)
    거래량  MA25대비 0.47x  〰(neutral) (+0.0000)  ← 임계 미달 (기준 ≥1.2/≤0.7x) → 중립
2026-09-29 13:25:20.222 | INFO     | stock_bot.live.runner:_tick:1546 - 241560 두산밥캣 [ensemble] HOLD score=+0.48 B2/S0 | 현재가 54,700원 | 손절 -1.66%(ATR)
    VWAP 55,515원 -1.47% ▲매수 (+0.294)
    ST 하락추세 ─홀드 (+0.000)
    RSI 28.8 (기준 30/74) ▲매수 (+0.235)
    BB 54,616~54,914원 현재 54,700원 ─홀드 (+0.000)  ← 중간 [──●───────] 28%
    DC  ─홀드  ← 미보유 또는 청산 조건 미해당 (+0.000)
    거래량  MA25대비 0.53x  ▼(penalty) (-0.0500)  ← 점수 조정 -0.0500
2026-09-29 13:25:29.125 | INFO     | stock_bot.live.runner:_tick:1546 - 123330 제닉 [ensemble] HOLD score=+0.39 B1/S0 | 현재가 23,100원 | 손절 -3.05%(ATR)
    VWAP 23,281원 -0.78% ▲매수 (+0.294)
    ST 하락추세 ─홀드 (+0.000)
    RSI 41.3 (기준 30/74) ─홀드 (+0.000)
    BB 23,076~23,399원 현재 23,100원 ─홀드 (+0.000)  ← 하단근접 [●─────────] 8%
    DC  ─홀드  ← 미보유 또는 청산 조건 미해당 (+0.000)
    거래량  MA25대비 1.43x  ▲(boost) (+0.1000)  ← 점수 조정 +0.1000
2026-09-29 13:30:00.186 | INFO     | stock_bot.news.crawler:fetch_naver_news:207 - news relevance filter: 10 → 1 (제외 9건) [034020]
2026-09-29 13:30:00.188 | INFO     | stock_bot.news.crawler:fetch_naver_news:212 - fetched 1 news items for 034020
2026-09-29 13:30:00.197 | DEBUG    | stock_bot.live.runner:_news_tick:840 - news 034020 new=0/1 (모두 중복)
2026-09-29 13:30:00.318 | INFO     | stock_bot.news.crawler:fetch_naver_news:207 - news relevance filter: 10 → 1 (제외 9건) [241560]
2026-09-29 13:30:00.319 | INFO     | stock_bot.news.crawler:fetch_naver_news:212 - fetched 1 news items for 241560
2026-09-29 13:30:00.325 | DEBUG    | stock_bot.live.runner:_news_tick:840 - news 241560 new=0/1 (모두 중복)
2026-09-29 13:30:00.444 | INFO     | stock_bot.news.crawler:fetch_naver_news:207 - news relevance filter: 3 → 1 (제외 2건) [123330]
2026-09-29 13:30:00.445 | INFO     | stock_bot.news.crawler:fetch_naver_news:212 - fetched 1 news items for 123330
2026-09-29 13:30:00.450 | DEBUG    | stock_bot.live.runner:_news_tick:840 - news 123330 new=0/1 (모두 중복)
2026-09-29 13:31:30.636 | INFO     | stock_bot.live.runner:_tick:1546 - 034020 두산에너빌리티 [ensemble] HOLD score=+0.00 B0/S0 | 현재가 79,200원 | 손절 -1.09%(ATR)
    VWAP 79,296원 -0.12% ─홀드 (+0.000)
    ST 하락추세 ─홀드 (+0.000)
    RSI 44.0 (기준 30/74) ─홀드 (+0.000)
    BB 78,978~79,342원 현재 79,200원 ─홀드 (+0.000)  ← 중간 [──────●───] 61%
    DC  ─홀드  ← 미보유 또는 청산 조건 미해당 (+0.000)
    거래량  MA25대비 0.86x  〰(neutral) (+0.0000)  ← 임계 미달 (기준 ≥1.2/≤0.7x) → 중립
2026-09-29 13:31:43.149 | INFO     | stock_bot.live.runner:_tick:1361 - 241560 [레짐-차단] KOSPI 일봉 20MA아래 & 10일모멘텀− → 신규 매수 차단
2026-09-29 13:31:43.166 | INFO     | stock_bot.live.runner:_tick:1546 - 241560 두산밥캣 [ensemble] HOLD score=+0.63 B2/S0 | 현재가 54,400원 | 손절 -1.80%(ATR) | ⚑약세장 차단
    VWAP 55,458원 -1.91% ▲매수 (+0.294)
    ST 하락추세 ─홀드 (+0.000)
    RSI 23.4 (기준 30/74) ▲매수 (+0.235)
    BB 54,465~55,005원 현재 54,400원 ─홀드 (+0.000)  ← 하단근접 [●──────────] -12%
    DC  ─홀드  ← 미보유 또는 청산 조건 미해당 (+0.000)
    거래량  MA25대비 2.40x  ▲(boost) (+0.1000)  ← 점수 조정 +0.1000
2026-09-29 13:31:51.915 | INFO     | stock_bot.live.runner:_tick:1546 - 123330 제닉 [ensemble] HOLD score=+0.00 B0/S0 | 현재가 23,300원 | 손절 -3.04%(ATR)
    VWAP 23,282원 +0.08% ─홀드 (+0.000)
    ST 하락추세 ─홀드 (+0.000)
    RSI 49.1 (기준 30/74) ─홀드 (+0.000)
    BB 23,097~23,398원 현재 23,300원 ─홀드 (+0.000)  ← 중간 [──────●───] 67%
    DC  ─홀드  ← 미보유 또는 청산 조건 미해당 (+0.000)
    거래량  MA25대비 1.21x  〰(neutral) (+0.0000)  ← 임계 미달 (기준 ≥1.2/≤0.7x) → 중립
2026-09-29 13:35:00.184 | INFO     | stock_bot.news.crawler:fetch_naver_news:207 - news relevance filter: 10 → 1 (제외 9건) [034020]
2026-09-29 13:35:00.185 | INFO     | stock_bot.news.crawler:fetch_naver_news:212 - fetched 1 news items for 034020
2026-09-29 13:35:00.190 | DEBUG    | stock_bot.live.runner:_news_tick:840 - news 034020 new=0/1 (모두 중복)
2026-09-29 13:35:00.305 | INFO     | stock_bot.news.crawler:fetch_naver_news:207 - news relevance filter: 10 → 1 (제외 9건) [241560]
2026-09-29 13:35:00.306 | INFO     | stock_bot.news.crawler:fetch_naver_news:212 - fetched 1 news items for 241560
2026-09-29 13:35:00.311 | DEBUG    | stock_bot.live.runner:_news_tick:840 - news 241560 new=0/1 (모두 중복)
2026-09-29 13:35:00.431 | INFO     | stock_bot.news.crawler:fetch_naver_news:207 - news relevance filter: 3 → 1 (제외 2건) [123330]
2026-09-29 13:35:00.432 | INFO     | stock_bot.news.crawler:fetch_naver_news:212 - fetched 1 news items for 123330
2026-09-29 13:35:00.437 | DEBUG    | stock_bot.live.runner:_news_tick:840 - news 123330 new=0/1 (모두 중복)
2026-09-29 13:35:16.225 | INFO     | stock_bot.live.runner:_tick:1546 - 034020 두산에너빌리티 [ensemble] HOLD score=+0.00 B0/S0 | 현재가 79,200원 | 손절 -1.05%(ATR)
    VWAP 79,293원 -0.12% ─홀드 (+0.000)
    ST 하락추세 ─홀드 (+0.000)
    RSI 44.2 (기준 30/74) ─홀드 (+0.000)
    BB 78,978~79,342원 현재 79,200원 ─홀드 (+0.000)  ← 중간 [──────●───] 61%
    DC  ─홀드  ← 미보유 또는 청산 조건 미해당 (+0.000)
    거래량  MA25대비 1.06x  〰(neutral) (+0.0000)  ← 임계 미달 (기준 ≥1.2/≤0.7x) → 중립
2026-09-29 13:35:18.968 | INFO     | stock_bot.live.runner:_tick:1361 - 241560 [레짐-차단] KOSPI 일봉 20MA아래 & 10일모멘텀− → 신규 매수 차단
2026-09-29 13:35:18.985 | INFO     | stock_bot.live.runner:_tick:1546 - 241560 두산밥캣 [ensemble] HOLD score=+0.63 B2/S0 | 현재가 54,400원 | 손절 -1.86%(ATR) | ⚑약세장 차단
    VWAP 55,423원 -1.85% ▲매수 (+0.294)
    ST 하락추세 ─홀드 (+0.000)
    RSI 23.4 (기준 30/74) ▲매수 (+0.235)
    BB 54,409~55,021원 현재 54,400원 ─홀드 (+0.000)  ← 하단근접 [●─────────] -1%
    DC  ─홀드  ← 미보유 또는 청산 조건 미해당 (+0.000)
    거래량  MA25대비 2.19x  ▲(boost) (+0.1000)  ← 점수 조정 +0.1000
2026-09-29 13:35:21.714 | INFO     | stock_bot.live.runner:_tick:1546 - 123330 제닉 [ensemble] HOLD score=+0.00 B0/S0 | 현재가 23,250원 | 손절 -2.90%(ATR)
    VWAP 23,281원 -0.13% ─홀드 (+0.000)
    ST 하락추세 ─홀드 (+0.000)
    RSI 47.1 (기준 30/74) ─홀드 (+0.000)
    BB 23,093~23,387원 현재 23,250원 ─홀드 (+0.000)  ← 중간 [─────●────] 53%
    DC  ─홀드  ← 미보유 또는 청산 조건 미해당 (+0.000)
    거래량  MA25대비 0.84x  〰(neutral) (+0.0000)  ← 임계 미달 (기준 ≥1.2/≤0.7x) → 중립
2026-09-29 13:40:00.189 | INFO     | stock_bot.news.crawler:fetch_naver_news:207 - news relevance filter: 11 → 1 (제외 10건) [034020]
2026-09-29 13:40:00.190 | INFO     | stock_bot.news.crawler:fetch_naver_news:212 - fetched 1 news items for 034020
2026-09-29 13:40:00.195 | DEBUG    | stock_bot.live.runner:_news_tick:840 - news 034020 new=0/1 (모두 중복)
2026-09-29 13:40:00.321 | INFO     | stock_bot.news.crawler:fetch_naver_news:207 - news relevance filter: 10 → 1 (제외 9건) [241560]
2026-09-29 13:40:00.322 | INFO     | stock_bot.news.crawler:fetch_naver_news:212 - fetched 1 news items for 241560
2026-09-29 13:40:00.327 | DEBUG    | stock_bot.live.runner:_news_tick:840 - news 241560 new=0/1 (모두 중복)
2026-09-29 13:40:00.443 | INFO     | stock_bot.news.crawler:fetch_naver_news:207 - news relevance filter: 3 → 1 (제외 2건) [123330]
2026-09-29 13:40:00.444 | INFO     | stock_bot.news.crawler:fetch_naver_news:212 - fetched 1 news items for 123330
2026-09-29 13:40:00.449 | DEBUG    | stock_bot.live.runner:_news_tick:840 - news 123330 new=0/1 (모두 중복)
2026-09-29 13:40:04.895 | INFO     | stock_bot.live.runner:_tick:1546 - 034020 두산에너빌리티 [ensemble] HOLD score=+0.00 B0/S0 | 현재가 79,100원 | 손절 -1.03%(ATR)
    VWAP 79,292원 -0.24% ─홀드 (+0.000)
    ST 하락추세 ─홀드 (+0.000)
    RSI 40.9 (기준 30/74) ─홀드 (+0.000)
    BB 78,978~79,342원 현재 79,100원 ─홀드 (+0.000)  ← 중간 [───●──────] 34%
    DC  ─홀드  ← 미보유 또는 청산 조건 미해당 (+0.000)
    거래량  MA25대비 0.60x  〰(neutral) (+0.0000)  ← 임계 미달 (기준 ≥1.2/≤0.7x) → 중립
2026-09-29 13:40:09.671 | INFO     | stock_bot.live.runner:_tick:1361 - 241560 [레짐-차단] KOSPI 일봉 20MA아래 & 10일모멘텀− → 신규 매수 차단
2026-09-29 13:40:09.688 | INFO     | stock_bot.live.runner:_tick:1546 - 241560 두산밥캣 [ensemble] HOLD score=+0.63 B2/S0 | 현재가 54,200원 | 손절 -2.06%(ATR) | ⚑약세장 차단
    VWAP 55,147원 -1.72% ▲매수 (+0.294)
    ST 하락추세 ─홀드 (+0.000)
    RSI 23.6 (기준 30/74) ▲매수 (+0.235)
    BB 54,324~55,056원 현재 54,200원 ─홀드 (+0.000)  ← 하단근접 [●──────────] -17%
    DC  ─홀드  ← 미보유 또는 청산 조건 미해당 (+0.000)
    거래량  MA25대비 7.43x  ▲(boost) (+0.1000)  ← 점수 조정 +0.1000
2026-09-29 13:40:15.558 | INFO     | stock_bot.live.runner:_tick:1546 - 123330 제닉 [ensemble] HOLD score=+0.00 B0/S0 | 현재가 23,200원 | 손절 -2.92%(ATR)
    VWAP 23,281원 -0.35% ─홀드 (+0.000)
    ST 하락추세 ─홀드 (+0.000)
    RSI 44.6 (기준 30/74) ─홀드 (+0.000)
    BB 23,086~23,379원 현재 23,200원 ─홀드 (+0.000)  ← 중간 [───●──────] 39%
    DC  ─홀드  ← 미보유 또는 청산 조건 미해당 (+0.000)
    거래량  MA25대비 0.75x  〰(neutral) (+0.0000)  ← 임계 미달 (기준 ≥1.2/≤0.7x) → 중립
2026-09-29 13:45:00.190 | INFO     | stock_bot.news.crawler:fetch_naver_news:207 - news relevance filter: 11 → 1 (제외 10건) [034020]
2026-09-29 13:45:00.191 | INFO     | stock_bot.news.crawler:fetch_naver_news:212 - fetched 1 news items for 034020
2026-09-29 13:45:00.196 | DEBUG    | stock_bot.live.runner:_news_tick:840 - news 034020 new=0/1 (모두 중복)
2026-09-29 13:45:00.315 | INFO     | stock_bot.news.crawler:fetch_naver_news:207 - news relevance filter: 10 → 1 (제외 9건) [241560]
2026-09-29 13:45:00.316 | INFO     | stock_bot.news.crawler:fetch_naver_news:212 - fetched 1 news items for 241560
2026-09-29 13:45:00.321 | DEBUG    | stock_bot.live.runner:_news_tick:840 - news 241560 new=0/1 (모두 중복)
2026-09-29 13:45:00.445 | INFO     | stock_bot.news.crawler:fetch_naver_news:207 - news relevance filter: 3 → 1 (제외 2건) [123330]
2026-09-29 13:45:00.446 | INFO     | stock_bot.news.crawler:fetch_naver_news:212 - fetched 1 news items for 123330
2026-09-29 13:45:00.451 | DEBUG    | stock_bot.live.runner:_news_tick:840 - news 123330 new=0/1 (모두 중복)
2026-09-29 13:45:37.961 | INFO     | stock_bot.live.runner:_tick:1546 - 034020 두산에너빌리티 [ensemble] HOLD score=+0.00 B0/S0 | 현재가 79,200원 | 손절 -1.00%(ATR)
    VWAP 79,291원 -0.11% ─홀드 (+0.000)
    ST 하락추세 ─홀드 (+0.000)
    RSI 45.1 (기준 30/74) ─홀드 (+0.000)
    BB 78,984~79,346원 현재 79,200원 ─홀드 (+0.000)  ← 중간 [─────●────] 60%
    DC  ─홀드  ← 미보유 또는 청산 조건 미해당 (+0.000)
    거래량  MA25대비 0.56x  〰(neutral) (+0.0000)  ← 임계 미달 (기준 ≥1.2/≤0.7x) → 중립
2026-09-29 13:45:49.412 | INFO     | stock_bot.live.runner:_tick:1361 - 241560 [레짐-차단] KOSPI 일봉 20MA아래 & 10일모멘텀− → 신규 매수 차단
2026-09-29 13:45:49.429 | INFO     | stock_bot.live.runner:_tick:1546 - 241560 두산밥캣 [ensemble] HOLD score=+0.69 B3/S0 | 현재가 54,200원 | 손절 -1.91%(ATR) | ⚑약세장 차단
    VWAP 55,112원 -1.65% ▲매수 (+0.294)
    ST 하락추세 ─홀드 (+0.000)
    RSI 20.6 (기준 30/74) ▲매수 (+0.235)
    BB 54,179~55,111원 현재 54,200원 ▲매수 (+0.212)
    DC  ─홀드  ← 미보유 또는 청산 조건 미해당 (+0.000)
    거래량  MA25대비 0.47x  ▼(penalty) (-0.0500)  ← 점수 조정 -0.0500
2026-09-29 13:46:01.923 | INFO     | stock_bot.live.runner:_tick:1546 - 123330 제닉 [ensemble] HOLD score=+0.00 B0/S0 | 현재가 23,200원 | 손절 -3.16%(ATR)
    VWAP 23,280원 -0.34% ─홀드 (+0.000)
    ST 하락추세 ─홀드 (+0.000)
    RSI 45.6 (기준 30/74) ─홀드 (+0.000)
    BB 23,082~23,393원 현재 23,200원 ─홀드 (+0.000)  ← 중간 [───●──────] 38%
    DC  ─홀드  ← 미보유 또는 청산 조건 미해당 (+0.000)
    거래량  MA25대비 0.87x  〰(neutral) (+0.0000)  ← 임계 미달 (기준 ≥1.2/≤0.7x) → 중립
2026-09-29 13:50:00.187 | INFO     | stock_bot.news.crawler:fetch_naver_news:207 - news relevance filter: 11 → 1 (제외 10건) [034020]
2026-09-29 13:50:00.188 | INFO     | stock_bot.news.crawler:fetch_naver_news:212 - fetched 1 news items for 034020
2026-09-29 13:50:00.193 | DEBUG    | stock_bot.live.runner:_news_tick:840 - news 034020 new=0/1 (모두 중복)
2026-09-29 13:50:00.323 | INFO     | stock_bot.news.crawler:fetch_naver_news:207 - news relevance filter: 10 → 1 (제외 9건) [241560]
2026-09-29 13:50:00.324 | INFO     | stock_bot.news.crawler:fetch_naver_news:212 - fetched 1 news items for 241560
2026-09-29 13:50:00.329 | DEBUG    | stock_bot.live.runner:_news_tick:840 - news 241560 new=0/1 (모두 중복)
2026-09-29 13:50:00.445 | INFO     | stock_bot.news.crawler:fetch_naver_news:207 - news relevance filter: 3 → 1 (제외 2건) [123330]
2026-09-29 13:50:00.446 | INFO     | stock_bot.news.crawler:fetch_naver_news:212 - fetched 1 news items for 123330
2026-09-29 13:50:00.451 | DEBUG    | stock_bot.live.runner:_news_tick:840 - news 123330 new=0/1 (모두 중복)
2026-09-29 13:50:03.900 | INFO     | stock_bot.live.runner:_tick:1546 - 034020 두산에너빌리티 [ensemble] HOLD score=+0.00 B0/S0 | 현재가 79,000원 | 손절 -1.01%(ATR)
    VWAP 79,274원 -0.35% ─홀드 (+0.000)
    ST 하락추세 ─홀드 (+0.000)
    RSI 37.9 (기준 30/74) ─홀드 (+0.000)
    BB 78,945~79,355원 현재 79,000원 ─홀드 (+0.000)  ← 하단근접 [─●────────] 13%
    DC  ─홀드  ← 미보유 또는 청산 조건 미해당 (+0.000)
    거래량  MA25대비 4.42x  〰(neutral) (+0.0000)  ← 임계 미달 (기준 ≥1.2/≤0.7x) → 중립
2026-09-29 13:50:06.015 | INFO     | stock_bot.live.runner:_tick:1546 - 241560 두산밥캣 [ensemble] HOLD score=+0.48 B2/S0 | 현재가 54,300원 | 손절 -1.90%(ATR)
    VWAP 55,103원 -1.46% ▲매수 (+0.294)
    ST 하락추세 ─홀드 (+0.000)
    RSI 25.8 (기준 30/74) ▲매수 (+0.235)
    BB 54,136~55,104원 현재 54,300원 ─홀드 (+0.000)  ← 하단근접 [─●────────] 17%
    DC  ─홀드  ← 미보유 또는 청산 조건 미해당 (+0.000)
    거래량  MA25대비 0.44x  ▼(penalty) (-0.0500)  ← 점수 조정 -0.0500
2026-09-29 13:50:08.856 | INFO     | stock_bot.live.runner:_tick:1546 - 123330 제닉 [ensemble] HOLD score=+0.00 B0/S0 | 현재가 23,150원 | 손절 -3.17%(ATR)
    VWAP 23,277원 -0.55% ─홀드 (+0.000)
    ST 하락추세 ─홀드 (+0.000)
    RSI 43.7 (기준 30/74) ─홀드 (+0.000)
    BB 23,079~23,396원 현재 23,150원 ─홀드 (+0.000)  ← 하단근접 [──●───────] 22%
    DC  ─홀드  ← 미보유 또는 청산 조건 미해당 (+0.000)
    거래량  MA25대비 5.47x  〰(neutral) (+0.0000)  ← 임계 미달 (기준 ≥1.2/≤0.7x) → 중립
2026-09-29 13:55:00.178 | INFO     | stock_bot.news.crawler:fetch_naver_news:207 - news relevance filter: 11 → 1 (제외 10건) [034020]
2026-09-29 13:55:00.178 | INFO     | stock_bot.news.crawler:fetch_naver_news:212 - fetched 1 news items for 034020
2026-09-29 13:55:00.183 | DEBUG    | stock_bot.live.runner:_news_tick:840 - news 034020 new=0/1 (모두 중복)
2026-09-29 13:55:00.306 | INFO     | stock_bot.news.crawler:fetch_naver_news:207 - news relevance filter: 10 → 1 (제외 9건) [241560]
2026-09-29 13:55:00.306 | INFO     | stock_bot.news.crawler:fetch_naver_news:212 - fetched 1 news items for 241560
2026-09-29 13:55:00.311 | DEBUG    | stock_bot.live.runner:_news_tick:840 - news 241560 new=0/1 (모두 중복)
2026-09-29 13:55:00.426 | INFO     | stock_bot.news.crawler:fetch_naver_news:207 - news relevance filter: 3 → 1 (제외 2건) [123330]
2026-09-29 13:55:00.426 | INFO     | stock_bot.news.crawler:fetch_naver_news:212 - fetched 1 news items for 123330
2026-09-29 13:55:00.431 | DEBUG    | stock_bot.live.runner:_news_tick:840 - news 123330 new=0/1 (모두 중복)
2026-09-29 13:55:04.607 | INFO     | stock_bot.live.runner:_tick:1546 - 034020 두산에너빌리티 [ensemble] HOLD score=+0.00 B0/S0 | 현재가 79,100원 | 손절 -0.99%(ATR)
    VWAP 79,272원 -0.22% ─홀드 (+0.000)
    ST 하락추세 ─홀드 (+0.000)
    RSI 42.5 (기준 30/74) ─홀드 (+0.000)
    BB 78,961~79,349원 현재 79,100원 ─홀드 (+0.000)  ← 중간 [───●──────] 36%
    DC  ─홀드  ← 미보유 또는 청산 조건 미해당 (+0.000)
    거래량  MA25대비 0.62x  〰(neutral) (+0.0000)  ← 임계 미달 (기준 ≥1.2/≤0.7x) → 중립
2026-09-29 13:55:07.625 | INFO     | stock_bot.live.runner:_tick:1546 - 241560 두산밥캣 [ensemble] HOLD score=+0.48 B2/S0 | 현재가 54,300원 | 손절 -1.89%(ATR)
    VWAP 55,095원 -1.44% ▲매수 (+0.294)
    ST 하락추세 ─홀드 (+0.000)
    RSI 26.2 (기준 30/74) ▲매수 (+0.235)
    BB 54,079~55,101원 현재 54,300원 ─홀드 (+0.000)  ← 하단근접 [──●───────] 22%
    DC  ─홀드  ← 미보유 또는 청산 조건 미해당 (+0.000)
    거래량  MA25대비 0.39x  ▼(penalty) (-0.0500)  ← 점수 조정 -0.0500
2026-09-29 13:55:10.796 | INFO     | stock_bot.live.runner:_tick:1546 - 123330 제닉 [ensemble] HOLD score=+0.00 B0/S0 | 현재가 23,150원 | 손절 -3.09%(ATR)
    VWAP 23,276원 -0.54% ─홀드 (+0.000)
    ST 하락추세 ─홀드 (+0.000)
    RSI 43.6 (기준 30/74) ─홀드 (+0.000)
    BB 23,086~23,394원 현재 23,150원 ─홀드 (+0.000)  ← 하단근접 [──●───────] 21%
    DC  ─홀드  ← 미보유 또는 청산 조건 미해당 (+0.000)
    거래량  MA25대비 1.24x  〰(neutral) (+0.0000)  ← 임계 미달 (기준 ≥1.2/≤0.7x) → 중립
2026-09-29 14:00:00.135 | INFO     | stock_bot.news.crawler:fetch_naver_news:207 - news relevance filter: 11 → 1 (제외 10건) [034020]
2026-09-29 14:00:00.136 | INFO     | stock_bot.news.crawler:fetch_naver_news:212 - fetched 1 news items for 034020
2026-09-29 14:00:00.141 | DEBUG    | stock_bot.live.runner:_news_tick:840 - news 034020 new=0/1 (모두 중복)
2026-09-29 14:00:00.284 | INFO     | stock_bot.news.crawler:fetch_naver_news:207 - news relevance filter: 10 → 1 (제외 9건) [241560]
2026-09-29 14:00:00.285 | INFO     | stock_bot.news.crawler:fetch_naver_news:212 - fetched 1 news items for 241560
2026-09-29 14:00:00.292 | DEBUG    | stock_bot.live.runner:_news_tick:840 - news 241560 new=0/1 (모두 중복)
2026-09-29 14:00:00.423 | INFO     | stock_bot.news.crawler:fetch_naver_news:207 - news relevance filter: 3 → 1 (제외 2건) [123330]
2026-09-29 14:00:00.424 | INFO     | stock_bot.news.crawler:fetch_naver_news:212 - fetched 1 news items for 123330
2026-09-29 14:00:00.429 | DEBUG    | stock_bot.live.runner:_news_tick:840 - news 123330 new=0/1 (모두 중복)
2026-09-29 14:00:03.889 | INFO     | stock_bot.live.runner:_tick:1546 - 034020 두산에너빌리티 [ensemble] HOLD score=+0.00 B0/S0 | 현재가 79,000원 | 손절 -0.96%(ATR)
    VWAP 79,269원 -0.34% ─홀드 (+0.000)
    ST 하락추세 ─홀드 (+0.000)
    RSI 39.6 (기준 30/74) ─홀드 (+0.000)
    BB 78,941~79,354원 현재 79,000원 ─홀드 (+0.000)  ← 하단근접 [─●────────] 14%
    DC  ─홀드  ← 미보유 또는 청산 조건 미해당 (+0.000)
    거래량  MA25대비 0.81x  〰(neutral) (+0.0000)  ← 임계 미달 (기준 ≥1.2/≤0.7x) → 중립
2026-09-29 14:00:07.013 | INFO     | stock_bot.live.runner:_tick:1546 - 241560 두산밥캣 [ensemble] HOLD score=+0.48 B2/S0 | 현재가 54,200원 | 손절 -1.88%(ATR)
    VWAP 55,086원 -1.61% ▲매수 (+0.294)
    ST 하락추세 ─홀드 (+0.000)
    RSI 20.7 (기준 30/74) ▲매수 (+0.235)
    BB 54,014~55,096원 현재 54,200원 ─홀드 (+0.000)  ← 하단근접 [─●────────] 17%
    DC  ─홀드  ← 미보유 또는 청산 조건 미해당 (+0.000)
    거래량  MA25대비 0.51x  ▼(penalty) (-0.0500)  ← 점수 조정 -0.0500
2026-09-29 14:00:09.567 | INFO     | stock_bot.live.runner:_tick:1546 - 123330 제닉 [ensemble] HOLD score=+0.00 B0/S0 | 현재가 23,250원 | 손절 -3.30%(ATR)
    VWAP 23,276원 -0.11% ─홀드 (+0.000)
    ST 하락추세 ─홀드 (+0.000)
    RSI 47.9 (기준 30/74) ─홀드 (+0.000)
    BB 23,107~23,403원 현재 23,250원 ─홀드 (+0.000)  ← 중간 [────●─────] 48%
    DC  ─홀드  ← 미보유 또는 청산 조건 미해당 (+0.000)
    거래량  MA25대비 0.93x  〰(neutral) (+0.0000)  ← 임계 미달 (기준 ≥1.2/≤0.7x) → 중립
2026-09-29 14:05:00.190 | INFO     | stock_bot.news.crawler:fetch_naver_news:207 - news relevance filter: 11 → 1 (제외 10건) [034020]
2026-09-29 14:05:00.191 | INFO     | stock_bot.news.crawler:fetch_naver_news:212 - fetched 1 news items for 034020
2026-09-29 14:05:00.196 | DEBUG    | stock_bot.live.runner:_news_tick:840 - news 034020 new=0/1 (모두 중복)
2026-09-29 14:05:00.317 | INFO     | stock_bot.news.crawler:fetch_naver_news:207 - news relevance filter: 10 → 1 (제외 9건) [241560]
2026-09-29 14:05:00.318 | INFO     | stock_bot.news.crawler:fetch_naver_news:212 - fetched 1 news items for 241560
2026-09-29 14:05:00.323 | DEBUG    | stock_bot.live.runner:_news_tick:840 - news 241560 new=0/1 (모두 중복)
2026-09-29 14:05:00.438 | INFO     | stock_bot.news.crawler:fetch_naver_news:207 - news relevance filter: 3 → 1 (제외 2건) [123330]
2026-09-29 14:05:00.439 | INFO     | stock_bot.news.crawler:fetch_naver_news:212 - fetched 1 news items for 123330
2026-09-29 14:05:00.445 | DEBUG    | stock_bot.live.runner:_news_tick:840 - news 123330 new=0/1 (모두 중복)
2026-09-29 14:05:12.926 | INFO     | stock_bot.live.runner:_tick:1546 - 034020 두산에너빌리티 [ensemble] HOLD score=+0.00 B0/S0 | 현재가 79,000원 | 손절 -0.94%(ATR)
    VWAP 79,264원 -0.33% ─홀드 (+0.000)
    ST 하락추세 ─홀드 (+0.000)
    RSI 39.4 (기준 30/74) ─홀드 (+0.000)
    BB 78,927~79,358원 현재 79,000원 ─홀드 (+0.000)  ← 하단근접 [─●────────] 17%
    DC  ─홀드  ← 미보유 또는 청산 조건 미해당 (+0.000)
    거래량  MA25대비 1.39x  〰(neutral) (+0.0000)  ← 임계 미달 (기준 ≥1.2/≤0.7x) → 중립
2026-09-29 14:05:19.034 | INFO     | stock_bot.live.runner:_tick:1546 - 241560 두산밥캣 [ensemble] HOLD score=+0.48 B2/S0 | 현재가 54,300원 | 손절 -1.87%(ATR)
    VWAP 55,076원 -1.41% ▲매수 (+0.294)
    ST 하락추세 ─홀드 (+0.000)
    RSI 26.6 (기준 30/74) ▲매수 (+0.235)
    BB 53,998~55,052원 현재 54,300원 ─홀드 (+0.000)  ← 중간 [──●───────] 29%
    DC  ─홀드  ← 미보유 또는 청산 조건 미해당 (+0.000)
    거래량  MA25대비 0.52x  ▼(penalty) (-0.0500)  ← 점수 조정 -0.0500
2026-09-29 14:05:24.038 | INFO     | stock_bot.live.runner:_tick:1546 - 123330 제닉 [ensemble] HOLD score=+0.00 B0/S0 | 현재가 23,300원 | 손절 -3.28%(ATR)
    VWAP 23,275원 +0.11% ─홀드 (+0.000)
    ST 하락추세 ─홀드 (+0.000)
    RSI 50.0 (기준 30/74) ─홀드 (+0.000)
    BB 23,102~23,403원 현재 23,300원 ─홀드 (+0.000)  ← 중간 [──────●───] 66%
    DC  ─홀드  ← 미보유 또는 청산 조건 미해당 (+0.000)
    거래량  MA25대비 1.27x  〰(neutral) (+0.0000)  ← 임계 미달 (기준 ≥1.2/≤0.7x) → 중립
2026-09-29 14:10:00.188 | INFO     | stock_bot.news.crawler:fetch_naver_news:207 - news relevance filter: 12 → 1 (제외 11건) [034020]
2026-09-29 14:10:00.189 | INFO     | stock_bot.news.crawler:fetch_naver_news:212 - fetched 1 news items for 034020
2026-09-29 14:10:00.195 | DEBUG    | stock_bot.live.runner:_news_tick:840 - news 034020 new=0/1 (모두 중복)
2026-09-29 14:10:00.313 | INFO     | stock_bot.news.crawler:fetch_naver_news:207 - news relevance filter: 10 → 1 (제외 9건) [241560]
2026-09-29 14:10:00.314 | INFO     | stock_bot.news.crawler:fetch_naver_news:212 - fetched 1 news items for 241560
2026-09-29 14:10:00.319 | DEBUG    | stock_bot.live.runner:_news_tick:840 - news 241560 new=0/1 (모두 중복)
2026-09-29 14:10:00.440 | INFO     | stock_bot.news.crawler:fetch_naver_news:207 - news relevance filter: 3 → 1 (제외 2건) [123330]
2026-09-29 14:10:00.441 | INFO     | stock_bot.news.crawler:fetch_naver_news:212 - fetched 1 news items for 123330
2026-09-29 14:10:00.446 | DEBUG    | stock_bot.live.runner:_news_tick:840 - news 123330 new=0/1 (모두 중복)
2026-09-29 14:10:09.236 | INFO     | stock_bot.live.runner:_tick:1546 - 034020 두산에너빌리티 [ensemble] HOLD score=+0.00 B0/S0 | 현재가 78,950원 | 손절 -0.94%(ATR)
    VWAP 79,248원 -0.38% ─홀드 (+0.000)
    ST 하락추세 ─홀드 (+0.000)
    RSI 38.1 (기준 30/74) ─홀드 (+0.000)
    BB 78,900~79,365원 현재 78,950원 ─홀드 (+0.000)  ← 하단근접 [─●────────] 11%
    DC  ─홀드  ← 미보유 또는 청산 조건 미해당 (+0.000)
    거래량  MA25대비 3.70x  〰(neutral) (+0.0000)  ← 임계 미달 (기준 ≥1.2/≤0.7x) → 중립
2026-09-29 14:10:15.356 | INFO     | stock_bot.live.runner:_tick:1546 - 241560 두산밥캣 [ensemble] HOLD score=+0.24 B1/S0 | 현재가 54,400원 | 손절 -1.92%(ATR)
    VWAP 55,067원 -1.21% ▲매수 (+0.294)
    ST 하락추세 ─홀드 (+0.000)
    RSI 31.7 (기준 30/74) ─홀드 (+0.000)
    BB 54,013~54,997원 현재 54,400원 ─홀드 (+0.000)  ← 중간 [───●──────] 39%
    DC  ─홀드  ← 미보유 또는 청산 조건 미해당 (+0.000)
    거래량  MA25대비 0.64x  ▼(penalty) (-0.0500)  ← 점수 조정 -0.0500
2026-09-29 14:10:19.289 | INFO     | stock_bot.live.runner:_tick:1546 - 123330 제닉 [ensemble] HOLD score=+0.00 B0/S0 | 현재가 23,250원 | 손절 -3.05%(ATR)
    VWAP 23,275원 -0.11% ─홀드 (+0.000)
    ST 하락추세 ─홀드 (+0.000)
    RSI 48.2 (기준 30/74) ─홀드 (+0.000)
    BB 23,106~23,399원 현재 23,250원 ─홀드 (+0.000)  ← 중간 [────●─────] 49%
    DC  ─홀드  ← 미보유 또는 청산 조건 미해당 (+0.000)
    거래량  MA25대비 1.16x  〰(neutral) (+0.0000)  ← 임계 미달 (기준 ≥1.2/≤0.7x) → 중립
2026-09-29 14:15:00.178 | INFO     | stock_bot.news.crawler:fetch_naver_news:207 - news relevance filter: 12 → 1 (제외 11건) [034020]
2026-09-29 14:15:00.179 | INFO     | stock_bot.news.crawler:fetch_naver_news:212 - fetched 1 news items for 034020
2026-09-29 14:15:00.184 | DEBUG    | stock_bot.live.runner:_news_tick:840 - news 034020 new=0/1 (모두 중복)
2026-09-29 14:15:00.303 | INFO     | stock_bot.news.crawler:fetch_naver_news:207 - news relevance filter: 10 → 1 (제외 9건) [241560]
2026-09-29 14:15:00.304 | INFO     | stock_bot.news.crawler:fetch_naver_news:212 - fetched 1 news items for 241560
2026-09-29 14:15:00.309 | DEBUG    | stock_bot.live.runner:_news_tick:840 - news 241560 new=0/1 (모두 중복)
2026-09-29 14:15:00.429 | INFO     | stock_bot.news.crawler:fetch_naver_news:207 - news relevance filter: 3 → 1 (제외 2건) [123330]
2026-09-29 14:15:00.430 | INFO     | stock_bot.news.crawler:fetch_naver_news:212 - fetched 1 news items for 123330
2026-09-29 14:15:00.436 | DEBUG    | stock_bot.live.runner:_news_tick:840 - news 123330 new=0/1 (모두 중복)
2026-09-29 14:15:03.999 | INFO     | stock_bot.live.runner:_tick:1546 - 034020 두산에너빌리티 [ensemble] HOLD score=+0.00 B0/S0 | 현재가 79,000원 | 손절 -0.98%(ATR)
    VWAP 79,241원 -0.30% ─홀드 (+0.000)
    ST 하락추세 ─홀드 (+0.000)
    RSI 39.4 (기준 30/74) ─홀드 (+0.000)
    BB 78,894~79,356원 현재 79,000원 ─홀드 (+0.000)  ← 하단근접 [──●───────] 23%
    DC  ─홀드  ← 미보유 또는 청산 조건 미해당 (+0.000)
    거래량  MA25대비 1.66x  〰(neutral) (+0.0000)  ← 임계 미달 (기준 ≥1.2/≤0.7x) → 중립
2026-09-29 14:15:06.154 | INFO     | stock_bot.live.runner:_tick:1546 - 241560 두산밥캣 [ensemble] HOLD score=+0.29 B1/S0 | 현재가 54,500원 | 손절 -2.09%(ATR)
    VWAP 55,059원 -1.01% ▲매수 (+0.294)
    ST 하락추세 ─홀드 (+0.000)
    RSI 37.9 (기준 30/74) ─홀드 (+0.000)
    BB 54,028~54,972원 현재 54,500원 ─홀드 (+0.000)  ← 중간 [─────●────] 50%
    DC  ─홀드  ← 미보유 또는 청산 조건 미해당 (+0.000)
    거래량  MA25대비 0.75x  〰(neutral) (+0.0000)  ← 임계 미달 (기준 ≥1.2/≤0.7x) → 중립
2026-09-29 14:15:09.512 | INFO     | stock_bot.live.runner:_tick:1546 - 123330 제닉 [ensemble] HOLD score=+0.00 B0/S0 | 현재가 23,250원 | 손절 -3.05%(ATR)
    VWAP 23,275원 -0.11% ─홀드 (+0.000)
    ST 하락추세 ─홀드 (+0.000)
    RSI 48.4 (기준 30/74) ─홀드 (+0.000)
    BB 23,104~23,386원 현재 23,250원 ─홀드 (+0.000)  ← 중간 [─────●────] 52%
    DC  ─홀드  ← 미보유 또는 청산 조건 미해당 (+0.000)
    거래량  MA25대비 0.62x  〰(neutral) (+0.0000)  ← 임계 미달 (기준 ≥1.2/≤0.7x) → 중립
2026-09-29 14:20:00.189 | INFO     | stock_bot.news.crawler:fetch_naver_news:207 - news relevance filter: 13 → 1 (제외 12건) [034020]
2026-09-29 14:20:00.190 | INFO     | stock_bot.news.crawler:fetch_naver_news:212 - fetched 1 news items for 034020
2026-09-29 14:20:00.195 | DEBUG    | stock_bot.live.runner:_news_tick:840 - news 034020 new=0/1 (모두 중복)
2026-09-29 14:20:00.316 | INFO     | stock_bot.news.crawler:fetch_naver_news:207 - news relevance filter: 10 → 1 (제외 9건) [241560]
2026-09-29 14:20:00.317 | INFO     | stock_bot.news.crawler:fetch_naver_news:212 - fetched 1 news items for 241560
2026-09-29 14:20:00.322 | DEBUG    | stock_bot.live.runner:_news_tick:840 - news 241560 new=0/1 (모두 중복)
2026-09-29 14:20:00.439 | INFO     | stock_bot.news.crawler:fetch_naver_news:207 - news relevance filter: 3 → 1 (제외 2건) [123330]
2026-09-29 14:20:00.440 | INFO     | stock_bot.news.crawler:fetch_naver_news:212 - fetched 1 news items for 123330
2026-09-29 14:20:00.444 | DEBUG    | stock_bot.live.runner:_news_tick:840 - news 123330 new=0/1 (모두 중복)
2026-09-29 14:20:21.864 | INFO     | stock_bot.live.runner:_tick:1546 - 034020 두산에너빌리티 [ensemble] HOLD score=+0.00 B0/S0 | 현재가 79,000원 | 손절 -0.95%(ATR)
    VWAP 79,237원 -0.30% ─홀드 (+0.000)
    ST 하락추세 ─홀드 (+0.000)
    RSI 39.6 (기준 30/74) ─홀드 (+0.000)
    BB 78,908~79,302원 현재 79,000원 ─홀드 (+0.000)  ← 하단근접 [──●───────] 23%
    DC  ─홀드  ← 미보유 또는 청산 조건 미해당 (+0.000)
    거래량  MA25대비 1.14x  〰(neutral) (+0.0000)  ← 임계 미달 (기준 ≥1.2/≤0.7x) → 중립
2026-09-29 14:20:38.596 | INFO     | stock_bot.live.runner:_tick:1546 - 241560 두산밥캣 [ensemble] HOLD score=+0.24 B1/S0 | 현재가 54,500원 | 손절 -2.07%(ATR)
    VWAP 55,053원 -1.00% ▲매수 (+0.294)
    ST 하락추세 ─홀드 (+0.000)
    RSI 37.9 (기준 30/74) ─홀드 (+0.000)
    BB 54,034~54,936원 현재 54,500원 ─홀드 (+0.000)  ← 중간 [─────●────] 52%
    DC  ─홀드  ← 미보유 또는 청산 조건 미해당 (+0.000)
    거래량  MA25대비 0.37x  ▼(penalty) (-0.0500)  ← 점수 조정 -0.0500
2026-09-29 14:20:56.796 | INFO     | stock_bot.live.runner:_tick:1546 - 123330 제닉 [ensemble] HOLD score=+0.00 B0/S0 | 현재가 23,200원 | 손절 -2.99%(ATR)
    VWAP 23,275원 -0.32% ─홀드 (+0.000)
    ST 하락추세 ─홀드 (+0.000)
    RSI 46.5 (기준 30/74) ─홀드 (+0.000)
    BB 23,100~23,380원 현재 23,200원 ─홀드 (+0.000)  ← 중간 [───●──────] 36%
    DC  ─홀드  ← 미보유 또는 청산 조건 미해당 (+0.000)
    거래량  MA25대비 0.16x  〰(neutral) (+0.0000)  ← 임계 미달 (기준 ≥1.2/≤0.7x) → 중립
2026-09-29 14:25:00.188 | INFO     | stock_bot.news.crawler:fetch_naver_news:207 - news relevance filter: 13 → 1 (제외 12건) [034020]
2026-09-29 14:25:00.189 | INFO     | stock_bot.news.crawler:fetch_naver_news:212 - fetched 1 news items for 034020
2026-09-29 14:25:00.194 | DEBUG    | stock_bot.live.runner:_news_tick:840 - news 034020 new=0/1 (모두 중복)
2026-09-29 14:25:00.316 | INFO     | stock_bot.news.crawler:fetch_naver_news:207 - news relevance filter: 10 → 1 (제외 9건) [241560]
2026-09-29 14:25:00.317 | INFO     | stock_bot.news.crawler:fetch_naver_news:212 - fetched 1 news items for 241560
2026-09-29 14:25:00.322 | DEBUG    | stock_bot.live.runner:_news_tick:840 - news 241560 new=0/1 (모두 중복)
2026-09-29 14:25:00.442 | INFO     | stock_bot.news.crawler:fetch_naver_news:207 - news relevance filter: 3 → 1 (제외 2건) [123330]
2026-09-29 14:25:00.443 | INFO     | stock_bot.news.crawler:fetch_naver_news:212 - fetched 1 news items for 123330
2026-09-29 14:25:00.447 | DEBUG    | stock_bot.live.runner:_news_tick:840 - news 123330 new=0/1 (모두 중복)
2026-09-29 14:25:20.454 | INFO     | stock_bot.live.runner:_tick:1546 - 034020 두산에너빌리티 [ensemble] HOLD score=+0.00 B0/S0 | 현재가 79,000원 | 손절 -0.93%(ATR)
    VWAP 79,235원 -0.30% ─홀드 (+0.000)
    ST 하락추세 ─홀드 (+0.000)
    RSI 39.5 (기준 30/74) ─홀드 (+0.000)
    BB 78,911~79,269원 현재 79,000원 ─홀드 (+0.000)  ← 하단근접 [──●───────] 25%
    DC  ─홀드  ← 미보유 또는 청산 조건 미해당 (+0.000)
    거래량  MA25대비 0.73x  〰(neutral) (+0.0000)  ← 임계 미달 (기준 ≥1.2/≤0.7x) → 중립
2026-09-29 14:25:23.659 | INFO     | stock_bot.live.runner:_tick:1546 - 241560 두산밥캣 [ensemble] HOLD score=+0.24 B1/S0 | 현재가 54,500원 | 손절 -1.99%(ATR)
    VWAP 55,049원 -1.00% ▲매수 (+0.294)
    ST 하락추세 ─홀드 (+0.000)
    RSI 37.8 (기준 30/74) ─홀드 (+0.000)
    BB 54,036~54,914원 현재 54,500원 ─홀드 (+0.000)  ← 중간 [─────●────] 53%
    DC  ─홀드  ← 미보유 또는 청산 조건 미해당 (+0.000)
    거래량  MA25대비 0.48x  ▼(penalty) (-0.0500)  ← 점수 조정 -0.0500
2026-09-29 14:25:25.737 | INFO     | stock_bot.live.runner:_tick:1546 - 123330 제닉 [ensemble] HOLD score=+0.00 B0/S0 | 현재가 23,250원 | 손절 -3.03%(ATR)
    VWAP 23,275원 -0.11% ─홀드 (+0.000)
    ST 하락추세 ─홀드 (+0.000)
    RSI 48.5 (기준 30/74) ─홀드 (+0.000)
    BB 23,115~23,363원 현재 23,250원 ─홀드 (+0.000)  ← 중간 [─────●────] 55%
    DC  ─홀드  ← 미보유 또는 청산 조건 미해당 (+0.000)
    거래량  MA25대비 0.18x  〰(neutral) (+0.0000)  ← 임계 미달 (기준 ≥1.2/≤0.7x) → 중립
2026-09-29 14:30:00.183 | INFO     | stock_bot.news.crawler:fetch_naver_news:207 - news relevance filter: 12 → 1 (제외 11건) [034020]
2026-09-29 14:30:00.184 | INFO     | stock_bot.news.crawler:fetch_naver_news:212 - fetched 1 news items for 034020
2026-09-29 14:30:00.188 | DEBUG    | stock_bot.live.runner:_news_tick:840 - news 034020 new=0/1 (모두 중복)
2026-09-29 14:30:00.317 | INFO     | stock_bot.news.crawler:fetch_naver_news:207 - news relevance filter: 10 → 1 (제외 9건) [241560]
2026-09-29 14:30:00.318 | INFO     | stock_bot.news.crawler:fetch_naver_news:212 - fetched 1 news items for 241560
2026-09-29 14:30:00.323 | DEBUG    | stock_bot.live.runner:_news_tick:840 - news 241560 new=0/1 (모두 중복)
2026-09-29 14:30:00.439 | INFO     | stock_bot.news.crawler:fetch_naver_news:207 - news relevance filter: 3 → 1 (제외 2건) [123330]
2026-09-29 14:30:00.440 | INFO     | stock_bot.news.crawler:fetch_naver_news:212 - fetched 1 news items for 123330
2026-09-29 14:30:00.445 | DEBUG    | stock_bot.live.runner:_news_tick:840 - news 123330 new=0/1 (모두 중복)
2026-09-29 14:30:20.966 | INFO     | stock_bot.live.runner:_tick:1546 - 034020 두산에너빌리티 [ensemble] HOLD score=+0.00 B0/S0 | 현재가 78,900원 | 손절 -0.95%(ATR)
    VWAP 79,231원 -0.42% ─홀드 (+0.000)
    ST 하락추세 ─홀드 (+0.000)
    RSI 35.8 (기준 30/74) ─홀드 (+0.000)
    BB 78,900~79,240원 현재 78,900원 ─홀드 (+0.000)  ← 하단근접 [●─────────] -0%
    DC  ─홀드  ← 미보유 또는 청산 조건 미해당 (+0.000)
    거래량  MA25대비 1.15x  〰(neutral) (+0.0000)  ← 임계 미달 (기준 ≥1.2/≤0.7x) → 중립
2026-09-29 14:30:31.419 | INFO     | stock_bot.live.runner:_tick:1546 - 241560 두산밥캣 [ensemble] HOLD score=+0.24 B1/S0 | 현재가 54,500원 | 손절 -1.91%(ATR)
    VWAP 55,042원 -0.99% ▲매수 (+0.294)
    ST 하락추세 ─홀드 (+0.000)
    RSI 37.9 (기준 30/74) ─홀드 (+0.000)
    BB 54,048~54,872원 현재 54,500원 ─홀드 (+0.000)  ← 중간 [─────●────] 55%
    DC  ─홀드  ← 미보유 또는 청산 조건 미해당 (+0.000)
    거래량  MA25대비 0.51x  ▼(penalty) (-0.0500)  ← 점수 조정 -0.0500
2026-09-29 14:30:33.021 | INFO     | stock_bot.live.runner:_tick:1546 - 123330 제닉 [ensemble] HOLD score=+0.00 B0/S0 | 현재가 23,300원 | 손절 -2.99%(ATR)
    VWAP 23,275원 +0.11% ─홀드 (+0.000)
    ST 하락추세 ─홀드 (+0.000)
    RSI 50.4 (기준 30/74) ─홀드 (+0.000)
    BB 23,114~23,373원 현재 23,300원 ─홀드 (+0.000)  ← 중간 [───────●──] 72%
    DC  ─홀드  ← 미보유 또는 청산 조건 미해당 (+0.000)
    거래량  MA25대비 0.61x  〰(neutral) (+0.0000)  ← 임계 미달 (기준 ≥1.2/≤0.7x) → 중립
2026-09-29 14:35:00.190 | INFO     | stock_bot.news.crawler:fetch_naver_news:207 - news relevance filter: 12 → 1 (제외 11건) [034020]
2026-09-29 14:35:00.191 | INFO     | stock_bot.news.crawler:fetch_naver_news:212 - fetched 1 news items for 034020
2026-09-29 14:35:00.197 | DEBUG    | stock_bot.live.runner:_news_tick:840 - news 034020 new=0/1 (모두 중복)
2026-09-29 14:35:00.321 | INFO     | stock_bot.news.crawler:fetch_naver_news:207 - news relevance filter: 10 → 1 (제외 9건) [241560]
2026-09-29 14:35:00.322 | INFO     | stock_bot.news.crawler:fetch_naver_news:212 - fetched 1 news items for 241560
2026-09-29 14:35:00.327 | DEBUG    | stock_bot.live.runner:_news_tick:840 - news 241560 new=0/1 (모두 중복)
2026-09-29 14:35:00.450 | INFO     | stock_bot.news.crawler:fetch_naver_news:207 - news relevance filter: 3 → 1 (제외 2건) [123330]
2026-09-29 14:35:00.451 | INFO     | stock_bot.news.crawler:fetch_naver_news:212 - fetched 1 news items for 123330
2026-09-29 14:35:00.456 | DEBUG    | stock_bot.live.runner:_news_tick:840 - news 123330 new=0/1 (모두 중복)
2026-09-29 14:35:07.368 | INFO     | stock_bot.live.runner:_tick:1546 - 034020 두산에너빌리티 [ensemble] HOLD score=+0.31 B1/S0 | 현재가 78,950원 | 손절 -0.91%(ATR)
    VWAP 79,225원 -0.35% ─홀드 (+0.000)
    ST 하락추세 ─홀드 (+0.000)
    RSI 38.9 (기준 30/74) ─홀드 (+0.000)
    BB 78,891~79,224원 현재 78,950원 ▲매수 (+0.212)
    DC  ─홀드  ← 미보유 또는 청산 조건 미해당 (+0.000)
    거래량  MA25대비 1.29x  ▲(boost) (+0.1000)  ← 점수 조정 +0.1000
2026-09-29 14:35:14.506 | INFO     | stock_bot.live.runner:_tick:1546 - 241560 두산밥캣 [ensemble] HOLD score=+0.24 B1/S0 | 현재가 54,500원 | 손절 -1.84%(ATR)
    VWAP 55,038원 -0.98% ▲매수 (+0.294)
    ST 하락추세 ─홀드 (+0.000)
    RSI 37.8 (기준 30/74) ─홀드 (+0.000)
    BB 54,064~54,826원 현재 54,500원 ─홀드 (+0.000)  ← 중간 [─────●────] 57%
    DC  ─홀드  ← 미보유 또는 청산 조건 미해당 (+0.000)
    거래량  MA25대비 0.40x  ▼(penalty) (-0.0500)  ← 점수 조정 -0.0500
2026-09-29 14:35:21.562 | INFO     | stock_bot.live.runner:_tick:1546 - 123330 제닉 [ensemble] HOLD score=+0.00 B0/S0 | 현재가 23,250원 | 손절 -2.93%(ATR)
    VWAP 23,275원 -0.11% ─홀드 (+0.000)
    ST 하락추세 ─홀드 (+0.000)
    RSI 48.3 (기준 30/74) ─홀드 (+0.000)
    BB 23,118~23,369원 현재 23,250원 ─홀드 (+0.000)  ← 중간 [─────●────] 52%
    DC  ─홀드  ← 미보유 또는 청산 조건 미해당 (+0.000)
    거래량  MA25대비 0.47x  〰(neutral) (+0.0000)  ← 임계 미달 (기준 ≥1.2/≤0.7x) → 중립
2026-09-29 14:39:36.694 | INFO     | stock_bot.notify.metrics:start_metrics_server:30 - metrics server on :9100
2026-09-29 14:39:36.733 | INFO     | stock_bot.live.runner:_start_env_watcher:1835 - env watcher started (1s poll, scope=스톡봇)
2026-09-29 14:39:38.837 | INFO     | stock_bot.live.runner:run_live:1856 - live runner started, mode=모의투자 interval=5min
2026-09-29 14:39:38.864 | INFO     | stock_bot.live.runner:run_live:1922 - news crawl: 5min intraday (critical→instant tick), 60min off-hours (llm=True)
2026-09-29 14:39:38.870 | INFO     | stock_bot.live.runner:run_live:1939 - daily review scheduled: mon-fri 15:35 KST
2026-09-29 14:39:38.873 | INFO     | stock_bot.live.runner:run_live:1949 - cost report scheduled: daily 00:00 KST
2026-09-29 14:39:38.876 | INFO     | stock_bot.live.runner:run_live:1959 - daily backup scheduled: daily 00:05 KST
2026-09-29 14:40:30.129 | INFO     | stock_bot.live.runner:_is_trading_day:661 - 거래일 판정 2026-09-29 → 거래일 (출처: exchange_calendars)
2026-09-29 14:40:56.623 | INFO     | stock_bot.news.crawler:fetch_naver_news:207 - news relevance filter: 12 → 1 (제외 11건) [034020]
2026-09-29 14:40:56.634 | INFO     | stock_bot.news.crawler:fetch_naver_news:212 - fetched 1 news items for 034020
2026-09-29 14:40:56.698 | DEBUG    | stock_bot.live.runner:_news_tick:840 - news 034020 new=0/1 (모두 중복)
2026-09-29 14:40:57.006 | INFO     | stock_bot.news.crawler:fetch_naver_news:207 - news relevance filter: 10 → 1 (제외 9건) [241560]
2026-09-29 14:40:57.018 | INFO     | stock_bot.news.crawler:fetch_naver_news:212 - fetched 1 news items for 241560
2026-09-29 14:40:57.064 | DEBUG    | stock_bot.live.runner:_news_tick:840 - news 241560 new=0/1 (모두 중복)
2026-09-29 14:40:57.369 | INFO     | stock_bot.news.crawler:fetch_naver_news:207 - news relevance filter: 3 → 1 (제외 2건) [123330]
2026-09-29 14:40:57.379 | INFO     | stock_bot.news.crawler:fetch_naver_news:212 - fetched 1 news items for 123330
2026-09-29 14:40:57.414 | DEBUG    | stock_bot.live.runner:_news_tick:840 - news 123330 new=0/1 (모두 중복)
2026-09-29 14:41:47.038 | INFO     | stock_bot.live.runner:_tick:1546 - 034020 두산에너빌리티 [ensemble] HOLD score=+0.31 B1/S0 | 현재가 78,800원 | 손절 -0.97%(ATR)
    VWAP 79,208원 -0.52% ─홀드 (+0.000)
    ST 하락추세 ─홀드 (+0.000)
    RSI 35.5 (기준 30/74) ─홀드 (+0.000)
    BB 78,785~79,265원 현재 78,800원 ▲매수 (+0.212)
    DC  ─홀드  ← 미보유 또는 청산 조건 미해당 (+0.000)
    거래량  MA25대비 2.13x  ▲(boost) (+0.1000)  ← 점수 조정 +0.1000
2026-09-29 14:42:04.627 | INFO     | stock_bot.live.runner:_tick:1546 - 241560 두산밥캣 [ensemble] HOLD score=+0.24 B1/S0 | 현재가 54,400원 | 손절 -1.96%(ATR)
    VWAP 55,031원 -1.15% ▲매수 (+0.294)
    ST 하락추세 ─홀드 (+0.000)
    RSI 35.0 (기준 30/74) ─홀드 (+0.000)
    BB 54,068~54,792원 현재 54,400원 ─홀드 (+0.000)  ← 중간 [────●─────] 46%
    DC  ─홀드  ← 미보유 또는 청산 조건 미해당 (+0.000)
    거래량  MA25대비 0.57x  ▼(penalty) (-0.0500)  ← 점수 조정 -0.0500
2026-09-29 14:42:47.722 | INFO     | stock_bot.live.runner:_tick:1546 - 123330 제닉 [ensemble] HOLD score=+0.00 B0/S0 | 현재가 23,300원 | 손절 -2.86%(ATR)
    VWAP 23,275원 +0.11% ─홀드 (+0.000)
    ST 하락추세 ─홀드 (+0.000)
    RSI 50.5 (기준 30/74) ─홀드 (+0.000)
    BB 23,132~23,371원 현재 23,300원 ─홀드 (+0.000)  ← 중간 [───────●──] 70%
    DC  ─홀드  ← 미보유 또는 청산 조건 미해당 (+0.000)
    거래량  MA25대비 0.18x  〰(neutral) (+0.0000)  ← 임계 미달 (기준 ≥1.2/≤0.7x) → 중립
2026-09-29 14:45:00.181 | INFO     | stock_bot.news.crawler:fetch_naver_news:207 - news relevance filter: 12 → 1 (제외 11건) [034020]
2026-09-29 14:45:00.182 | INFO     | stock_bot.news.crawler:fetch_naver_news:212 - fetched 1 news items for 034020
2026-09-29 14:45:00.187 | DEBUG    | stock_bot.live.runner:_news_tick:840 - news 034020 new=0/1 (모두 중복)
2026-09-29 14:45:00.318 | INFO     | stock_bot.news.crawler:fetch_naver_news:207 - news relevance filter: 10 → 1 (제외 9건) [241560]
2026-09-29 14:45:00.319 | INFO     | stock_bot.news.crawler:fetch_naver_news:212 - fetched 1 news items for 241560
2026-09-29 14:45:00.325 | DEBUG    | stock_bot.live.runner:_news_tick:840 - news 241560 new=0/1 (모두 중복)
2026-09-29 14:45:00.452 | INFO     | stock_bot.news.crawler:fetch_naver_news:207 - news relevance filter: 3 → 1 (제외 2건) [123330]
2026-09-29 14:45:00.453 | INFO     | stock_bot.news.crawler:fetch_naver_news:212 - fetched 1 news items for 123330
2026-09-29 14:45:00.458 | DEBUG    | stock_bot.live.runner:_news_tick:840 - news 123330 new=0/1 (모두 중복)
2026-09-29 14:45:25.732 | INFO     | stock_bot.live.runner:_tick:1546 - 034020 두산에너빌리티 [ensemble] HOLD score=+0.00 B0/S0 | 현재가 78,900원 | 손절 -1.03%(ATR)
    VWAP 79,202원 -0.38% ─홀드 (+0.000)
    ST 하락추세 ─홀드 (+0.000)
    RSI 41.5 (기준 30/74) ─홀드 (+0.000)
    BB 78,804~79,246원 현재 78,900원 ─홀드 (+0.000)  ← 하단근접 [──●───────] 22%
    DC  ─홀드  ← 미보유 또는 청산 조건 미해당 (+0.000)
    거래량  MA25대비 1.42x  〰(neutral) (+0.0000)  ← 임계 미달 (기준 ≥1.2/≤0.7x) → 중립
2026-09-29 14:45:40.631 | INFO     | stock_bot.live.runner:_tick:1546 - 241560 두산밥캣 [ensemble] HOLD score=+0.24 B1/S0 | 현재가 54,400원 | 손절 -1.89%(ATR)
    VWAP 55,026원 -1.14% ▲매수 (+0.294)
    ST 하락추세 ─홀드 (+0.000)
    RSI 34.8 (기준 30/74) ─홀드 (+0.000)
    BB 54,079~54,761원 현재 54,400원 ─홀드 (+0.000)  ← 중간 [────●─────] 47%
    DC  ─홀드  ← 미보유 또는 청산 조건 미해당 (+0.000)
    거래량  MA25대비 0.47x  ▼(penalty) (-0.0500)  ← 점수 조정 -0.0500
2026-09-29 14:45:56.184 | INFO     | stock_bot.live.runner:_tick:1546 - 123330 제닉 [ensemble] HOLD score=+0.00 B0/S0 | 현재가 23,250원 | 손절 -2.74%(ATR)
    VWAP 23,275원 -0.11% ─홀드 (+0.000)
    ST 하락추세 ─홀드 (+0.000)
    RSI 48.3 (기준 30/74) ─홀드 (+0.000)
    BB 23,146~23,366원 현재 23,250원 ─홀드 (+0.000)  ← 중간 [────●─────] 47%
    DC  ─홀드  ← 미보유 또는 청산 조건 미해당 (+0.000)
    거래량  MA25대비 0.47x  〰(neutral) (+0.0000)  ← 임계 미달 (기준 ≥1.2/≤0.7x) → 중립
2026-09-29 14:50:00.508 | INFO     | stock_bot.news.crawler:fetch_naver_news:207 - news relevance filter: 12 → 1 (제외 11건) [034020]
2026-09-29 14:50:00.532 | INFO     | stock_bot.news.crawler:fetch_naver_news:212 - fetched 1 news items for 034020
2026-09-29 14:50:00.546 | DEBUG    | stock_bot.live.runner:_news_tick:840 - news 034020 new=0/1 (모두 중복)
2026-09-29 14:50:00.738 | INFO     | stock_bot.news.crawler:fetch_naver_news:207 - news relevance filter: 10 → 1 (제외 9건) [241560]
2026-09-29 14:50:00.739 | INFO     | stock_bot.news.crawler:fetch_naver_news:212 - fetched 1 news items for 241560
2026-09-29 14:50:00.748 | DEBUG    | stock_bot.live.runner:_news_tick:840 - news 241560 new=0/1 (모두 중복)
2026-09-29 14:50:00.975 | INFO     | stock_bot.news.crawler:fetch_naver_news:207 - news relevance filter: 3 → 1 (제외 2건) [123330]
2026-09-29 14:50:00.976 | INFO     | stock_bot.news.crawler:fetch_naver_news:212 - fetched 1 news items for 123330
2026-09-29 14:50:00.986 | DEBUG    | stock_bot.live.runner:_news_tick:840 - news 123330 new=0/1 (모두 중복)
2026-09-29 14:50:22.455 | INFO     | stock_bot.live.runner:_tick:1546 - 034020 두산에너빌리티 [ensemble] HOLD score=+0.00 B0/S0 | 현재가 78,900원 | 손절 -1.04%(ATR)
    VWAP 79,199원 -0.38% ─홀드 (+0.000)
    ST 하락추세 ─홀드 (+0.000)
    RSI 41.3 (기준 30/74) ─홀드 (+0.000)
    BB 78,790~79,240원 현재 78,900원 ─홀드 (+0.000)  ← 하단근접 [──●───────] 24%
    DC  ─홀드  ← 미보유 또는 청산 조건 미해당 (+0.000)
    거래량  MA25대비 0.58x  〰(neutral) (+0.0000)  ← 임계 미달 (기준 ≥1.2/≤0.7x) → 중립
2026-09-29 14:50:24.549 | INFO     | stock_bot.live.runner:_tick:1546 - 241560 두산밥캣 [ensemble] HOLD score=+0.29 B1/S0 | 현재가 54,600원 | 손절 -1.87%(ATR)
    VWAP 55,018원 -0.76% ▲매수 (+0.294)
    ST 하락추세 ─홀드 (+0.000)
    RSI 43.0 (기준 30/74) ─홀드 (+0.000)
    BB 54,082~54,768원 현재 54,600원 ─홀드 (+0.000)  ← 상단근접 [───────●──] 76%
    DC  ─홀드  ← 미보유 또는 청산 조건 미해당 (+0.000)
    거래량  MA25대비 0.76x  〰(neutral) (+0.0000)  ← 임계 미달 (기준 ≥1.2/≤0.7x) → 중립
2026-09-29 14:50:27.218 | INFO     | stock_bot.live.runner:_tick:1546 - 123330 제닉 [ensemble] HOLD score=+0.00 B0/S0 | 현재가 23,200원 | 손절 -2.70%(ATR)
    VWAP 23,275원 -0.32% ─홀드 (+0.000)
    ST 하락추세 ─홀드 (+0.000)
    RSI 46.2 (기준 30/74) ─홀드 (+0.000)
    BB 23,158~23,364원 현재 23,200원 ─홀드 (+0.000)  ← 하단근접 [──●───────] 20%
    DC  ─홀드  ← 미보유 또는 청산 조건 미해당 (+0.000)
    거래량  MA25대비 0.79x  〰(neutral) (+0.0000)  ← 임계 미달 (기준 ≥1.2/≤0.7x) → 중립
2026-09-29 14:55:00.179 | INFO     | stock_bot.news.crawler:fetch_naver_news:207 - news relevance filter: 12 → 1 (제외 11건) [034020]
2026-09-29 14:55:00.190 | INFO     | stock_bot.news.crawler:fetch_naver_news:212 - fetched 1 news items for 034020
2026-09-29 14:55:00.197 | DEBUG    | stock_bot.live.runner:_news_tick:840 - news 034020 new=0/1 (모두 중복)
2026-09-29 14:55:00.364 | INFO     | stock_bot.news.crawler:fetch_naver_news:207 - news relevance filter: 10 → 1 (제외 9건) [241560]
2026-09-29 14:55:00.365 | INFO     | stock_bot.news.crawler:fetch_naver_news:212 - fetched 1 news items for 241560
2026-09-29 14:55:00.372 | DEBUG    | stock_bot.live.runner:_news_tick:840 - news 241560 new=0/1 (모두 중복)
2026-09-29 14:55:00.525 | INFO     | stock_bot.news.crawler:fetch_naver_news:207 - news relevance filter: 3 → 1 (제외 2건) [123330]
2026-09-29 14:55:00.526 | INFO     | stock_bot.news.crawler:fetch_naver_news:212 - fetched 1 news items for 123330
2026-09-29 14:55:00.532 | DEBUG    | stock_bot.live.runner:_news_tick:840 - news 123330 new=0/1 (모두 중복)
2026-09-29 14:55:04.190 | INFO     | stock_bot.live.runner:_tick:1546 - 034020 두산에너빌리티 [ensemble] HOLD score=+0.00 B0/S0 | 현재가 78,950원 | 손절 -1.03%(ATR)
    VWAP 79,195원 -0.31% ─홀드 (+0.000)
    ST 하락추세 ─홀드 (+0.000)
    RSI 43.3 (기준 30/74) ─홀드 (+0.000)
    BB 78,788~79,222원 현재 78,950원 ─홀드 (+0.000)  ← 중간 [───●──────] 37%
    DC  ─홀드  ← 미보유 또는 청산 조건 미해당 (+0.000)
    거래량  MA25대비 0.94x  〰(neutral) (+0.0000)  ← 임계 미달 (기준 ≥1.2/≤0.7x) → 중립
2026-09-29 14:55:06.558 | INFO     | stock_bot.live.runner:_tick:1546 - 241560 두산밥캣 [ensemble] HOLD score=+0.36 B1/S0 | 현재가 54,900원 | 손절 -1.98%(ATR)
    VWAP 55,012원 -0.20% ─홀드 (+0.000)
    ST 하락→상승전환 ▲매수 (+0.259)
    RSI 54.3 (기준 30/74) ─홀드 (+0.000)
    BB 54,017~54,883원 현재 54,900원 ─홀드 (+0.000)  ← 상단근접 [─────────●] 102%
    DC  ─홀드  ← 미보유 또는 청산 조건 미해당 (+0.000)
    거래량  MA25대비 1.29x  ▲(boost) (+0.1000)  ← 점수 조정 +0.1000
2026-09-29 14:55:08.311 | INFO     | stock_bot.live.runner:_tick:1546 - 123330 제닉 [ensemble] HOLD score=+0.00 B0/S0 | 현재가 23,350원 | 손절 -2.72%(ATR)
    VWAP 23,275원 +0.32% ─홀드 (+0.000)
    ST 하락추세 ─홀드 (+0.000)
    RSI 52.7 (기준 30/74) ─홀드 (+0.000)
    BB 23,163~23,375원 현재 23,350원 ─홀드 (+0.000)  ← 상단근접 [────────●─] 88%
    DC  ─홀드  ← 미보유 또는 청산 조건 미해당 (+0.000)
    거래량  MA25대비 1.93x  〰(neutral) (+0.0000)  ← 임계 미달 (기준 ≥1.2/≤0.7x) → 중립
2026-09-29 15:00:00.189 | INFO     | stock_bot.news.crawler:fetch_naver_news:207 - news relevance filter: 12 → 1 (제외 11건) [034020]
2026-09-29 15:00:00.202 | INFO     | stock_bot.news.crawler:fetch_naver_news:212 - fetched 1 news items for 034020
2026-09-29 15:00:00.209 | DEBUG    | stock_bot.live.runner:_news_tick:840 - news 034020 new=0/1 (모두 중복)
2026-09-29 15:00:00.363 | INFO     | stock_bot.news.crawler:fetch_naver_news:207 - news relevance filter: 10 → 1 (제외 9건) [241560]
2026-09-29 15:00:00.365 | INFO     | stock_bot.news.crawler:fetch_naver_news:212 - fetched 1 news items for 241560
2026-09-29 15:00:00.373 | DEBUG    | stock_bot.live.runner:_news_tick:840 - news 241560 new=0/1 (모두 중복)
2026-09-29 15:00:00.526 | INFO     | stock_bot.news.crawler:fetch_naver_news:207 - news relevance filter: 3 → 1 (제외 2건) [123330]
2026-09-29 15:00:00.527 | INFO     | stock_bot.news.crawler:fetch_naver_news:212 - fetched 1 news items for 123330
2026-09-29 15:00:00.534 | DEBUG    | stock_bot.live.runner:_news_tick:840 - news 123330 new=0/1 (모두 중복)
2026-09-29 15:00:07.646 | INFO     | stock_bot.live.runner:_tick:1546 - 034020 두산에너빌리티 [ensemble] HOLD score=+0.00 B0/S0 | 현재가 78,900원 | 손절 -1.03%(ATR)
    VWAP 79,191원 -0.37% ─홀드 (+0.000)
    ST 하락추세 ─홀드 (+0.000)
    RSI 41.2 (기준 30/74) ─홀드 (+0.000)
    BB 78,776~79,204원 현재 78,900원 ─홀드 (+0.000)  ← 중간 [──●───────] 29%
    DC  ─홀드  ← 미보유 또는 청산 조건 미해당 (+0.000)
    거래량  MA25대비 1.04x  〰(neutral) (+0.0000)  ← 임계 미달 (기준 ≥1.2/≤0.7x) → 중립
2026-09-29 15:00:11.215 | INFO     | stock_bot.live.runner:_tick:1546 - 241560 두산밥캣 [ensemble] HOLD score=+0.00 B0/S0 | 현재가 55,000원 | 손절 -1.96%(ATR)
    VWAP 55,011원 -0.02% ─홀드 (+0.000)
    ST 상승추세 ─홀드 (+0.000)
    RSI 57.3 (기준 30/74) ─홀드 (+0.000)
    BB 53,963~54,977원 현재 55,000원 ─홀드 (+0.000)  ← 상단근접 [─────────●] 102%
    DC  ─홀드  ← 미보유 또는 청산 조건 미해당 (+0.000)
    거래량  MA25대비 0.53x  〰(neutral) (+0.0000)  ← 임계 미달 (기준 ≥1.2/≤0.7x) → 중립
2026-09-29 15:00:13.127 | INFO     | stock_bot.live.runner:_tick:1546 - 123330 제닉 [ensemble] HOLD score=+0.00 B0/S0 | 현재가 23,300원 | 손절 -2.60%(ATR)
    VWAP 23,275원 +0.11% ─홀드 (+0.000)
    ST 하락추세 ─홀드 (+0.000)
    RSI 50.3 (기준 30/74) ─홀드 (+0.000)
    BB 23,163~23,375원 현재 23,300원 ─홀드 (+0.000)  ← 중간 [──────●───] 65%
    DC  ─홀드  ← 미보유 또는 청산 조건 미해당 (+0.000)
    거래량  MA25대비 0.24x  〰(neutral) (+0.0000)  ← 임계 미달 (기준 ≥1.2/≤0.7x) → 중립
2026-09-29 15:05:01.664 | INFO     | stock_bot.news.crawler:fetch_naver_news:207 - news relevance filter: 12 → 1 (제외 11건) [034020]
2026-09-29 15:05:01.681 | INFO     | stock_bot.news.crawler:fetch_naver_news:212 - fetched 1 news items for 034020
2026-09-29 15:05:01.695 | DEBUG    | stock_bot.live.runner:_news_tick:840 - news 034020 new=0/1 (모두 중복)
2026-09-29 15:05:01.916 | INFO     | stock_bot.news.crawler:fetch_naver_news:207 - news relevance filter: 10 → 1 (제외 9건) [241560]
2026-09-29 15:05:01.921 | INFO     | stock_bot.news.crawler:fetch_naver_news:212 - fetched 1 news items for 241560
2026-09-29 15:05:01.928 | DEBUG    | stock_bot.live.runner:_news_tick:840 - news 241560 new=0/1 (모두 중복)
2026-09-29 15:05:02.097 | INFO     | stock_bot.news.crawler:fetch_naver_news:207 - news relevance filter: 3 → 1 (제외 2건) [123330]
2026-09-29 15:05:02.099 | INFO     | stock_bot.news.crawler:fetch_naver_news:212 - fetched 1 news items for 123330
2026-09-29 15:05:02.108 | DEBUG    | stock_bot.live.runner:_news_tick:840 - news 123330 new=0/1 (모두 중복)
2026-09-29 15:05:43.028 | INFO     | stock_bot.live.runner:_tick:1546 - 034020 두산에너빌리티 [ensemble] HOLD score=+0.00 B0/S0 | 현재가 79,200원 | 손절 -1.16%(ATR)
    VWAP 79,190원 +0.01% ─홀드 (+0.000)
    ST 하락추세 ─홀드 (+0.000)
    RSI 52.1 (기준 30/74) ─홀드 (+0.000)
    BB 78,768~79,252원 현재 79,200원 ─홀드 (+0.000)  ← 상단근접 [────────●─] 89%
    DC  ─홀드  ← 미보유 또는 청산 조건 미해당 (+0.000)
    거래량  MA25대비 1.88x  〰(neutral) (+0.0000)  ← 임계 미달 (기준 ≥1.2/≤0.7x) → 중립
2026-09-29 15:05:45.168 | INFO     | stock_bot.live.runner:_tick:1546 - 241560 두산밥캣 [ensemble] HOLD score=+0.00 B0/S0 | 현재가 54,900원 | 손절 -2.01%(ATR)
    VWAP 55,009원 -0.20% ─홀드 (+0.000)
    ST 상승추세 ─홀드 (+0.000)
    RSI 53.6 (기준 30/74) ─홀드 (+0.000)
    BB 53,967~55,013원 현재 54,900원 ─홀드 (+0.000)  ← 상단근접 [────────●─] 89%
    DC  ─홀드  ← 미보유 또는 청산 조건 미해당 (+0.000)
    거래량  MA25대비 0.68x  〰(neutral) (+0.0000)  ← 임계 미달 (기준 ≥1.2/≤0.7x) → 중립
2026-09-29 15:05:47.199 | INFO     | stock_bot.live.runner:_tick:1546 - 123330 제닉 [ensemble] HOLD score=+0.00 B0/S0 | 현재가 23,400원 | 손절 -2.55%(ATR)
    VWAP 23,276원 +0.53% ─홀드 (+0.000)
    ST 하락추세 ─홀드 (+0.000)
    RSI 54.8 (기준 30/74) ─홀드 (+0.000)
    BB 23,147~23,405원 현재 23,400원 ─홀드 (+0.000)  ← 상단근접 [─────────●] 98%
    DC  ─홀드  ← 미보유 또는 청산 조건 미해당 (+0.000)
    거래량  MA25대비 0.32x  〰(neutral) (+0.0000)  ← 임계 미달 (기준 ≥1.2/≤0.7x) → 중립
2026-09-29 15:10:00.214 | INFO     | stock_bot.news.crawler:fetch_naver_news:207 - news relevance filter: 12 → 1 (제외 11건) [034020]
2026-09-29 15:10:00.216 | INFO     | stock_bot.news.crawler:fetch_naver_news:212 - fetched 1 news items for 034020
2026-09-29 15:10:00.222 | DEBUG    | stock_bot.live.runner:_news_tick:840 - news 034020 new=0/1 (모두 중복)
2026-09-29 15:10:00.363 | INFO     | stock_bot.news.crawler:fetch_naver_news:207 - news relevance filter: 10 → 1 (제외 9건) [241560]
2026-09-29 15:10:00.364 | INFO     | stock_bot.news.crawler:fetch_naver_news:212 - fetched 1 news items for 241560
2026-09-29 15:10:00.370 | DEBUG    | stock_bot.live.runner:_news_tick:840 - news 241560 new=0/1 (모두 중복)
2026-09-29 15:10:00.512 | INFO     | stock_bot.news.crawler:fetch_naver_news:207 - news relevance filter: 3 → 1 (제외 2건) [123330]
2026-09-29 15:10:00.513 | INFO     | stock_bot.news.crawler:fetch_naver_news:212 - fetched 1 news items for 123330
2026-09-29 15:10:00.521 | DEBUG    | stock_bot.live.runner:_news_tick:840 - news 123330 new=0/1 (모두 중복)
2026-09-29 15:10:26.615 | INFO     | stock_bot.live.runner:_tick:1546 - 034020 두산에너빌리티 [ensemble] HOLD score=+0.26 B1/S0 | 현재가 79,500원 | 손절 -1.20%(ATR)
    VWAP 79,194원 +0.39% ─홀드 (+0.000)
    ST 하락→상승전환 ▲매수 (+0.259)
    RSI 60.2 (기준 30/74) ─홀드 (+0.000)
    BB 78,682~79,398원 현재 79,500원 ─홀드 (+0.000)  ← 상단근접 [─────────●] 114%
    DC  ─홀드  ← 미보유 또는 청산 조건 미해당 (+0.000)
    거래량  MA25대비 1.20x  〰(neutral) (+0.0000)  ← 임계 미달 (기준 ≥1.2/≤0.7x) → 중립
2026-09-29 15:10:42.947 | INFO     | stock_bot.live.runner:_tick:1546 - 241560 두산밥캣 [ensemble] HOLD score=+0.00 B0/S0 | 현재가 54,900원 | 손절 -1.99%(ATR)
    VWAP 55,009원 -0.20% ─홀드 (+0.000)
    ST 상승추세 ─홀드 (+0.000)
    RSI 53.0 (기준 30/74) ─홀드 (+0.000)
    BB 53,952~55,088원 현재 54,900원 ─홀드 (+0.000)  ← 상단근접 [────────●─] 83%
    DC  ─홀드  ← 미보유 또는 청산 조건 미해당 (+0.000)
    거래량  MA25대비 0.46x  〰(neutral) (+0.0000)  ← 임계 미달 (기준 ≥1.2/≤0.7x) → 중립
2026-09-29 15:10:54.633 | INFO     | stock_bot.live.runner:_tick:1546 - 123330 제닉 [ensemble] HOLD score=+0.00 B0/S0 | 현재가 23,450원 | 손절 -2.66%(ATR)
    VWAP 23,276원 +0.75% ─홀드 (+0.000)
    ST 하락추세 ─홀드 (+0.000)
    RSI 56.9 (기준 30/74) ─홀드 (+0.000)
    BB 23,143~23,434원 현재 23,450원 ─홀드 (+0.000)  ← 상단근접 [─────────●] 105%
    DC  ─홀드  ← 미보유 또는 청산 조건 미해당 (+0.000)
    거래량  MA25대비 0.52x  〰(neutral) (+0.0000)  ← 임계 미달 (기준 ≥1.2/≤0.7x) → 중립
2026-09-29 15:15:00.179 | INFO     | stock_bot.news.crawler:fetch_naver_news:207 - news relevance filter: 12 → 1 (제외 11건) [034020]
2026-09-29 15:15:00.180 | INFO     | stock_bot.news.crawler:fetch_naver_news:212 - fetched 1 news items for 034020
2026-09-29 15:15:00.185 | DEBUG    | stock_bot.live.runner:_news_tick:840 - news 034020 new=0/1 (모두 중복)
2026-09-29 15:15:00.322 | INFO     | stock_bot.news.crawler:fetch_naver_news:207 - news relevance filter: 10 → 1 (제외 9건) [241560]
2026-09-29 15:15:00.323 | INFO     | stock_bot.news.crawler:fetch_naver_news:212 - fetched 1 news items for 241560
2026-09-29 15:15:00.328 | DEBUG    | stock_bot.live.runner:_news_tick:840 - news 241560 new=0/1 (모두 중복)
2026-09-29 15:15:00.455 | INFO     | stock_bot.news.crawler:fetch_naver_news:207 - news relevance filter: 3 → 1 (제외 2건) [123330]
2026-09-29 15:15:00.456 | INFO     | stock_bot.news.crawler:fetch_naver_news:212 - fetched 1 news items for 123330
2026-09-29 15:15:00.463 | DEBUG    | stock_bot.live.runner:_news_tick:840 - news 123330 new=0/1 (모두 중복)
2026-09-29 15:15:30.115 | INFO     | stock_bot.live.runner:_tick:1546 - 034020 두산에너빌리티 [ensemble] HOLD score=+0.00 B0/S0 | 현재가 79,600원 | 손절 -1.24%(ATR)
    VWAP 79,200원 +0.51% ─홀드 (+0.000)
    ST 상승추세 ─홀드 (+0.000)
    RSI 61.0 (기준 30/74) ─홀드 (+0.000)
    BB 78,588~79,552원 현재 79,600원 ─홀드 (+0.000)  ← 상단근접 [─────────●] 105%
    DC  ─홀드  ← 미보유 또는 청산 조건 미해당 (+0.000)
    거래량  MA25대비 0.86x  〰(neutral) (+0.0000)  ← 임계 미달 (기준 ≥1.2/≤0.7x) → 중립
2026-09-29 15:15:47.604 | INFO     | stock_bot.live.runner:_tick:1546 - 241560 두산밥캣 [ensemble] HOLD score=+0.00 B0/S0 | 현재가 55,200원 | 손절 -2.15%(ATR)
    VWAP 55,013원 +0.34% ─홀드 (+0.000)
    ST 상승추세 ─홀드 (+0.000)
    RSI 60.3 (기준 30/74) ─홀드 (+0.000)
    BB 53,901~55,279원 현재 55,200원 ─홀드 (+0.000)  ← 상단근접 [─────────●] 94%
    DC  ─홀드  ← 미보유 또는 청산 조건 미해당 (+0.000)
    거래량  MA25대비 1.07x  〰(neutral) (+0.0000)  ← 임계 미달 (기준 ≥1.2/≤0.7x) → 중립
2026-09-29 15:16:04.096 | INFO     | stock_bot.live.runner:_tick:1546 - 123330 제닉 [ensemble] HOLD score=+0.00 B0/S0 | 현재가 23,450원 | 손절 -2.69%(ATR)
    VWAP 23,279원 +0.73% ─홀드 (+0.000)
    ST 하락추세 ─홀드 (+0.000)
    RSI 56.2 (기준 30/74) ─홀드 (+0.000)
    BB 23,137~23,471원 현재 23,450원 ─홀드 (+0.000)  ← 상단근접 [─────────●] 94%
    DC  ─홀드  ← 미보유 또는 청산 조건 미해당 (+0.000)
    거래량  MA25대비 1.25x  〰(neutral) (+0.0000)  ← 임계 미달 (기준 ≥1.2/≤0.7x) → 중립
2026-09-29 15:20:00.184 | INFO     | stock_bot.news.crawler:fetch_naver_news:207 - news relevance filter: 13 → 1 (제외 12건) [034020]
2026-09-29 15:20:00.185 | INFO     | stock_bot.news.crawler:fetch_naver_news:212 - fetched 1 news items for 034020
2026-09-29 15:20:00.190 | DEBUG    | stock_bot.live.runner:_news_tick:840 - news 034020 new=0/1 (모두 중복)
2026-09-29 15:20:00.317 | INFO     | stock_bot.news.crawler:fetch_naver_news:207 - news relevance filter: 10 → 1 (제외 9건) [241560]
2026-09-29 15:20:00.318 | INFO     | stock_bot.news.crawler:fetch_naver_news:212 - fetched 1 news items for 241560
2026-09-29 15:20:00.323 | DEBUG    | stock_bot.live.runner:_news_tick:840 - news 241560 new=0/1 (모두 중복)
2026-09-29 15:20:00.446 | INFO     | stock_bot.news.crawler:fetch_naver_news:207 - news relevance filter: 3 → 1 (제외 2건) [123330]
2026-09-29 15:20:00.447 | INFO     | stock_bot.news.crawler:fetch_naver_news:212 - fetched 1 news items for 123330
2026-09-29 15:20:00.452 | DEBUG    | stock_bot.live.runner:_news_tick:840 - news 123330 new=0/1 (모두 중복)
2026-09-29 15:20:30.393 | INFO     | stock_bot.live.runner:_tick:1546 - 034020 두산에너빌리티 [ensemble] HOLD score=+0.00 B0/S0 | 현재가 79,600원 | 손절 -1.29%(ATR)
    VWAP 79,208원 +0.50% ─홀드 (+0.000)
    ST 상승추세 ─홀드 (+0.000)
    RSI 61.0 (기준 30/74) ─홀드 (+0.000)
    BB 78,558~79,632원 현재 79,600원 ─홀드 (+0.000)  ← 상단근접 [─────────●] 97%
    DC  ─홀드  ← 미보유 또는 청산 조건 미해당 (+0.000)
    거래량  MA25대비 0.87x  〰(neutral) (+0.0000)  ← 임계 미달 (기준 ≥1.2/≤0.7x) → 중립
2026-09-29 15:20:42.828 | INFO     | stock_bot.live.runner:_tick:1546 - 241560 두산밥캣 [ensemble] HOLD score=+0.00 B0/S0 | 현재가 55,000원 | 손절 -2.25%(ATR)
    VWAP 55,018원 -0.03% ─홀드 (+0.000)
    ST 상승추세 ─홀드 (+0.000)
    RSI 53.8 (기준 30/74) ─홀드 (+0.000)
    BB 53,929~55,341원 현재 55,000원 ─홀드 (+0.000)  ← 상단근접 [───────●──] 76%
    DC  ─홀드  ← 미보유 또는 청산 조건 미해당 (+0.000)
    거래량  MA25대비 0.99x  〰(neutral) (+0.0000)  ← 임계 미달 (기준 ≥1.2/≤0.7x) → 중립
2026-09-29 15:20:50.194 | INFO     | stock_bot.live.runner:_tick:1546 - 123330 제닉 [ensemble] HOLD score=+0.21 B1/S0 | 현재가 23,500원 | 손절 -2.71%(ATR)
    VWAP 23,282원 +0.94% ─홀드 (+0.000)
    ST 하락→상승전환 ▲매수 (+0.259)
    RSI 57.9 (기준 30/74) ─홀드 (+0.000)
    BB 23,108~23,524원 현재 23,500원 ─홀드 (+0.000)  ← 상단근접 [─────────●] 94%
    DC  ─홀드  ← 미보유 또는 청산 조건 미해당 (+0.000)
    거래량  MA25대비 0.56x  ▼(penalty) (-0.0500)  ← 점수 조정 -0.0500
2026-09-29 15:25:00.178 | INFO     | stock_bot.news.crawler:fetch_naver_news:207 - news relevance filter: 13 → 1 (제외 12건) [034020]
2026-09-29 15:25:00.179 | INFO     | stock_bot.news.crawler:fetch_naver_news:212 - fetched 1 news items for 034020
2026-09-29 15:25:00.184 | DEBUG    | stock_bot.live.runner:_news_tick:840 - news 034020 new=0/1 (모두 중복)
2026-09-29 15:25:00.301 | INFO     | stock_bot.news.crawler:fetch_naver_news:207 - news relevance filter: 10 → 1 (제외 9건) [241560]
2026-09-29 15:25:00.301 | INFO     | stock_bot.news.crawler:fetch_naver_news:212 - fetched 1 news items for 241560
2026-09-29 15:25:00.306 | DEBUG    | stock_bot.live.runner:_news_tick:840 - news 241560 new=0/1 (모두 중복)
2026-09-29 15:25:00.434 | INFO     | stock_bot.news.crawler:fetch_naver_news:207 - news relevance filter: 3 → 1 (제외 2건) [123330]
2026-09-29 15:25:00.434 | INFO     | stock_bot.news.crawler:fetch_naver_news:212 - fetched 1 news items for 123330
2026-09-29 15:25:00.439 | DEBUG    | stock_bot.live.runner:_news_tick:840 - news 123330 new=0/1 (모두 중복)
2026-09-29 15:25:12.811 | INFO     | stock_bot.live.runner:_tick:1546 - 034020 두산에너빌리티 [ensemble] HOLD score=+0.00 B0/S0 | 현재가 79,600원 | 손절 -1.20%(ATR)
    VWAP 79,208원 +0.50% ─홀드 (+0.000)
    ST 상승추세 ─홀드 (+0.000)
    RSI 60.9 (기준 30/74) ─홀드 (+0.000)
    BB 78,545~79,705원 현재 79,600원 ─홀드 (+0.000)  ← 상단근접 [─────────●] 91%
    DC  ─홀드  ← 미보유 또는 청산 조건 미해당 (+0.000)
    거래량  MA25대비 0.87x  〰(neutral) (+0.0000)  ← 임계 미달 (기준 ≥1.2/≤0.7x) → 중립
2026-09-29 15:25:14.828 | INFO     | stock_bot.live.runner:_tick:1546 - 241560 두산밥캣 [ensemble] HOLD score=+0.00 B0/S0 | 현재가 55,000원 | 손절 -2.11%(ATR)
    VWAP 55,018원 -0.03% ─홀드 (+0.000)
    ST 상승추세 ─홀드 (+0.000)
    RSI 53.3 (기준 30/74) ─홀드 (+0.000)
    BB 53,956~55,424원 현재 55,000원 ─홀드 (+0.000)  ← 중간 [───────●──] 71%
    DC  ─홀드  ← 미보유 또는 청산 조건 미해당 (+0.000)
    거래량  MA25대비 0.99x  〰(neutral) (+0.0000)  ← 임계 미달 (기준 ≥1.2/≤0.7x) → 중립
2026-09-29 15:25:16.543 | INFO     | stock_bot.live.runner:_tick:1546 - 123330 제닉 [ensemble] HOLD score=+0.00 B0/S0 | 현재가 23,500원 | 손절 -2.53%(ATR)
    VWAP 23,282원 +0.94% ─홀드 (+0.000)
    ST 상승추세 ─홀드 (+0.000)
    RSI 57.6 (기준 30/74) ─홀드 (+0.000)
    BB 23,101~23,561원 현재 23,500원 ─홀드 (+0.000)  ← 상단근접 [────────●─] 87%
    DC  ─홀드  ← 미보유 또는 청산 조건 미해당 (+0.000)
    거래량  MA25대비 0.56x  〰(neutral) (+0.0000)  ← 임계 미달 (기준 ≥1.2/≤0.7x) → 중립
2026-09-29 15:30:00.195 | INFO     | stock_bot.news.crawler:fetch_naver_news:207 - news relevance filter: 12 → 1 (제외 11건) [034020]
2026-09-29 15:30:00.196 | INFO     | stock_bot.news.crawler:fetch_naver_news:212 - fetched 1 news items for 034020
2026-09-29 15:30:00.201 | DEBUG    | stock_bot.live.runner:_news_tick:840 - news 034020 new=0/1 (모두 중복)
2026-09-29 15:30:00.321 | INFO     | stock_bot.news.crawler:fetch_naver_news:207 - news relevance filter: 10 → 1 (제외 9건) [241560]
2026-09-29 15:30:00.322 | INFO     | stock_bot.news.crawler:fetch_naver_news:212 - fetched 1 news items for 241560
2026-09-29 15:30:00.327 | DEBUG    | stock_bot.live.runner:_news_tick:840 - news 241560 new=0/1 (모두 중복)
2026-09-29 15:30:00.444 | INFO     | stock_bot.news.crawler:fetch_naver_news:207 - news relevance filter: 3 → 1 (제외 2건) [123330]
2026-09-29 15:30:00.445 | INFO     | stock_bot.news.crawler:fetch_naver_news:212 - fetched 1 news items for 123330
2026-09-29 15:30:00.450 | DEBUG    | stock_bot.live.runner:_news_tick:840 - news 123330 new=0/1 (모두 중복)
2026-09-29 15:30:06.138 | INFO     | stock_bot.live.runner:_tick:1546 - 034020 두산에너빌리티 [ensemble] HOLD score=+0.00 B0/S0 | 현재가 79,600원 | 손절 -1.12%(ATR)
    VWAP 79,208원 +0.50% ─홀드 (+0.000)
    ST 상승추세 ─홀드 (+0.000)
    RSI 61.0 (기준 30/74) ─홀드 (+0.000)
    BB 78,541~79,769원 현재 79,600원 ─홀드 (+0.000)  ← 상단근접 [────────●─] 86%
    DC  ─홀드  ← 미보유 또는 청산 조건 미해당 (+0.000)
    거래량  MA25대비 0.87x  〰(neutral) (+0.0000)  ← 임계 미달 (기준 ≥1.2/≤0.7x) → 중립
2026-09-29 15:30:11.517 | INFO     | stock_bot.live.runner:_tick:1546 - 241560 두산밥캣 [ensemble] HOLD score=+0.00 B0/S0 | 현재가 55,000원 | 손절 -1.97%(ATR)
    VWAP 55,018원 -0.03% ─홀드 (+0.000)
    ST 상승추세 ─홀드 (+0.000)
    RSI 53.1 (기준 30/74) ─홀드 (+0.000)
    BB 54,001~55,489원 현재 55,000원 ─홀드 (+0.000)  ← 중간 [──────●───] 67%
    DC  ─홀드  ← 미보유 또는 청산 조건 미해당 (+0.000)
    거래량  MA25대비 0.99x  〰(neutral) (+0.0000)  ← 임계 미달 (기준 ≥1.2/≤0.7x) → 중립
2026-09-29 15:30:13.751 | INFO     | stock_bot.live.runner:_tick:1546 - 123330 제닉 [ensemble] HOLD score=+0.00 B0/S0 | 현재가 23,500원 | 손절 -2.36%(ATR)
    VWAP 23,282원 +0.94% ─홀드 (+0.000)
    ST 상승추세 ─홀드 (+0.000)
    RSI 57.6 (기준 30/74) ─홀드 (+0.000)
    BB 23,108~23,590원 현재 23,500원 ─홀드 (+0.000)  ← 상단근접 [────────●─] 81%
    DC  ─홀드  ← 미보유 또는 청산 조건 미해당 (+0.000)
    거래량  MA25대비 0.56x  〰(neutral) (+0.0000)  ← 임계 미달 (기준 ≥1.2/≤0.7x) → 중립
2026-09-29 15:35:00.150 | INFO     | stock_bot.live.review:run_daily_review:553 - daily review 2026-09-29 — 0건
2026-09-29 15:42:57.713 | INFO     | stock_bot.notify.metrics:start_metrics_server:30 - metrics server on :9100
2026-09-29 15:42:57.718 | INFO     | stock_bot.live.runner:_start_env_watcher:1835 - env watcher started (1s poll, scope=스톡봇)
2026-09-29 15:42:59.486 | INFO     | stock_bot.live.runner:run_live:1856 - live runner started, mode=모의투자 interval=5min
2026-09-29 15:42:59.494 | INFO     | stock_bot.live.runner:run_live:1922 - news crawl: 5min intraday (critical→instant tick), 60min off-hours (llm=True)
2026-09-29 15:42:59.497 | INFO     | stock_bot.live.runner:run_live:1939 - daily review scheduled: mon-fri 15:35 KST
2026-09-29 15:42:59.499 | INFO     | stock_bot.live.runner:run_live:1949 - cost report scheduled: daily 00:00 KST
2026-09-29 15:42:59.500 | INFO     | stock_bot.live.runner:run_live:1959 - daily backup scheduled: daily 00:05 KST
2026-09-29 15:43:48.833 | INFO     | stock_bot.live.runner:_is_trading_day:661 - 거래일 판정 2026-09-29 → 거래일 (출처: exchange_calendars)
2026-09-29 15:43:49.144 | INFO     | stock_bot.news.crawler:fetch_naver_news:207 - news relevance filter: 12 → 1 (제외 11건) [034020]
2026-09-29 15:43:49.145 | INFO     | stock_bot.news.crawler:fetch_naver_news:212 - fetched 1 news items for 034020
2026-09-29 15:43:49.165 | DEBUG    | stock_bot.live.runner:_news_tick:840 - news 034020 new=0/1 (모두 중복)
2026-09-29 15:43:49.370 | INFO     | stock_bot.news.crawler:fetch_naver_news:207 - news relevance filter: 10 → 1 (제외 9건) [241560]
2026-09-29 15:43:49.371 | INFO     | stock_bot.news.crawler:fetch_naver_news:212 - fetched 1 news items for 241560
2026-09-29 15:43:49.382 | DEBUG    | stock_bot.live.runner:_news_tick:840 - news 241560 new=0/1 (모두 중복)
2026-09-29 15:43:49.578 | INFO     | stock_bot.news.crawler:fetch_naver_news:207 - news relevance filter: 3 → 1 (제외 2건) [123330]
2026-09-29 15:43:49.579 | INFO     | stock_bot.news.crawler:fetch_naver_news:212 - fetched 1 news items for 123330
2026-09-29 15:43:49.617 | DEBUG    | stock_bot.live.runner:_news_tick:840 - news 123330 new=0/1 (모두 중복)
2026-09-29 16:00:00.381 | INFO     | stock_bot.news.crawler:fetch_naver_news:207 - news relevance filter: 14 → 1 (제외 13건) [034020]
2026-09-29 16:00:00.390 | INFO     | stock_bot.news.crawler:fetch_naver_news:212 - fetched 1 news items for 034020
2026-09-29 16:00:00.399 | DEBUG    | stock_bot.live.runner:_news_tick:840 - news 034020 new=0/1 (모두 중복)
2026-09-29 16:00:00.539 | INFO     | stock_bot.news.crawler:fetch_naver_news:207 - news relevance filter: 10 → 1 (제외 9건) [241560]
2026-09-29 16:00:00.540 | INFO     | stock_bot.news.crawler:fetch_naver_news:212 - fetched 1 news items for 241560
2026-09-29 16:00:00.545 | DEBUG    | stock_bot.live.runner:_news_tick:840 - news 241560 new=0/1 (모두 중복)
2026-09-29 16:00:00.669 | INFO     | stock_bot.news.crawler:fetch_naver_news:207 - news relevance filter: 3 → 1 (제외 2건) [123330]
2026-09-29 16:00:00.670 | INFO     | stock_bot.news.crawler:fetch_naver_news:212 - fetched 1 news items for 123330
2026-09-29 16:00:00.675 | DEBUG    | stock_bot.live.runner:_news_tick:840 - news 123330 new=0/1 (모두 중복)
2026-09-29 17:00:00.626 | INFO     | stock_bot.notify.metrics:start_metrics_server:30 - metrics server on :9100
2026-09-29 17:00:00.641 | INFO     | stock_bot.live.runner:_start_env_watcher:1835 - env watcher started (1s poll, scope=스톡봇)
2026-09-29 17:00:02.957 | INFO     | stock_bot.live.runner:run_live:1856 - live runner started, mode=모의투자 interval=5min
2026-09-29 17:00:02.965 | INFO     | stock_bot.live.runner:run_live:1922 - news crawl: 5min intraday (critical→instant tick), 60min off-hours (llm=True)
2026-09-29 17:00:02.968 | INFO     | stock_bot.live.runner:run_live:1939 - daily review scheduled: mon-fri 15:35 KST
2026-09-29 17:00:02.971 | INFO     | stock_bot.live.runner:run_live:1949 - cost report scheduled: daily 00:00 KST
2026-09-29 17:00:02.973 | INFO     | stock_bot.live.runner:run_live:1959 - daily backup scheduled: daily 00:05 KST
2026-09-29 17:00:53.559 | INFO     | stock_bot.live.runner:_is_trading_day:661 - 거래일 판정 2026-09-29 → 거래일 (출처: exchange_calendars)
2026-09-29 17:00:53.876 | INFO     | stock_bot.news.crawler:fetch_naver_news:207 - news relevance filter: 14 → 1 (제외 13건) [034020]
2026-09-29 17:00:53.877 | INFO     | stock_bot.news.crawler:fetch_naver_news:212 - fetched 1 news items for 034020
2026-09-29 17:00:53.896 | DEBUG    | stock_bot.live.runner:_news_tick:840 - news 034020 new=0/1 (모두 중복)
2026-09-29 17:00:54.105 | INFO     | stock_bot.news.crawler:fetch_naver_news:207 - news relevance filter: 10 → 1 (제외 9건) [241560]
2026-09-29 17:00:54.107 | INFO     | stock_bot.news.crawler:fetch_naver_news:212 - fetched 1 news items for 241560
2026-09-29 17:00:54.117 | DEBUG    | stock_bot.live.runner:_news_tick:840 - news 241560 new=0/1 (모두 중복)
2026-09-29 17:00:54.330 | INFO     | stock_bot.news.crawler:fetch_naver_news:207 - news relevance filter: 3 → 1 (제외 2건) [123330]
2026-09-29 17:00:54.331 | INFO     | stock_bot.news.crawler:fetch_naver_news:212 - fetched 1 news items for 123330
2026-09-29 17:00:54.369 | DEBUG    | stock_bot.live.runner:_news_tick:840 - news 123330 new=0/1 (모두 중복)
2026-09-29 17:07:23.923 | INFO     | stock_bot.notify.metrics:start_metrics_server:30 - metrics server on :9100
2026-09-29 17:07:23.936 | INFO     | stock_bot.live.runner:_start_env_watcher:1835 - env watcher started (1s poll, scope=스톡봇)
2026-09-29 17:07:26.584 | INFO     | stock_bot.live.runner:run_live:1856 - live runner started, mode=모의투자 interval=5min
2026-09-29 17:07:26.597 | INFO     | stock_bot.live.runner:run_live:1922 - news crawl: 5min intraday (critical→instant tick), 60min off-hours (llm=True)
2026-09-29 17:07:26.599 | INFO     | stock_bot.live.runner:run_live:1939 - daily review scheduled: mon-fri 15:35 KST
2026-09-29 17:07:26.602 | INFO     | stock_bot.live.runner:run_live:1949 - cost report scheduled: daily 00:00 KST
2026-09-29 17:07:26.604 | INFO     | stock_bot.live.runner:run_live:1959 - daily backup scheduled: daily 00:05 KST
2026-09-29 17:08:15.567 | INFO     | stock_bot.live.runner:_is_trading_day:661 - 거래일 판정 2026-09-29 → 거래일 (출처: exchange_calendars)
2026-09-29 17:08:15.897 | INFO     | stock_bot.news.crawler:fetch_naver_news:207 - news relevance filter: 14 → 1 (제외 13건) [034020]
2026-09-29 17:08:15.898 | INFO     | stock_bot.news.crawler:fetch_naver_news:212 - fetched 1 news items for 034020
2026-09-29 17:08:15.917 | DEBUG    | stock_bot.live.runner:_news_tick:840 - news 034020 new=0/1 (모두 중복)
2026-09-29 17:08:16.144 | INFO     | stock_bot.news.crawler:fetch_naver_news:207 - news relevance filter: 10 → 1 (제외 9건) [241560]
2026-09-29 17:08:16.145 | INFO     | stock_bot.news.crawler:fetch_naver_news:212 - fetched 1 news items for 241560
2026-09-29 17:08:16.156 | DEBUG    | stock_bot.live.runner:_news_tick:840 - news 241560 new=0/1 (모두 중복)
2026-09-29 17:08:16.374 | INFO     | stock_bot.news.crawler:fetch_naver_news:207 - news relevance filter: 3 → 1 (제외 2건) [123330]
2026-09-29 17:08:16.375 | INFO     | stock_bot.news.crawler:fetch_naver_news:212 - fetched 1 news items for 123330
2026-09-29 17:08:16.414 | DEBUG    | stock_bot.live.runner:_news_tick:840 - news 123330 new=0/1 (모두 중복)
2026-09-29 17:51:37.039 | INFO     | stock_bot.notify.metrics:start_metrics_server:30 - metrics server on :9100
2026-09-29 17:51:37.068 | INFO     | stock_bot.live.runner:_start_env_watcher:1835 - env watcher started (1s poll, scope=스톡봇)
2026-09-29 17:51:39.404 | INFO     | stock_bot.live.runner:run_live:1856 - live runner started, mode=모의투자 interval=5min
2026-09-29 17:51:39.413 | INFO     | stock_bot.live.runner:run_live:1922 - news crawl: 5min intraday (critical→instant tick), 60min off-hours (llm=True)
2026-09-29 17:51:39.416 | INFO     | stock_bot.live.runner:run_live:1939 - daily review scheduled: mon-fri 15:35 KST
2026-09-29 17:51:39.418 | INFO     | stock_bot.live.runner:run_live:1949 - cost report scheduled: daily 00:00 KST
2026-09-29 17:51:39.419 | INFO     | stock_bot.live.runner:run_live:1959 - daily backup scheduled: daily 00:05 KST
2026-09-29 17:52:29.208 | INFO     | stock_bot.live.runner:_is_trading_day:661 - 거래일 판정 2026-09-29 → 거래일 (출처: exchange_calendars)
2026-09-29 17:52:29.535 | INFO     | stock_bot.news.crawler:fetch_naver_news:207 - news relevance filter: 14 → 1 (제외 13건) [034020]
2026-09-29 17:52:29.536 | INFO     | stock_bot.news.crawler:fetch_naver_news:212 - fetched 1 news items for 034020
2026-09-29 17:52:29.555 | DEBUG    | stock_bot.live.runner:_news_tick:840 - news 034020 new=0/1 (모두 중복)
2026-09-29 17:52:29.756 | INFO     | stock_bot.news.crawler:fetch_naver_news:207 - news relevance filter: 10 → 1 (제외 9건) [241560]
2026-09-29 17:52:29.758 | INFO     | stock_bot.news.crawler:fetch_naver_news:212 - fetched 1 news items for 241560
2026-09-29 17:52:29.768 | DEBUG    | stock_bot.live.runner:_news_tick:840 - news 241560 new=0/1 (모두 중복)
2026-09-29 17:52:29.974 | INFO     | stock_bot.news.crawler:fetch_naver_news:207 - news relevance filter: 3 → 1 (제외 2건) [123330]
2026-09-29 17:52:29.975 | INFO     | stock_bot.news.crawler:fetch_naver_news:212 - fetched 1 news items for 123330
2026-09-29 17:52:30.013 | DEBUG    | stock_bot.live.runner:_news_tick:840 - news 123330 new=0/1 (모두 중복)
2026-09-29 18:00:00.188 | INFO     | stock_bot.news.crawler:fetch_naver_news:207 - news relevance filter: 14 → 1 (제외 13건) [034020]
2026-09-29 18:00:00.191 | INFO     | stock_bot.news.crawler:fetch_naver_news:212 - fetched 1 news items for 034020
2026-09-29 18:00:00.197 | DEBUG    | stock_bot.live.runner:_news_tick:840 - news 034020 new=0/1 (모두 중복)
2026-09-29 18:00:00.314 | INFO     | stock_bot.news.crawler:fetch_naver_news:207 - news relevance filter: 10 → 1 (제외 9건) [241560]
2026-09-29 18:00:00.315 | INFO     | stock_bot.news.crawler:fetch_naver_news:212 - fetched 1 news items for 241560
2026-09-29 18:00:00.320 | DEBUG    | stock_bot.live.runner:_news_tick:840 - news 241560 new=0/1 (모두 중복)
2026-09-29 18:00:00.445 | INFO     | stock_bot.news.crawler:fetch_naver_news:207 - news relevance filter: 3 → 1 (제외 2건) [123330]
2026-09-29 18:00:00.446 | INFO     | stock_bot.news.crawler:fetch_naver_news:212 - fetched 1 news items for 123330
2026-09-29 18:00:00.451 | DEBUG    | stock_bot.live.runner:_news_tick:840 - news 123330 new=0/1 (모두 중복)
2026-09-29 19:00:00.564 | INFO     | stock_bot.news.crawler:fetch_naver_news:207 - news relevance filter: 14 → 1 (제외 13건) [034020]
2026-09-29 19:00:00.585 | INFO     | stock_bot.news.crawler:fetch_naver_news:212 - fetched 1 news items for 034020
2026-09-29 19:00:00.600 | DEBUG    | stock_bot.live.runner:_news_tick:840 - news 034020 new=0/1 (모두 중복)
2026-09-29 19:00:00.777 | INFO     | stock_bot.news.crawler:fetch_naver_news:207 - news relevance filter: 10 → 1 (제외 9건) [241560]
2026-09-29 19:00:00.778 | INFO     | stock_bot.news.crawler:fetch_naver_news:212 - fetched 1 news items for 241560
2026-09-29 19:00:00.786 | DEBUG    | stock_bot.live.runner:_news_tick:840 - news 241560 new=0/1 (모두 중복)
2026-09-29 19:00:00.970 | INFO     | stock_bot.news.crawler:fetch_naver_news:207 - news relevance filter: 3 → 1 (제외 2건) [123330]
2026-09-29 19:00:00.971 | INFO     | stock_bot.news.crawler:fetch_naver_news:212 - fetched 1 news items for 123330
2026-09-29 19:00:00.980 | DEBUG    | stock_bot.live.runner:_news_tick:840 - news 123330 new=0/1 (모두 중복)
2026-09-29 20:00:00.382 | INFO     | stock_bot.news.crawler:fetch_naver_news:207 - news relevance filter: 14 → 1 (제외 13건) [034020]
2026-09-29 20:00:00.389 | INFO     | stock_bot.news.crawler:fetch_naver_news:212 - fetched 1 news items for 034020
2026-09-29 20:00:00.397 | DEBUG    | stock_bot.live.runner:_news_tick:840 - news 034020 new=0/1 (모두 중복)
2026-09-29 20:00:00.509 | INFO     | stock_bot.news.crawler:fetch_naver_news:207 - news relevance filter: 10 → 1 (제외 9건) [241560]
2026-09-29 20:00:00.509 | INFO     | stock_bot.news.crawler:fetch_naver_news:212 - fetched 1 news items for 241560
2026-09-29 20:00:00.515 | DEBUG    | stock_bot.live.runner:_news_tick:840 - news 241560 new=0/1 (모두 중복)
2026-09-29 20:00:00.733 | INFO     | stock_bot.news.crawler:fetch_naver_news:207 - news relevance filter: 3 → 1 (제외 2건) [123330]
2026-09-29 20:00:00.733 | INFO     | stock_bot.news.crawler:fetch_naver_news:212 - fetched 1 news items for 123330
2026-09-29 20:00:00.738 | DEBUG    | stock_bot.live.runner:_news_tick:840 - news 123330 new=0/1 (모두 중복)
2026-09-29 21:00:00.134 | INFO     | stock_bot.news.crawler:fetch_naver_news:207 - news relevance filter: 14 → 1 (제외 13건) [034020]
2026-09-29 21:00:00.136 | INFO     | stock_bot.news.crawler:fetch_naver_news:212 - fetched 1 news items for 034020
2026-09-29 21:00:00.141 | DEBUG    | stock_bot.live.runner:_news_tick:840 - news 034020 new=0/1 (모두 중복)
2026-09-29 21:00:00.304 | INFO     | stock_bot.news.crawler:fetch_naver_news:207 - news relevance filter: 10 → 1 (제외 9건) [241560]
2026-09-29 21:00:00.305 | INFO     | stock_bot.news.crawler:fetch_naver_news:212 - fetched 1 news items for 241560
2026-09-29 21:00:00.310 | DEBUG    | stock_bot.live.runner:_news_tick:840 - news 241560 new=0/1 (모두 중복)
2026-09-29 21:00:00.435 | INFO     | stock_bot.news.crawler:fetch_naver_news:207 - news relevance filter: 3 → 1 (제외 2건) [123330]
2026-09-29 21:00:00.436 | INFO     | stock_bot.news.crawler:fetch_naver_news:212 - fetched 1 news items for 123330
2026-09-29 21:00:00.441 | DEBUG    | stock_bot.live.runner:_news_tick:840 - news 123330 new=0/1 (모두 중복)
2026-09-29 22:00:00.167 | INFO     | stock_bot.news.crawler:fetch_naver_news:207 - news relevance filter: 14 → 1 (제외 13건) [034020]
2026-09-29 22:00:00.168 | INFO     | stock_bot.news.crawler:fetch_naver_news:212 - fetched 1 news items for 034020
2026-09-29 22:00:00.173 | DEBUG    | stock_bot.live.runner:_news_tick:840 - news 034020 new=0/1 (모두 중복)
2026-09-29 22:00:00.287 | INFO     | stock_bot.news.crawler:fetch_naver_news:207 - news relevance filter: 10 → 1 (제외 9건) [241560]
2026-09-29 22:00:00.288 | INFO     | stock_bot.news.crawler:fetch_naver_news:212 - fetched 1 news items for 241560
2026-09-29 22:00:00.293 | DEBUG    | stock_bot.live.runner:_news_tick:840 - news 241560 new=0/1 (모두 중복)
2026-09-29 22:00:00.410 | INFO     | stock_bot.news.crawler:fetch_naver_news:207 - news relevance filter: 3 → 1 (제외 2건) [123330]
2026-09-29 22:00:00.411 | INFO     | stock_bot.news.crawler:fetch_naver_news:212 - fetched 1 news items for 123330
2026-09-29 22:00:00.416 | DEBUG    | stock_bot.live.runner:_news_tick:840 - news 123330 new=0/1 (모두 중복)
2026-09-29 23:00:00.176 | INFO     | stock_bot.news.crawler:fetch_naver_news:207 - news relevance filter: 14 → 1 (제외 13건) [034020]
2026-09-29 23:00:00.177 | INFO     | stock_bot.news.crawler:fetch_naver_news:212 - fetched 1 news items for 034020
2026-09-29 23:00:00.182 | DEBUG    | stock_bot.live.runner:_news_tick:840 - news 034020 new=0/1 (모두 중복)
2026-09-29 23:00:00.298 | INFO     | stock_bot.news.crawler:fetch_naver_news:207 - news relevance filter: 10 → 1 (제외 9건) [241560]
2026-09-29 23:00:00.299 | INFO     | stock_bot.news.crawler:fetch_naver_news:212 - fetched 1 news items for 241560
2026-09-29 23:00:00.303 | DEBUG    | stock_bot.live.runner:_news_tick:840 - news 241560 new=0/1 (모두 중복)
2026-09-29 23:00:00.426 | INFO     | stock_bot.news.crawler:fetch_naver_news:207 - news relevance filter: 3 → 1 (제외 2건) [123330]
2026-09-29 23:00:00.427 | INFO     | stock_bot.news.crawler:fetch_naver_news:212 - fetched 1 news items for 123330
2026-09-29 23:00:00.432 | DEBUG    | stock_bot.live.runner:_news_tick:840 - news 123330 new=0/1 (모두 중복)
