2026-09-02 00:00:00.008 | DEBUG    | stock_bot.live.runner:_send_cost_report:541 - claude_code 백엔드 — API 비용 리포트 생략
2026-09-02 00:00:00.011 | INFO     | stock_bot.live.runner:_is_trading_day:602 - 거래일 판정 2026-09-02 → 거래일 (출처: exchange_calendars)
2026-09-02 00:00:00.290 | INFO     | stock_bot.news.crawler:fetch_naver_news:165 - news relevance filter: 3 → 2 (제외 1건) [265740]
2026-09-02 00:00:00.290 | INFO     | stock_bot.news.crawler:fetch_naver_news:170 - fetched 2 news items for 265740
2026-09-02 00:00:00.299 | DEBUG    | stock_bot.live.runner:_news_tick:769 - news 265740 new=0/2 (모두 중복)
2026-09-02 00:00:00.514 | INFO     | stock_bot.news.crawler:fetch_naver_news:165 - news relevance filter: 3 → 1 (제외 2건) [123330]
2026-09-02 00:00:00.515 | INFO     | stock_bot.news.crawler:fetch_naver_news:170 - fetched 1 news items for 123330
2026-09-02 00:00:00.520 | DEBUG    | stock_bot.live.runner:_news_tick:769 - news 123330 new=0/1 (모두 중복)
2026-09-02 00:05:00.883 | DEBUG    | stock_bot.live.backup:_export_logs:182 - backup: bot 로그 2026-09-01 추출 164KB
2026-09-02 00:05:06.644 | DEBUG    | stock_bot.live.backup:_export_logs:182 - backup: web 로그 2026-09-01 추출 1794KB
2026-09-02 00:05:06.746 | DEBUG    | stock_bot.live.backup:_export_logs:182 - backup: leader 로그 2026-09-01 추출 43KB
2026-09-02 00:05:09.169 | DEBUG    | stock_bot.live.backup:_git_push:286 - backup: origin 정렬됨(behind=0) → reset 생략, 바로 push
2026-09-02 00:05:12.727 | INFO     | stock_bot.live.backup:run_backup:365 - backup 완료: trades=38 reviews=22 news=0 log=2002KB → git push
2026-09-02 01:00:00.232 | INFO     | stock_bot.news.crawler:fetch_naver_news:165 - news relevance filter: 3 → 2 (제외 1건) [265740]
2026-09-02 01:00:00.233 | INFO     | stock_bot.news.crawler:fetch_naver_news:170 - fetched 2 news items for 265740
2026-09-02 01:00:00.241 | DEBUG    | stock_bot.live.runner:_news_tick:769 - news 265740 new=0/2 (모두 중복)
2026-09-02 01:00:00.438 | INFO     | stock_bot.news.crawler:fetch_naver_news:165 - news relevance filter: 3 → 1 (제외 2건) [123330]
2026-09-02 01:00:00.438 | INFO     | stock_bot.news.crawler:fetch_naver_news:170 - fetched 1 news items for 123330
2026-09-02 01:00:00.443 | DEBUG    | stock_bot.live.runner:_news_tick:769 - news 123330 new=0/1 (모두 중복)
2026-09-02 02:00:00.369 | INFO     | stock_bot.news.crawler:fetch_naver_news:165 - news relevance filter: 3 → 2 (제외 1건) [265740]
2026-09-02 02:00:00.371 | INFO     | stock_bot.news.crawler:fetch_naver_news:170 - fetched 2 news items for 265740
2026-09-02 02:00:00.380 | DEBUG    | stock_bot.live.runner:_news_tick:769 - news 265740 new=0/2 (모두 중복)
2026-09-02 02:00:00.604 | INFO     | stock_bot.news.crawler:fetch_naver_news:165 - news relevance filter: 3 → 1 (제외 2건) [123330]
2026-09-02 02:00:00.605 | INFO     | stock_bot.news.crawler:fetch_naver_news:170 - fetched 1 news items for 123330
2026-09-02 02:00:00.611 | DEBUG    | stock_bot.live.runner:_news_tick:769 - news 123330 new=0/1 (모두 중복)
2026-09-02 03:00:00.287 | INFO     | stock_bot.news.crawler:fetch_naver_news:165 - news relevance filter: 3 → 2 (제외 1건) [265740]
2026-09-02 03:00:00.297 | INFO     | stock_bot.news.crawler:fetch_naver_news:170 - fetched 2 news items for 265740
2026-09-02 03:00:00.306 | DEBUG    | stock_bot.live.runner:_news_tick:769 - news 265740 new=0/2 (모두 중복)
2026-09-02 03:00:00.525 | INFO     | stock_bot.news.crawler:fetch_naver_news:165 - news relevance filter: 3 → 1 (제외 2건) [123330]
2026-09-02 03:00:00.526 | INFO     | stock_bot.news.crawler:fetch_naver_news:170 - fetched 1 news items for 123330
2026-09-02 03:00:00.531 | DEBUG    | stock_bot.live.runner:_news_tick:769 - news 123330 new=0/1 (모두 중복)
2026-09-02 04:00:00.282 | INFO     | stock_bot.news.crawler:fetch_naver_news:165 - news relevance filter: 3 → 2 (제외 1건) [265740]
2026-09-02 04:00:00.283 | INFO     | stock_bot.news.crawler:fetch_naver_news:170 - fetched 2 news items for 265740
2026-09-02 04:00:00.292 | DEBUG    | stock_bot.live.runner:_news_tick:769 - news 265740 new=0/2 (모두 중복)
2026-09-02 04:00:00.488 | INFO     | stock_bot.news.crawler:fetch_naver_news:165 - news relevance filter: 3 → 1 (제외 2건) [123330]
2026-09-02 04:00:00.489 | INFO     | stock_bot.news.crawler:fetch_naver_news:170 - fetched 1 news items for 123330
2026-09-02 04:00:00.494 | DEBUG    | stock_bot.live.runner:_news_tick:769 - news 123330 new=0/1 (모두 중복)
2026-09-02 05:00:00.260 | INFO     | stock_bot.news.crawler:fetch_naver_news:165 - news relevance filter: 3 → 2 (제외 1건) [265740]
2026-09-02 05:00:00.261 | INFO     | stock_bot.news.crawler:fetch_naver_news:170 - fetched 2 news items for 265740
2026-09-02 05:00:00.269 | DEBUG    | stock_bot.live.runner:_news_tick:769 - news 265740 new=0/2 (모두 중복)
2026-09-02 05:00:00.527 | INFO     | stock_bot.news.crawler:fetch_naver_news:165 - news relevance filter: 3 → 1 (제외 2건) [123330]
2026-09-02 05:00:00.528 | INFO     | stock_bot.news.crawler:fetch_naver_news:170 - fetched 1 news items for 123330
2026-09-02 05:00:00.533 | DEBUG    | stock_bot.live.runner:_news_tick:769 - news 123330 new=0/1 (모두 중복)
2026-09-02 06:00:02.096 | INFO     | stock_bot.news.crawler:fetch_naver_news:165 - news relevance filter: 3 → 2 (제외 1건) [265740]
2026-09-02 06:00:02.097 | INFO     | stock_bot.news.crawler:fetch_naver_news:170 - fetched 2 news items for 265740
2026-09-02 06:00:02.106 | DEBUG    | stock_bot.live.runner:_news_tick:769 - news 265740 new=0/2 (모두 중복)
2026-09-02 06:00:02.315 | INFO     | stock_bot.news.crawler:fetch_naver_news:165 - news relevance filter: 3 → 1 (제외 2건) [123330]
2026-09-02 06:00:02.316 | INFO     | stock_bot.news.crawler:fetch_naver_news:170 - fetched 1 news items for 123330
2026-09-02 06:00:02.321 | DEBUG    | stock_bot.live.runner:_news_tick:769 - news 123330 new=0/1 (모두 중복)
2026-09-02 07:00:00.276 | INFO     | stock_bot.news.crawler:fetch_naver_news:165 - news relevance filter: 3 → 2 (제외 1건) [265740]
2026-09-02 07:00:00.288 | INFO     | stock_bot.news.crawler:fetch_naver_news:170 - fetched 2 news items for 265740
2026-09-02 07:00:00.297 | DEBUG    | stock_bot.live.runner:_news_tick:769 - news 265740 new=0/2 (모두 중복)
2026-09-02 07:00:00.488 | INFO     | stock_bot.news.crawler:fetch_naver_news:165 - news relevance filter: 3 → 1 (제외 2건) [123330]
2026-09-02 07:00:00.489 | INFO     | stock_bot.news.crawler:fetch_naver_news:170 - fetched 1 news items for 123330
2026-09-02 07:00:00.494 | DEBUG    | stock_bot.live.runner:_news_tick:769 - news 123330 new=0/1 (모두 중복)
2026-09-02 08:00:00.630 | INFO     | stock_bot.news.crawler:fetch_naver_news:165 - news relevance filter: 3 → 2 (제외 1건) [265740]
2026-09-02 08:00:00.645 | INFO     | stock_bot.news.crawler:fetch_naver_news:170 - fetched 2 news items for 265740
2026-09-02 08:00:00.659 | DEBUG    | stock_bot.live.runner:_news_tick:769 - news 265740 new=0/2 (모두 중복)
2026-09-02 08:00:00.895 | INFO     | stock_bot.news.crawler:fetch_naver_news:165 - news relevance filter: 3 → 1 (제외 2건) [123330]
2026-09-02 08:00:00.896 | INFO     | stock_bot.news.crawler:fetch_naver_news:170 - fetched 1 news items for 123330
2026-09-02 08:00:00.902 | DEBUG    | stock_bot.live.runner:_news_tick:769 - news 123330 new=0/1 (모두 중복)
2026-09-02 09:00:00.515 | INFO     | stock_bot.news.crawler:fetch_naver_news:165 - news relevance filter: 3 → 2 (제외 1건) [265740]
2026-09-02 09:00:00.522 | INFO     | stock_bot.news.crawler:fetch_naver_news:170 - fetched 2 news items for 265740
2026-09-02 09:00:00.529 | INFO     | stock_bot.broker.kis:_ensure_token:134 - KIS access token issued (env=paper, cached)
2026-09-02 09:00:00.538 | DEBUG    | stock_bot.live.runner:_news_tick:769 - news 265740 new=0/2 (모두 중복)
2026-09-02 09:00:00.745 | INFO     | stock_bot.news.crawler:fetch_naver_news:165 - news relevance filter: 3 → 1 (제외 2건) [123330]
2026-09-02 09:00:00.746 | INFO     | stock_bot.news.crawler:fetch_naver_news:170 - fetched 1 news items for 123330
2026-09-02 09:00:00.751 | DEBUG    | stock_bot.live.runner:_news_tick:769 - news 123330 new=0/1 (모두 중복)
2026-09-02 09:00:04.730 | INFO     | stock_bot.live.runner:_tick:1471 - 265740 엔에프씨 [ensemble] HOLD score=+0.00 B0/S0 | 현재가 7,260원 | 손절 -4.00%(ATR)
    VWAP 워밍업 중 (1/8봉)
    VWAP 수집중 (0/5봉)
    ST 상승추세 ─홀드 (+0.000)
    RSI 53.5 (기준 30/74) ─홀드 (+0.000)
    BB 7,146~7,349원 현재 7,260원 ─홀드 (+0.000)  ← 중간 [─────●────] 56%
    DC  ─홀드  ← 미보유 또는 청산 조건 미해당 (+0.000)
2026-09-02 09:00:08.403 | INFO     | stock_bot.live.runner:_tick:1471 - 123330 제닉 [ensemble] HOLD score=+0.00 B0/S0 | 현재가 35,150원 | 손절 -4.00%(ATR)
    VWAP 워밍업 중 (1/8봉)
    VWAP 수집중 (0/5봉)
    ST 상승추세 ─홀드 (+0.000)
    RSI 53.9 (기준 30/74) ─홀드 (+0.000)
    BB 34,385~35,760원 현재 35,150원 ─홀드 (+0.000)  ← 중간 [─────●────] 56%
    DC  ─홀드  ← 미보유 또는 청산 조건 미해당 (+0.000)
2026-09-02 09:05:00.344 | INFO     | stock_bot.news.crawler:fetch_naver_news:165 - news relevance filter: 3 → 2 (제외 1건) [265740]
2026-09-02 09:05:00.345 | INFO     | stock_bot.news.crawler:fetch_naver_news:170 - fetched 2 news items for 265740
2026-09-02 09:05:00.355 | DEBUG    | stock_bot.live.runner:_news_tick:769 - news 265740 new=0/2 (모두 중복)
2026-09-02 09:05:00.565 | INFO     | stock_bot.news.crawler:fetch_naver_news:165 - news relevance filter: 3 → 1 (제외 2건) [123330]
2026-09-02 09:05:00.566 | INFO     | stock_bot.news.crawler:fetch_naver_news:170 - fetched 1 news items for 123330
2026-09-02 09:05:00.572 | DEBUG    | stock_bot.live.runner:_news_tick:769 - news 123330 new=0/1 (모두 중복)
2026-09-02 09:05:02.003 | INFO     | stock_bot.live.runner:_tick:1471 - 265740 엔에프씨 [ensemble] HOLD score=+0.00 B0/S0 | 현재가 7,260원 | 손절 -4.00%(ATR)
    VWAP 워밍업 중 (2/8봉)
    VWAP 수집중 (0/5봉)
    ST 상승추세 ─홀드 (+0.000)
    RSI 53.4 (기준 30/74) ─홀드 (+0.000)
    BB 7,156~7,346원 현재 7,260원 ─홀드 (+0.000)  ← 중간 [─────●────] 55%
    DC  ─홀드  ← 미보유 또는 청산 조건 미해당 (+0.000)
    거래량  41주  MA25대비 0.16x  [거래 저조 (≤0.7x)]  ← 필터 활성 중 (봉 부족 135/26)
2026-09-02 09:05:03.607 | INFO     | stock_bot.live.runner:_tick:1471 - 123330 제닉 [ensemble] HOLD score=+0.00 B0/S0 | 현재가 34,350원 | 손절 -4.00%(ATR)
    VWAP 워밍업 중 (2/8봉)
    VWAP 수집중 (0/5봉)
    ST 하락추세 ─홀드 (+0.000)
    RSI 41.0 (기준 30/74) ─홀드 (+0.000)
    BB 34,253~35,802원 현재 34,350원 ─홀드 (+0.000)  ← 하단근접 [●─────────] 6%
    DC  ─홀드  ← 미보유 또는 청산 조건 미해당 (+0.000)
    거래량  29주  MA25대비 0.05x  [거래 저조 (≤0.7x)]  ← 필터 활성 중 (봉 부족 135/26)
2026-09-02 09:10:00.293 | INFO     | stock_bot.news.crawler:fetch_naver_news:165 - news relevance filter: 3 → 2 (제외 1건) [265740]
2026-09-02 09:10:00.293 | INFO     | stock_bot.news.crawler:fetch_naver_news:170 - fetched 2 news items for 265740
2026-09-02 09:10:00.302 | DEBUG    | stock_bot.live.runner:_news_tick:769 - news 265740 new=0/2 (모두 중복)
2026-09-02 09:10:00.564 | INFO     | stock_bot.news.crawler:fetch_naver_news:165 - news relevance filter: 3 → 1 (제외 2건) [123330]
2026-09-02 09:10:00.565 | INFO     | stock_bot.news.crawler:fetch_naver_news:170 - fetched 1 news items for 123330
2026-09-02 09:10:00.570 | DEBUG    | stock_bot.live.runner:_news_tick:769 - news 123330 new=0/1 (모두 중복)
2026-09-02 09:10:12.397 | INFO     | stock_bot.live.runner:_tick:1471 - 265740 엔에프씨 [ensemble] HOLD score=+0.00 B0/S0 | 현재가 7,260원 | 손절 -4.00%(ATR)
    VWAP 워밍업 중 (3/8봉)
    VWAP 수집중 (0/5봉)
    ST 하락추세 ─홀드 (+0.000)
    RSI 52.9 (기준 30/74) ─홀드 (+0.000)
    BB 7,157~7,347원 현재 7,260원 ─홀드 (+0.000)  ← 중간 [─────●────] 54%
    DC  ─홀드  ← 미보유 또는 청산 조건 미해당 (+0.000)
    거래량  MA1(봉부족,설정25)대비 1.00x  〰(neutral) (+0.0000)  ← 임계 미달 (기준 ≥1.2/≤0.7x) → 중립
2026-09-02 09:10:17.755 | INFO     | stock_bot.live.runner:_tick:1471 - 123330 제닉 [ensemble] HOLD score=+0.21 B1/S0 | 현재가 34,250원 | 손절 -4.00%(ATR)
    VWAP 워밍업 중 (3/8봉)
    VWAP 수집중 (0/5봉)
    ST 하락추세 ─홀드 (+0.000)
    RSI 40.1 (기준 30/74) ─홀드 (+0.000)
    BB 34,172~35,848원 현재 34,250원 ▲매수 (+0.212)
    DC  ─홀드  ← 미보유 또는 청산 조건 미해당 (+0.000)
    거래량  MA1(봉부족,설정25)대비 1.00x  〰(neutral) (+0.0000)  ← 임계 미달 (기준 ≥1.2/≤0.7x) → 중립
2026-09-02 09:15:00.244 | INFO     | stock_bot.news.crawler:fetch_naver_news:165 - news relevance filter: 3 → 2 (제외 1건) [265740]
2026-09-02 09:15:00.245 | INFO     | stock_bot.news.crawler:fetch_naver_news:170 - fetched 2 news items for 265740
2026-09-02 09:15:00.253 | DEBUG    | stock_bot.live.runner:_news_tick:769 - news 265740 new=0/2 (모두 중복)
2026-09-02 09:15:00.441 | INFO     | stock_bot.news.crawler:fetch_naver_news:165 - news relevance filter: 3 → 1 (제외 2건) [123330]
2026-09-02 09:15:00.442 | INFO     | stock_bot.news.crawler:fetch_naver_news:170 - fetched 1 news items for 123330
2026-09-02 09:15:00.447 | DEBUG    | stock_bot.live.runner:_news_tick:769 - news 123330 new=0/1 (모두 중복)
2026-09-02 09:15:08.800 | INFO     | stock_bot.live.runner:_tick:1471 - 265740 엔에프씨 [ensemble] HOLD score=+0.00 B0/S0 | 현재가 7,320원 | 손절 -4.00%(ATR)
    VWAP 워밍업 중 (4/8봉)
    VWAP 수집중 (0/5봉)
    ST 하락추세 ─홀드 (+0.000)
    RSI 57.6 (기준 30/74) ─홀드 (+0.000)
    BB 7,171~7,353원 현재 7,320원 ─홀드 (+0.000)  ← 상단근접 [────────●─] 82%
    DC  ─홀드  ← 미보유 또는 청산 조건 미해당 (+0.000)
    거래량  MA2(봉부족,설정25)대비 0.89x  〰(neutral) (+0.0000)  ← 임계 미달 (기준 ≥1.2/≤0.7x) → 중립
2026-09-02 09:15:13.766 | INFO     | stock_bot.live.runner:_tick:1471 - 123330 제닉 [ensemble] HOLD score=+0.21 B1/S0 | 현재가 34,100원 | 손절 -4.00%(ATR)
    VWAP 워밍업 중 (4/8봉)
    VWAP 수집중 (0/5봉)
    ST 하락추세 ─홀드 (+0.000)
    RSI 37.9 (기준 30/74) ─홀드 (+0.000)
    BB 34,049~35,916원 현재 34,100원 ▲매수 (+0.212)
    DC  ─홀드  ← 미보유 또는 청산 조건 미해당 (+0.000)
    거래량  MA2(봉부족,설정25)대비 1.16x  〰(neutral) (+0.0000)  ← 임계 미달 (기준 ≥1.2/≤0.7x) → 중립
2026-09-02 09:20:00.306 | INFO     | stock_bot.news.crawler:fetch_naver_news:165 - news relevance filter: 3 → 2 (제외 1건) [265740]
2026-09-02 09:20:00.307 | INFO     | stock_bot.news.crawler:fetch_naver_news:170 - fetched 2 news items for 265740
2026-09-02 09:20:00.315 | DEBUG    | stock_bot.live.runner:_news_tick:769 - news 265740 new=0/2 (모두 중복)
2026-09-02 09:20:00.520 | INFO     | stock_bot.news.crawler:fetch_naver_news:165 - news relevance filter: 3 → 1 (제외 2건) [123330]
2026-09-02 09:20:00.521 | INFO     | stock_bot.news.crawler:fetch_naver_news:170 - fetched 1 news items for 123330
2026-09-02 09:20:00.526 | DEBUG    | stock_bot.live.runner:_news_tick:769 - news 123330 new=0/1 (모두 중복)
2026-09-02 09:20:08.667 | INFO     | stock_bot.live.runner:_tick:1471 - 265740 엔에프씨 [ensemble] HOLD score=+0.00 B0/S0 | 현재가 7,170원 | 손절 -4.00%(ATR)
    VWAP 워밍업 중 (5/8봉)
    VWAP 수집중 (0/5봉)
    ST 하락추세 ─홀드 (+0.000)
    RSI 44.9 (기준 30/74) ─홀드 (+0.000)
    BB 7,165~7,349원 현재 7,170원 ─홀드 (+0.000)  ← 하단근접 [●─────────] 3%
    DC  ─홀드  ← 미보유 또는 청산 조건 미해당 (+0.000)
    거래량  MA3(봉부족,설정25)대비 0.35x  〰(neutral) (+0.0000)  ← 임계 미달 (기준 ≥1.2/≤0.7x) → 중립
2026-09-02 09:20:14.400 | INFO     | stock_bot.live.runner:_tick:1471 - 123330 제닉 [ensemble] HOLD score=+0.21 B1/S0 | 현재가 33,800원 | 손절 -4.00%(ATR)
    VWAP 워밍업 중 (5/8봉)
    VWAP 수집중 (0/5봉)
    ST 하락추세 ─홀드 (+0.000)
    RSI 34.5 (기준 30/74) ─홀드 (+0.000)
    BB 33,784~36,041원 현재 33,800원 ▲매수 (+0.212)
    DC  ─홀드  ← 미보유 또는 청산 조건 미해당 (+0.000)
    거래량  MA3(봉부족,설정25)대비 1.09x  〰(neutral) (+0.0000)  ← 임계 미달 (기준 ≥1.2/≤0.7x) → 중립
2026-09-02 09:25:00.243 | INFO     | stock_bot.news.crawler:fetch_naver_news:165 - news relevance filter: 3 → 2 (제외 1건) [265740]
2026-09-02 09:25:00.244 | INFO     | stock_bot.news.crawler:fetch_naver_news:170 - fetched 2 news items for 265740
2026-09-02 09:25:00.252 | DEBUG    | stock_bot.live.runner:_news_tick:769 - news 265740 new=0/2 (모두 중복)
2026-09-02 09:25:00.448 | INFO     | stock_bot.news.crawler:fetch_naver_news:165 - news relevance filter: 3 → 1 (제외 2건) [123330]
2026-09-02 09:25:00.449 | INFO     | stock_bot.news.crawler:fetch_naver_news:170 - fetched 1 news items for 123330
2026-09-02 09:25:00.454 | DEBUG    | stock_bot.live.runner:_news_tick:769 - news 123330 new=0/1 (모두 중복)
2026-09-02 09:25:02.857 | INFO     | stock_bot.live.runner:_tick:1471 - 265740 엔에프씨 [ensemble] HOLD score=+0.00 B0/S0 | 현재가 7,150원 | 손절 -4.00%(ATR)
    VWAP 워밍업 중 (6/8봉)
    VWAP 수집중 (0/5봉)
    ST 하락추세 ─홀드 (+0.000)
    RSI 43.7 (기준 30/74) ─홀드 (+0.000)
    BB 7,142~7,359원 현재 7,150원 ─홀드 (+0.000)  ← 하단근접 [●─────────] 4%
    DC  ─홀드  ← 미보유 또는 청산 조건 미해당 (+0.000)
    거래량  MA4(봉부족,설정25)대비 2.04x  〰(neutral) (+0.0000)  ← 임계 미달 (기준 ≥1.2/≤0.7x) → 중립
2026-09-02 09:25:04.048 | INFO     | stock_bot.live.runner:_tick:1471 - 123330 제닉 [ensemble] HOLD score=+0.21 B1/S0 | 현재가 33,700원 | 손절 -4.00%(ATR)
    VWAP 워밍업 중 (6/8봉)
    VWAP 수집중 (0/5봉)
    ST 하락추세 ─홀드 (+0.000)
    RSI 35.8 (기준 30/74) ─홀드 (+0.000)
    BB 33,515~36,160원 현재 33,700원 ▲매수 (+0.212)
    DC  ─홀드  ← 미보유 또는 청산 조건 미해당 (+0.000)
    거래량  MA4(봉부족,설정25)대비 0.98x  〰(neutral) (+0.0000)  ← 임계 미달 (기준 ≥1.2/≤0.7x) → 중립
2026-09-02 09:30:00.304 | INFO     | stock_bot.news.crawler:fetch_naver_news:165 - news relevance filter: 3 → 2 (제외 1건) [265740]
2026-09-02 09:30:00.305 | INFO     | stock_bot.news.crawler:fetch_naver_news:170 - fetched 2 news items for 265740
2026-09-02 09:30:00.315 | DEBUG    | stock_bot.live.runner:_news_tick:769 - news 265740 new=0/2 (모두 중복)
2026-09-02 09:30:00.531 | INFO     | stock_bot.news.crawler:fetch_naver_news:165 - news relevance filter: 3 → 1 (제외 2건) [123330]
2026-09-02 09:30:00.532 | INFO     | stock_bot.news.crawler:fetch_naver_news:170 - fetched 1 news items for 123330
2026-09-02 09:30:00.538 | DEBUG    | stock_bot.live.runner:_news_tick:769 - news 123330 new=0/1 (모두 중복)
2026-09-02 09:30:02.903 | INFO     | stock_bot.live.runner:_tick:1471 - 265740 엔에프씨 [ensemble] HOLD score=+0.00 B0/S0 | 현재가 7,090원 | 손절 -4.00%(ATR)
    VWAP 워밍업 중 (7/8봉)
    VWAP 수집중 (0/5봉)
    ST 하락추세 ─홀드 (+0.000)
    RSI 39.9 (기준 30/74) ─홀드 (+0.000)
    BB 7,102~7,381원 현재 7,090원 ─홀드 (+0.000)  ← 하단근접 [●─────────] -4%
    DC  ─홀드  ← 미보유 또는 청산 조건 미해당 (+0.000)
    거래량  MA5(봉부족,설정25)대비 0.11x  〰(neutral) (+0.0000)  ← 임계 미달 (기준 ≥1.2/≤0.7x) → 중립
2026-09-02 09:30:05.069 | INFO     | stock_bot.live.runner:_tick:1471 - 123330 제닉 [ensemble] HOLD score=+0.16 B1/S0 | 현재가 33,500원 | 손절 -4.00%(ATR)
    VWAP 워밍업 중 (7/8봉)
    VWAP 수집중 (0/5봉)
    ST 하락추세 ─홀드 (+0.000)
    RSI 31.4 (기준 30/74) ─홀드 (+0.000)
    BB 33,335~36,220원 현재 33,500원 ▲매수 (+0.212)
    DC  ─홀드  ← 미보유 또는 청산 조건 미해당 (+0.000)
    거래량  MA5(봉부족,설정25)대비 0.32x  ▼(penalty) (-0.0500)  ← 점수 조정 -0.0500
2026-09-02 09:35:00.383 | INFO     | stock_bot.news.crawler:fetch_naver_news:165 - news relevance filter: 3 → 2 (제외 1건) [265740]
2026-09-02 09:35:00.384 | INFO     | stock_bot.news.crawler:fetch_naver_news:170 - fetched 2 news items for 265740
2026-09-02 09:35:00.393 | DEBUG    | stock_bot.live.runner:_news_tick:769 - news 265740 new=0/2 (모두 중복)
2026-09-02 09:35:00.599 | INFO     | stock_bot.news.crawler:fetch_naver_news:165 - news relevance filter: 3 → 1 (제외 2건) [123330]
2026-09-02 09:35:00.599 | INFO     | stock_bot.news.crawler:fetch_naver_news:170 - fetched 1 news items for 123330
2026-09-02 09:35:00.605 | DEBUG    | stock_bot.live.runner:_news_tick:769 - news 123330 new=0/1 (모두 중복)
2026-09-02 09:35:04.581 | INFO     | stock_bot.live.runner:_tick:1471 - 265740 엔에프씨 [ensemble] HOLD score=+0.00 B0/S0 | 현재가 7,160원 | 손절 -4.00%(ATR)
    VWAP 수집중 (0/5봉)
    ST 하락추세 ─홀드 (+0.000)
    RSI 45.9 (기준 30/74) ─홀드 (+0.000)
    BB 7,096~7,380원 현재 7,160원 ─홀드 (+0.000)  ← 하단근접 [──●───────] 22%
    DC  ─홀드  ← 미보유 또는 청산 조건 미해당 (+0.000)
    거래량  MA6(봉부족,설정25)대비 0.08x  〰(neutral) (+0.0000)  ← 임계 미달 (기준 ≥1.2/≤0.7x) → 중립
2026-09-02 09:35:07.924 | INFO     | stock_bot.live.runner:_tick:1471 - 123330 제닉 [ensemble] HOLD score=+0.00 B0/S0 | 현재가 33,850원 | 손절 -4.00%(ATR)
    VWAP 수집중 (0/5봉)
    ST 하락추세 ─홀드 (+0.000)
    RSI 38.4 (기준 30/74) ─홀드 (+0.000)
    BB 33,284~36,206원 현재 33,850원 ─홀드 (+0.000)  ← 하단근접 [─●────────] 19%
    DC  ─홀드  ← 미보유 또는 청산 조건 미해당 (+0.000)
    거래량  MA6(봉부족,설정25)대비 0.82x  〰(neutral) (+0.0000)  ← 임계 미달 (기준 ≥1.2/≤0.7x) → 중립
2026-09-02 09:40:00.327 | INFO     | stock_bot.news.crawler:fetch_naver_news:165 - news relevance filter: 3 → 2 (제외 1건) [265740]
2026-09-02 09:40:00.329 | INFO     | stock_bot.news.crawler:fetch_naver_news:170 - fetched 2 news items for 265740
2026-09-02 09:40:00.339 | DEBUG    | stock_bot.live.runner:_news_tick:769 - news 265740 new=0/2 (모두 중복)
2026-09-02 09:40:00.554 | INFO     | stock_bot.news.crawler:fetch_naver_news:165 - news relevance filter: 3 → 1 (제외 2건) [123330]
2026-09-02 09:40:00.555 | INFO     | stock_bot.news.crawler:fetch_naver_news:170 - fetched 1 news items for 123330
2026-09-02 09:40:00.561 | DEBUG    | stock_bot.live.runner:_news_tick:769 - news 123330 new=0/1 (모두 중복)
2026-09-02 09:40:08.389 | INFO     | stock_bot.live.runner:_tick:1471 - 265740 엔에프씨 [ensemble] HOLD score=+0.00 B0/S0 | 현재가 7,255원 | 손절 -4.00%(ATR)
    VWAP 수집중 (1/5봉)
    ST 하락추세 ─홀드 (+0.000)
    RSI 52.5 (기준 30/74) ─홀드 (+0.000)
    BB 7,116~7,373원 현재 7,255원 ─홀드 (+0.000)  ← 중간 [─────●────] 54%
    DC  ─홀드  ← 미보유 또는 청산 조건 미해당 (+0.000)
    거래량  MA7(봉부족,설정25)대비 0.71x  〰(neutral) (+0.0000)  ← 임계 미달 (기준 ≥1.2/≤0.7x) → 중립
2026-09-02 09:40:14.549 | INFO     | stock_bot.live.runner:_tick:1471 - 123330 제닉 [ensemble] HOLD score=+0.00 B0/S0 | 현재가 33,650원 | 손절 -4.00%(ATR)
    VWAP 수집중 (1/5봉)
    ST 하락추세 ─홀드 (+0.000)
    RSI 35.4 (기준 30/74) ─홀드 (+0.000)
    BB 33,108~36,227원 현재 33,650원 ─홀드 (+0.000)  ← 하단근접 [─●────────] 17%
    DC  ─홀드  ← 미보유 또는 청산 조건 미해당 (+0.000)
    거래량  MA7(봉부족,설정25)대비 0.44x  〰(neutral) (+0.0000)  ← 임계 미달 (기준 ≥1.2/≤0.7x) → 중립
2026-09-02 09:45:00.285 | INFO     | stock_bot.news.crawler:fetch_naver_news:165 - news relevance filter: 3 → 2 (제외 1건) [265740]
2026-09-02 09:45:00.286 | INFO     | stock_bot.news.crawler:fetch_naver_news:170 - fetched 2 news items for 265740
2026-09-02 09:45:00.295 | DEBUG    | stock_bot.live.runner:_news_tick:769 - news 265740 new=0/2 (모두 중복)
2026-09-02 09:45:00.498 | INFO     | stock_bot.news.crawler:fetch_naver_news:165 - news relevance filter: 3 → 1 (제외 2건) [123330]
2026-09-02 09:45:00.499 | INFO     | stock_bot.news.crawler:fetch_naver_news:170 - fetched 1 news items for 123330
2026-09-02 09:45:00.504 | DEBUG    | stock_bot.live.runner:_news_tick:769 - news 123330 new=0/1 (모두 중복)
2026-09-02 09:45:16.511 | INFO     | stock_bot.live.runner:_tick:1471 - 265740 엔에프씨 [ensemble] HOLD score=+0.26 B1/S0 | 현재가 7,330원 | 손절 -4.00%(ATR)
    VWAP 수집중 (2/5봉)
    ST 하락→상승전환 ▲매수 (+0.259)
    RSI 56.9 (기준 30/74) ─홀드 (+0.000)
    BB 7,115~7,388원 현재 7,330원 ─홀드 (+0.000)  ← 상단근접 [───────●──] 79%
    DC  ─홀드  ← 미보유 또는 청산 조건 미해당 (+0.000)
    거래량  MA8(봉부족,설정25)대비 1.15x  〰(neutral) (+0.0000)  ← 임계 미달 (기준 ≥1.2/≤0.7x) → 중립
2026-09-02 09:45:25.840 | INFO     | stock_bot.live.runner:_tick:1471 - 123330 제닉 [ensemble] HOLD score=+0.00 B0/S0 | 현재가 33,650원 | 손절 -4.00%(ATR)
    VWAP 수집중 (2/5봉)
    ST 하락추세 ─홀드 (+0.000)
    RSI 35.8 (기준 30/74) ─홀드 (+0.000)
    BB 32,994~36,201원 현재 33,650원 ─홀드 (+0.000)  ← 하단근접 [──●───────] 20%
    DC  ─홀드  ← 미보유 또는 청산 조건 미해당 (+0.000)
    거래량  MA8(봉부족,설정25)대비 1.27x  〰(neutral) (+0.0000)  ← 임계 미달 (기준 ≥1.2/≤0.7x) → 중립
2026-09-02 09:50:00.267 | INFO     | stock_bot.news.crawler:fetch_naver_news:165 - news relevance filter: 3 → 2 (제외 1건) [265740]
2026-09-02 09:50:00.268 | INFO     | stock_bot.news.crawler:fetch_naver_news:170 - fetched 2 news items for 265740
2026-09-02 09:50:00.277 | DEBUG    | stock_bot.live.runner:_news_tick:769 - news 265740 new=0/2 (모두 중복)
2026-09-02 09:50:00.482 | INFO     | stock_bot.news.crawler:fetch_naver_news:165 - news relevance filter: 3 → 1 (제외 2건) [123330]
2026-09-02 09:50:00.483 | INFO     | stock_bot.news.crawler:fetch_naver_news:170 - fetched 1 news items for 123330
2026-09-02 09:50:00.490 | DEBUG    | stock_bot.live.runner:_news_tick:769 - news 123330 new=0/1 (모두 중복)
2026-09-02 09:50:11.501 | INFO     | stock_bot.live.runner:_tick:1471 - 265740 엔에프씨 [ensemble] HOLD score=+0.00 B0/S0 | 현재가 7,320원 | 손절 -4.00%(ATR)
    VWAP 수집중 (3/5봉)
    ST 상승추세 ─홀드 (+0.000)
    RSI 56.1 (기준 30/74) ─홀드 (+0.000)
    BB 7,114~7,396원 현재 7,320원 ─홀드 (+0.000)  ← 중간 [───────●──] 73%
    DC  ─홀드  ← 미보유 또는 청산 조건 미해당 (+0.000)
    거래량  MA9(봉부족,설정25)대비 0.44x  〰(neutral) (+0.0000)  ← 임계 미달 (기준 ≥1.2/≤0.7x) → 중립
2026-09-02 09:50:20.504 | INFO     | stock_bot.live.runner:_tick:1471 - 123330 제닉 [ensemble] HOLD score=+0.00 B0/S0 | 현재가 33,750원 | 손절 -4.00%(ATR)
    VWAP 수집중 (3/5봉)
    ST 하락추세 ─홀드 (+0.000)
    RSI 37.7 (기준 30/74) ─홀드 (+0.000)
    BB 32,936~36,114원 현재 33,750원 ─홀드 (+0.000)  ← 중간 [──●───────] 26%
    DC  ─홀드  ← 미보유 또는 청산 조건 미해당 (+0.000)
    거래량  MA9(봉부족,설정25)대비 0.56x  〰(neutral) (+0.0000)  ← 임계 미달 (기준 ≥1.2/≤0.7x) → 중립
2026-09-02 09:55:00.253 | INFO     | stock_bot.news.crawler:fetch_naver_news:165 - news relevance filter: 3 → 2 (제외 1건) [265740]
2026-09-02 09:55:00.254 | INFO     | stock_bot.news.crawler:fetch_naver_news:170 - fetched 2 news items for 265740
2026-09-02 09:55:00.263 | DEBUG    | stock_bot.live.runner:_news_tick:769 - news 265740 new=0/2 (모두 중복)
2026-09-02 09:55:00.459 | INFO     | stock_bot.news.crawler:fetch_naver_news:165 - news relevance filter: 3 → 1 (제외 2건) [123330]
2026-09-02 09:55:00.460 | INFO     | stock_bot.news.crawler:fetch_naver_news:170 - fetched 1 news items for 123330
2026-09-02 09:55:00.465 | DEBUG    | stock_bot.live.runner:_news_tick:769 - news 123330 new=0/1 (모두 중복)
2026-09-02 09:55:10.638 | INFO     | stock_bot.live.runner:_tick:1471 - 265740 엔에프씨 [ensemble] HOLD score=+0.00 B0/S0 | 현재가 7,360원 | 손절 -4.00%(ATR)
    VWAP 수집중 (4/5봉)
    ST 상승추세 ─홀드 (+0.000)
    RSI 58.3 (기준 30/74) ─홀드 (+0.000)
    BB 7,109~7,411원 현재 7,360원 ─홀드 (+0.000)  ← 상단근접 [────────●─] 83%
    DC  ─홀드  ← 미보유 또는 청산 조건 미해당 (+0.000)
    거래량  MA10(봉부족,설정25)대비 0.84x  〰(neutral) (+0.0000)  ← 임계 미달 (기준 ≥1.2/≤0.7x) → 중립
2026-09-02 09:55:17.126 | INFO     | stock_bot.live.runner:_tick:1471 - 123330 제닉 [ensemble] HOLD score=+0.00 B0/S0 | 현재가 33,700원 | 손절 -4.00%(ATR)
    VWAP 수집중 (4/5봉)
    ST 하락추세 ─홀드 (+0.000)
    RSI 37.6 (기준 30/74) ─홀드 (+0.000)
    BB 32,839~36,051원 현재 33,700원 ─홀드 (+0.000)  ← 중간 [──●───────] 27%
    DC  ─홀드  ← 미보유 또는 청산 조건 미해당 (+0.000)
    거래량  MA10(봉부족,설정25)대비 0.27x  〰(neutral) (+0.0000)  ← 임계 미달 (기준 ≥1.2/≤0.7x) → 중립
2026-09-02 10:00:00.381 | INFO     | stock_bot.news.crawler:fetch_naver_news:165 - news relevance filter: 3 → 2 (제외 1건) [265740]
2026-09-02 10:00:00.382 | INFO     | stock_bot.news.crawler:fetch_naver_news:170 - fetched 2 news items for 265740
2026-09-02 10:00:00.391 | DEBUG    | stock_bot.live.runner:_news_tick:769 - news 265740 new=0/2 (모두 중복)
2026-09-02 10:00:00.596 | INFO     | stock_bot.news.crawler:fetch_naver_news:165 - news relevance filter: 3 → 1 (제외 2건) [123330]
2026-09-02 10:00:00.597 | INFO     | stock_bot.news.crawler:fetch_naver_news:170 - fetched 1 news items for 123330
2026-09-02 10:00:00.602 | DEBUG    | stock_bot.live.runner:_news_tick:769 - news 123330 new=0/1 (모두 중복)
2026-09-02 10:00:10.875 | INFO     | stock_bot.live.runner:_tick:1471 - 265740 엔에프씨 [ensemble] HOLD score=+0.00 B0/S0 | 현재가 7,360원 | 손절 -4.00%(ATR)
    VWAP 7,340원 +0.27% ─홀드 (+0.000)
    ST 상승추세 ─홀드 (+0.000)
    RSI 58.1 (기준 30/74) ─홀드 (+0.000)
    BB 7,106~7,424원 현재 7,360원 ─홀드 (+0.000)  ← 상단근접 [───────●──] 80%
    DC  ─홀드  ← 미보유 또는 청산 조건 미해당 (+0.000)
    거래량  MA11(봉부족,설정25)대비 0.72x  〰(neutral) (+0.0000)  ← 임계 미달 (기준 ≥1.2/≤0.7x) → 중립
2026-09-02 10:00:20.387 | INFO     | stock_bot.live.runner:_tick:1471 - 123330 제닉 [ensemble] HOLD score=+0.00 B0/S0 | 현재가 33,550원 | 손절 -4.00%(ATR)
    VWAP 33,697원 -0.44% ─홀드 (+0.000)
    ST 하락추세 ─홀드 (+0.000)
    RSI 35.5 (기준 30/74) ─홀드 (+0.000)
    BB 32,748~35,937원 현재 33,550원 ─홀드 (+0.000)  ← 중간 [──●───────] 25%
    DC  ─홀드  ← 미보유 또는 청산 조건 미해당 (+0.000)
    거래량  MA11(봉부족,설정25)대비 0.47x  〰(neutral) (+0.0000)  ← 임계 미달 (기준 ≥1.2/≤0.7x) → 중립
2026-09-02 10:05:00.278 | INFO     | stock_bot.news.crawler:fetch_naver_news:165 - news relevance filter: 3 → 2 (제외 1건) [265740]
2026-09-02 10:05:00.280 | INFO     | stock_bot.news.crawler:fetch_naver_news:170 - fetched 2 news items for 265740
2026-09-02 10:05:00.288 | DEBUG    | stock_bot.live.runner:_news_tick:769 - news 265740 new=0/2 (모두 중복)
2026-09-02 10:05:00.495 | INFO     | stock_bot.news.crawler:fetch_naver_news:165 - news relevance filter: 3 → 1 (제외 2건) [123330]
2026-09-02 10:05:00.496 | INFO     | stock_bot.news.crawler:fetch_naver_news:170 - fetched 1 news items for 123330
2026-09-02 10:05:00.501 | DEBUG    | stock_bot.live.runner:_news_tick:769 - news 123330 new=0/1 (모두 중복)
2026-09-02 10:05:09.866 | INFO     | stock_bot.live.runner:_tick:1471 - 265740 엔에프씨 [ensemble] HOLD score=+0.24 B1/S0 | 현재가 7,230원 | 손절 -4.00%(ATR)
    VWAP 7,332원 -1.39% ▲매수 (+0.294)
    ST 상승추세 ─홀드 (+0.000)
    RSI 49.3 (기준 30/74) ─홀드 (+0.000)
    BB 7,103~7,410원 현재 7,230원 ─홀드 (+0.000)  ← 중간 [────●─────] 41%
    DC  ─홀드  ← 미보유 또는 청산 조건 미해당 (+0.000)
    거래량  MA12(봉부족,설정25)대비 0.42x  ▼(penalty) (-0.0500)  ← 점수 조정 -0.0500
2026-09-02 10:05:16.591 | INFO     | stock_bot.live.runner:_tick:1471 - 123330 제닉 [ensemble] HOLD score=+0.00 B0/S0 | 현재가 33,850원 | 손절 -4.00%(ATR)
    VWAP 33,704원 +0.43% ─홀드 (+0.000)
    ST 하락추세 ─홀드 (+0.000)
    RSI 41.3 (기준 30/74) ─홀드 (+0.000)
    BB 32,762~35,813원 현재 33,850원 ─홀드 (+0.000)  ← 중간 [───●──────] 36%
    DC  ─홀드  ← 미보유 또는 청산 조건 미해당 (+0.000)
    거래량  MA12(봉부족,설정25)대비 0.27x  〰(neutral) (+0.0000)  ← 임계 미달 (기준 ≥1.2/≤0.7x) → 중립
2026-09-02 10:10:00.293 | INFO     | stock_bot.news.crawler:fetch_naver_news:165 - news relevance filter: 3 → 2 (제외 1건) [265740]
2026-09-02 10:10:00.294 | INFO     | stock_bot.news.crawler:fetch_naver_news:170 - fetched 2 news items for 265740
2026-09-02 10:10:00.302 | DEBUG    | stock_bot.live.runner:_news_tick:769 - news 265740 new=0/2 (모두 중복)
2026-09-02 10:10:00.533 | INFO     | stock_bot.news.crawler:fetch_naver_news:165 - news relevance filter: 3 → 1 (제외 2건) [123330]
2026-09-02 10:10:00.534 | INFO     | stock_bot.news.crawler:fetch_naver_news:170 - fetched 1 news items for 123330
2026-09-02 10:10:00.539 | DEBUG    | stock_bot.live.runner:_news_tick:769 - news 123330 new=0/1 (모두 중복)
2026-09-02 10:10:09.573 | INFO     | stock_bot.live.runner:_tick:1471 - 265740 엔에프씨 [ensemble] HOLD score=+0.24 B1/S0 | 현재가 7,270원 | 손절 -4.00%(ATR)
    VWAP 7,330원 -0.82% ▲매수 (+0.294)
    ST 상승추세 ─홀드 (+0.000)
    RSI 51.7 (기준 30/74) ─홀드 (+0.000)
    BB 7,105~7,411원 현재 7,270원 ─홀드 (+0.000)  ← 중간 [─────●────] 54%
    DC  ─홀드  ← 미보유 또는 청산 조건 미해당 (+0.000)
    거래량  MA13(봉부족,설정25)대비 0.14x  ▼(penalty) (-0.0500)  ← 점수 조정 -0.0500
2026-09-02 10:10:16.313 | INFO     | stock_bot.live.runner:_tick:1471 - 123330 제닉 [ensemble] HOLD score=+0.00 B0/S0 | 현재가 34,100원 | 손절 -4.00%(ATR)
    VWAP 33,777원 +0.96% ─홀드 (+0.000)
    ST 하락추세 ─홀드 (+0.000)
    RSI 45.7 (기준 30/74) ─홀드 (+0.000)
    BB 32,804~35,671원 현재 34,100원 ─홀드 (+0.000)  ← 중간 [────●─────] 45%
    DC  ─홀드  ← 미보유 또는 청산 조건 미해당 (+0.000)
    거래량  MA13(봉부족,설정25)대비 1.02x  〰(neutral) (+0.0000)  ← 임계 미달 (기준 ≥1.2/≤0.7x) → 중립
2026-09-02 10:15:00.292 | INFO     | stock_bot.news.crawler:fetch_naver_news:165 - news relevance filter: 3 → 2 (제외 1건) [265740]
2026-09-02 10:15:00.293 | INFO     | stock_bot.news.crawler:fetch_naver_news:170 - fetched 2 news items for 265740
2026-09-02 10:15:00.302 | DEBUG    | stock_bot.live.runner:_news_tick:769 - news 265740 new=0/2 (모두 중복)
2026-09-02 10:15:00.495 | INFO     | stock_bot.news.crawler:fetch_naver_news:165 - news relevance filter: 3 → 1 (제외 2건) [123330]
2026-09-02 10:15:00.496 | INFO     | stock_bot.news.crawler:fetch_naver_news:170 - fetched 1 news items for 123330
2026-09-02 10:15:00.501 | DEBUG    | stock_bot.live.runner:_news_tick:769 - news 123330 new=0/1 (모두 중복)
2026-09-02 10:15:14.555 | INFO     | stock_bot.live.runner:_tick:1471 - 265740 엔에프씨 [ensemble] HOLD score=+0.24 B1/S0 | 현재가 7,250원 | 손절 -4.00%(ATR)
    VWAP 7,329원 -1.08% ▲매수 (+0.294)
    ST 상승추세 ─홀드 (+0.000)
    RSI 50.4 (기준 30/74) ─홀드 (+0.000)
    BB 7,103~7,406원 현재 7,250원 ─홀드 (+0.000)  ← 중간 [────●─────] 48%
    DC  ─홀드  ← 미보유 또는 청산 조건 미해당 (+0.000)
    거래량  MA14(봉부족,설정25)대비 0.05x  ▼(penalty) (-0.0500)  ← 점수 조정 -0.0500
2026-09-02 10:15:21.630 | INFO     | stock_bot.live.runner:_tick:1471 - 123330 제닉 [ensemble] HOLD score=+0.00 B0/S0 | 현재가 34,300원 | 손절 -4.00%(ATR)
    VWAP 33,830원 +1.39% ─홀드 (+0.000)
    ST 하락추세 ─홀드 (+0.000)
    RSI 49.0 (기준 30/74) ─홀드 (+0.000)
    BB 32,856~35,524원 현재 34,300원 ─홀드 (+0.000)  ← 중간 [─────●────] 54%
    DC  ─홀드  ← 미보유 또는 청산 조건 미해당 (+0.000)
    거래량  MA14(봉부족,설정25)대비 0.66x  〰(neutral) (+0.0000)  ← 임계 미달 (기준 ≥1.2/≤0.7x) → 중립
2026-09-02 10:20:00.246 | INFO     | stock_bot.news.crawler:fetch_naver_news:165 - news relevance filter: 3 → 2 (제외 1건) [265740]
2026-09-02 10:20:00.246 | INFO     | stock_bot.news.crawler:fetch_naver_news:170 - fetched 2 news items for 265740
2026-09-02 10:20:00.255 | DEBUG    | stock_bot.live.runner:_news_tick:769 - news 265740 new=0/2 (모두 중복)
2026-09-02 10:20:00.458 | INFO     | stock_bot.news.crawler:fetch_naver_news:165 - news relevance filter: 3 → 1 (제외 2건) [123330]
2026-09-02 10:20:00.459 | INFO     | stock_bot.news.crawler:fetch_naver_news:170 - fetched 1 news items for 123330
2026-09-02 10:20:00.464 | DEBUG    | stock_bot.live.runner:_news_tick:769 - news 123330 new=0/1 (모두 중복)
2026-09-02 10:20:04.079 | INFO     | stock_bot.live.runner:_tick:1471 - 265740 엔에프씨 [ensemble] HOLD score=+0.29 B1/S0 | 현재가 7,220원 | 손절 -4.00%(ATR)
    VWAP 7,314원 -1.28% ▲매수 (+0.294)
    ST 상승추세 ─홀드 (+0.000)
    RSI 48.4 (기준 30/74) ─홀드 (+0.000)
    BB 7,099~7,396원 현재 7,220원 ─홀드 (+0.000)  ← 중간 [────●─────] 41%
    DC  ─홀드  ← 미보유 또는 청산 조건 미해당 (+0.000)
    거래량  MA15(봉부족,설정25)대비 0.87x  〰(neutral) (+0.0000)  ← 임계 미달 (기준 ≥1.2/≤0.7x) → 중립
2026-09-02 10:20:07.870 | INFO     | stock_bot.live.runner:_tick:1471 - 123330 제닉 [ensemble] HOLD score=+0.00 B0/S0 | 현재가 34,550원 | 손절 -4.00%(ATR)
    VWAP 33,951원 +1.76% ─홀드 (+0.000)
    ST 하락추세 ─홀드 (+0.000)
    RSI 52.7 (기준 30/74) ─홀드 (+0.000)
    BB 32,935~35,380원 현재 34,550원 ─홀드 (+0.000)  ← 중간 [──────●───] 66%
    DC  ─홀드  ← 미보유 또는 청산 조건 미해당 (+0.000)
    거래량  MA15(봉부족,설정25)대비 1.42x  〰(neutral) (+0.0000)  ← 임계 미달 (기준 ≥1.2/≤0.7x) → 중립
2026-09-02 10:25:00.375 | INFO     | stock_bot.news.crawler:fetch_naver_news:165 - news relevance filter: 3 → 2 (제외 1건) [265740]
2026-09-02 10:25:00.376 | INFO     | stock_bot.news.crawler:fetch_naver_news:170 - fetched 2 news items for 265740
2026-09-02 10:25:00.385 | DEBUG    | stock_bot.live.runner:_news_tick:769 - news 265740 new=0/2 (모두 중복)
2026-09-02 10:25:00.593 | INFO     | stock_bot.news.crawler:fetch_naver_news:165 - news relevance filter: 3 → 1 (제외 2건) [123330]
2026-09-02 10:25:00.594 | INFO     | stock_bot.news.crawler:fetch_naver_news:170 - fetched 1 news items for 123330
2026-09-02 10:25:00.599 | DEBUG    | stock_bot.live.runner:_news_tick:769 - news 123330 new=0/1 (모두 중복)
2026-09-02 10:25:09.394 | INFO     | stock_bot.live.runner:_tick:1471 - 265740 엔에프씨 [ensemble] HOLD score=+0.24 B1/S0 | 현재가 7,200원 | 손절 -4.00%(ATR)
    VWAP 7,312원 -1.53% ▲매수 (+0.294)
    ST 상승추세 ─홀드 (+0.000)
    RSI 47.2 (기준 30/74) ─홀드 (+0.000)
    BB 7,094~7,391원 현재 7,200원 ─홀드 (+0.000)  ← 중간 [───●──────] 36%
    DC  ─홀드  ← 미보유 또는 청산 조건 미해당 (+0.000)
    거래량  MA16(봉부족,설정25)대비 0.09x  ▼(penalty) (-0.0500)  ← 점수 조정 -0.0500
2026-09-02 10:25:15.671 | INFO     | stock_bot.live.runner:_tick:1471 - 123330 제닉 [ensemble] HOLD score=+0.00 B0/S0 | 현재가 34,200원 | 손절 -4.00%(ATR)
    VWAP 33,972원 +0.67% ─홀드 (+0.000)
    ST 하락추세 ─홀드 (+0.000)
    RSI 47.6 (기준 30/74) ─홀드 (+0.000)
    BB 33,025~35,135원 현재 34,200원 ─홀드 (+0.000)  ← 중간 [─────●────] 56%
    DC  ─홀드  ← 미보유 또는 청산 조건 미해당 (+0.000)
    거래량  MA16(봉부족,설정25)대비 0.39x  〰(neutral) (+0.0000)  ← 임계 미달 (기준 ≥1.2/≤0.7x) → 중립
2026-09-02 10:30:00.273 | INFO     | stock_bot.news.crawler:fetch_naver_news:165 - news relevance filter: 3 → 2 (제외 1건) [265740]
2026-09-02 10:30:00.283 | INFO     | stock_bot.news.crawler:fetch_naver_news:170 - fetched 2 news items for 265740
2026-09-02 10:30:00.292 | DEBUG    | stock_bot.live.runner:_news_tick:769 - news 265740 new=0/2 (모두 중복)
2026-09-02 10:30:00.503 | INFO     | stock_bot.news.crawler:fetch_naver_news:165 - news relevance filter: 3 → 1 (제외 2건) [123330]
2026-09-02 10:30:00.504 | INFO     | stock_bot.news.crawler:fetch_naver_news:170 - fetched 1 news items for 123330
2026-09-02 10:30:00.509 | DEBUG    | stock_bot.live.runner:_news_tick:769 - news 123330 new=0/1 (모두 중복)
2026-09-02 10:30:15.638 | INFO     | stock_bot.live.runner:_tick:1471 - 265740 엔에프씨 [ensemble] HOLD score=+0.24 B1/S0 | 현재가 7,190원 | 손절 -4.00%(ATR)
    VWAP 7,310원 -1.64% ▲매수 (+0.294)
    ST 상승추세 ─홀드 (+0.000)
    RSI 46.7 (기준 30/74) ─홀드 (+0.000)
    BB 7,088~7,386원 현재 7,190원 ─홀드 (+0.000)  ← 중간 [───●──────] 34%
    DC  ─홀드  ← 미보유 또는 청산 조건 미해당 (+0.000)
    거래량  MA17(봉부족,설정25)대비 0.13x  ▼(penalty) (-0.0500)  ← 점수 조정 -0.0500
2026-09-02 10:30:25.906 | INFO     | stock_bot.live.runner:_tick:1471 - 123330 제닉 [ensemble] HOLD score=+0.00 B0/S0 | 현재가 34,250원 | 손절 -4.00%(ATR)
    VWAP 33,985원 +0.78% ─홀드 (+0.000)
    ST 하락추세 ─홀드 (+0.000)
    RSI 48.4 (기준 30/74) ─홀드 (+0.000)
    BB 33,212~34,818원 현재 34,250원 ─홀드 (+0.000)  ← 중간 [──────●───] 65%
    DC  ─홀드  ← 미보유 또는 청산 조건 미해당 (+0.000)
    거래량  MA17(봉부족,설정25)대비 0.38x  〰(neutral) (+0.0000)  ← 임계 미달 (기준 ≥1.2/≤0.7x) → 중립
2026-09-02 10:35:00.272 | INFO     | stock_bot.news.crawler:fetch_naver_news:165 - news relevance filter: 3 → 2 (제외 1건) [265740]
2026-09-02 10:35:00.274 | INFO     | stock_bot.news.crawler:fetch_naver_news:170 - fetched 2 news items for 265740
2026-09-02 10:35:00.282 | DEBUG    | stock_bot.live.runner:_news_tick:769 - news 265740 new=0/2 (모두 중복)
2026-09-02 10:35:00.554 | INFO     | stock_bot.news.crawler:fetch_naver_news:165 - news relevance filter: 3 → 1 (제외 2건) [123330]
2026-09-02 10:35:00.554 | INFO     | stock_bot.news.crawler:fetch_naver_news:170 - fetched 1 news items for 123330
2026-09-02 10:35:00.559 | DEBUG    | stock_bot.live.runner:_news_tick:769 - news 123330 new=0/1 (모두 중복)
2026-09-02 10:35:11.616 | INFO     | stock_bot.live.runner:_tick:1471 - 265740 엔에프씨 [ensemble] HOLD score=+0.24 B1/S0 | 현재가 7,210원 | 손절 -4.00%(ATR)
    VWAP 7,308원 -1.34% ▲매수 (+0.294)
    ST 상승추세 ─홀드 (+0.000)
    RSI 48.1 (기준 30/74) ─홀드 (+0.000)
    BB 7,087~7,384원 현재 7,210원 ─홀드 (+0.000)  ← 중간 [────●─────] 42%
    DC  ─홀드  ← 미보유 또는 청산 조건 미해당 (+0.000)
    거래량  MA18(봉부족,설정25)대비 0.14x  ▼(penalty) (-0.0500)  ← 점수 조정 -0.0500
2026-09-02 10:35:19.068 | INFO     | stock_bot.live.runner:_tick:1471 - 123330 제닉 [ensemble] HOLD score=+0.00 B0/S0 | 현재가 34,350원 | 손절 -4.00%(ATR)
    VWAP 33,998원 +1.03% ─홀드 (+0.000)
    ST 하락추세 ─홀드 (+0.000)
    RSI 49.9 (기준 30/74) ─홀드 (+0.000)
    BB 33,347~34,608원 현재 34,350원 ─홀드 (+0.000)  ← 상단근접 [───────●──] 80%
    DC  ─홀드  ← 미보유 또는 청산 조건 미해당 (+0.000)
    거래량  MA18(봉부족,설정25)대비 0.47x  〰(neutral) (+0.0000)  ← 임계 미달 (기준 ≥1.2/≤0.7x) → 중립
2026-09-02 10:40:00.318 | INFO     | stock_bot.news.crawler:fetch_naver_news:165 - news relevance filter: 3 → 2 (제외 1건) [265740]
2026-09-02 10:40:00.320 | INFO     | stock_bot.news.crawler:fetch_naver_news:170 - fetched 2 news items for 265740
2026-09-02 10:40:00.329 | DEBUG    | stock_bot.live.runner:_news_tick:769 - news 265740 new=0/2 (모두 중복)
2026-09-02 10:40:00.528 | INFO     | stock_bot.news.crawler:fetch_naver_news:165 - news relevance filter: 3 → 1 (제외 2건) [123330]
2026-09-02 10:40:00.529 | INFO     | stock_bot.news.crawler:fetch_naver_news:170 - fetched 1 news items for 123330
2026-09-02 10:40:00.534 | DEBUG    | stock_bot.live.runner:_news_tick:769 - news 123330 new=0/1 (모두 중복)
2026-09-02 10:40:14.195 | INFO     | stock_bot.live.runner:_tick:1471 - 265740 엔에프씨 [ensemble] HOLD score=+0.24 B1/S0 | 현재가 7,240원 | 손절 -4.00%(ATR)
    VWAP 7,308원 -0.92% ▲매수 (+0.294)
    ST 상승추세 ─홀드 (+0.000)
    RSI 50.2 (기준 30/74) ─홀드 (+0.000)
    BB 7,088~7,384원 현재 7,240원 ─홀드 (+0.000)  ← 중간 [─────●────] 51%
    DC  ─홀드  ← 미보유 또는 청산 조건 미해당 (+0.000)
    거래량  MA19(봉부족,설정25)대비 0.01x  ▼(penalty) (-0.0500)  ← 점수 조정 -0.0500
2026-09-02 10:40:20.097 | INFO     | stock_bot.live.runner:_tick:1471 - 123330 제닉 [ensemble] HOLD score=+0.00 B0/S0 | 현재가 34,500원 | 손절 -4.00%(ATR)
    VWAP 34,034원 +1.37% ─홀드 (+0.000)
    ST 하락추세 ─홀드 (+0.000)
    RSI 52.2 (기준 30/74) ─홀드 (+0.000)
    BB 33,317~34,668원 현재 34,500원 ─홀드 (+0.000)  ← 상단근접 [────────●─] 88%
    DC  ─홀드  ← 미보유 또는 청산 조건 미해당 (+0.000)
    거래량  MA19(봉부족,설정25)대비 0.59x  〰(neutral) (+0.0000)  ← 임계 미달 (기준 ≥1.2/≤0.7x) → 중립
2026-09-02 10:45:00.298 | INFO     | stock_bot.news.crawler:fetch_naver_news:165 - news relevance filter: 3 → 2 (제외 1건) [265740]
2026-09-02 10:45:00.298 | INFO     | stock_bot.news.crawler:fetch_naver_news:170 - fetched 2 news items for 265740
2026-09-02 10:45:00.307 | DEBUG    | stock_bot.live.runner:_news_tick:769 - news 265740 new=0/2 (모두 중복)
2026-09-02 10:45:00.511 | INFO     | stock_bot.news.crawler:fetch_naver_news:165 - news relevance filter: 3 → 1 (제외 2건) [123330]
2026-09-02 10:45:00.512 | INFO     | stock_bot.news.crawler:fetch_naver_news:170 - fetched 1 news items for 123330
2026-09-02 10:45:00.517 | DEBUG    | stock_bot.live.runner:_news_tick:769 - news 123330 new=0/1 (모두 중복)
2026-09-02 10:45:16.902 | INFO     | stock_bot.live.runner:_tick:1471 - 265740 엔에프씨 [ensemble] HOLD score=+0.24 B1/S0 | 현재가 7,240원 | 손절 -4.00%(ATR)
    VWAP 7,307원 -0.92% ▲매수 (+0.294)
    ST 상승추세 ─홀드 (+0.000)
    RSI 50.2 (기준 30/74) ─홀드 (+0.000)
    BB 7,096~7,383원 현재 7,240원 ─홀드 (+0.000)  ← 중간 [─────●────] 50%
    DC  ─홀드  ← 미보유 또는 청산 조건 미해당 (+0.000)
    거래량  MA19(봉부족,설정25)대비 0.03x  ▼(penalty) (-0.0500)  ← 점수 조정 -0.0500
2026-09-02 10:45:25.419 | INFO     | stock_bot.live.runner:_tick:1471 - 123330 제닉 [ensemble] HOLD score=+0.00 B0/S0 | 현재가 34,450원 | 손절 -4.00%(ATR)
    VWAP 34,054원 +1.16% ─홀드 (+0.000)
    ST 하락추세 ─홀드 (+0.000)
    RSI 51.2 (기준 30/74) ─홀드 (+0.000)
    BB 33,305~34,705원 현재 34,450원 ─홀드 (+0.000)  ← 상단근접 [────────●─] 82%
    DC  ─홀드  ← 미보유 또는 청산 조건 미해당 (+0.000)
    거래량  MA20(봉부족,설정25)대비 0.40x  〰(neutral) (+0.0000)  ← 임계 미달 (기준 ≥1.2/≤0.7x) → 중립
2026-09-02 10:50:00.309 | INFO     | stock_bot.news.crawler:fetch_naver_news:165 - news relevance filter: 3 → 2 (제외 1건) [265740]
2026-09-02 10:50:00.310 | INFO     | stock_bot.news.crawler:fetch_naver_news:170 - fetched 2 news items for 265740
2026-09-02 10:50:00.319 | DEBUG    | stock_bot.live.runner:_news_tick:769 - news 265740 new=0/2 (모두 중복)
2026-09-02 10:50:00.515 | INFO     | stock_bot.news.crawler:fetch_naver_news:165 - news relevance filter: 3 → 1 (제외 2건) [123330]
2026-09-02 10:50:00.515 | INFO     | stock_bot.news.crawler:fetch_naver_news:170 - fetched 1 news items for 123330
2026-09-02 10:50:00.520 | DEBUG    | stock_bot.live.runner:_news_tick:769 - news 123330 new=0/1 (모두 중복)
2026-09-02 10:50:15.474 | INFO     | stock_bot.live.runner:_tick:1471 - 265740 엔에프씨 [ensemble] HOLD score=+0.24 B1/S0 | 현재가 7,250원 | 손절 -4.00%(ATR)
    VWAP 7,307원 -0.78% ▲매수 (+0.294)
    ST 상승추세 ─홀드 (+0.000)
    RSI 51.0 (기준 30/74) ─홀드 (+0.000)
    BB 7,093~7,377원 현재 7,250원 ─홀드 (+0.000)  ← 중간 [─────●────] 55%
    DC  ─홀드  ← 미보유 또는 청산 조건 미해당 (+0.000)
    거래량  MA21(봉부족,설정25)대비 0.03x  ▼(penalty) (-0.0500)  ← 점수 조정 -0.0500
2026-09-02 10:50:22.474 | INFO     | stock_bot.live.runner:_tick:1471 - 123330 제닉 [ensemble] HOLD score=+0.00 B0/S0 | 현재가 34,550원 | 손절 -4.00%(ATR)
    VWAP 34,066원 +1.42% ─홀드 (+0.000)
    ST 하락추세 ─홀드 (+0.000)
    RSI 52.8 (기준 30/74) ─홀드 (+0.000)
    BB 33,283~34,777원 현재 34,550원 ─홀드 (+0.000)  ← 상단근접 [────────●─] 85%
    DC  ─홀드  ← 미보유 또는 청산 조건 미해당 (+0.000)
    거래량  MA21(봉부족,설정25)대비 0.27x  〰(neutral) (+0.0000)  ← 임계 미달 (기준 ≥1.2/≤0.7x) → 중립
2026-09-02 10:55:00.285 | INFO     | stock_bot.news.crawler:fetch_naver_news:165 - news relevance filter: 3 → 2 (제외 1건) [265740]
2026-09-02 10:55:00.286 | INFO     | stock_bot.news.crawler:fetch_naver_news:170 - fetched 2 news items for 265740
2026-09-02 10:55:00.294 | DEBUG    | stock_bot.live.runner:_news_tick:769 - news 265740 new=0/2 (모두 중복)
2026-09-02 10:55:00.487 | INFO     | stock_bot.news.crawler:fetch_naver_news:165 - news relevance filter: 3 → 1 (제외 2건) [123330]
2026-09-02 10:55:00.488 | INFO     | stock_bot.news.crawler:fetch_naver_news:170 - fetched 1 news items for 123330
2026-09-02 10:55:00.493 | DEBUG    | stock_bot.live.runner:_news_tick:769 - news 123330 new=0/1 (모두 중복)
2026-09-02 10:55:15.379 | INFO     | stock_bot.live.runner:_tick:1471 - 265740 엔에프씨 [ensemble] HOLD score=+0.24 B1/S0 | 현재가 7,240원 | 손절 -4.00%(ATR)
    VWAP 7,302원 -0.85% ▲매수 (+0.294)
    ST 상승추세 ─홀드 (+0.000)
    RSI 50.3 (기준 30/74) ─홀드 (+0.000)
    BB 7,102~7,377원 현재 7,240원 ─홀드 (+0.000)  ← 중간 [─────●────] 50%
    DC  ─홀드  ← 미보유 또는 청산 조건 미해당 (+0.000)
    거래량  MA22(봉부족,설정25)대비 0.46x  ▼(penalty) (-0.0500)  ← 점수 조정 -0.0500
2026-09-02 10:55:23.926 | INFO     | stock_bot.live.runner:_tick:1471 - 123330 제닉 [ensemble] HOLD score=+0.00 B0/S0 | 현재가 34,500원 | 손절 -4.00%(ATR)
    VWAP 34,078원 +1.24% ─홀드 (+0.000)
    ST 하락추세 ─홀드 (+0.000)
    RSI 52.1 (기준 30/74) ─홀드 (+0.000)
    BB 33,310~34,800원 현재 34,500원 ─홀드 (+0.000)  ← 상단근접 [───────●──] 80%
    DC  ─홀드  ← 미보유 또는 청산 조건 미해당 (+0.000)
    거래량  MA22(봉부족,설정25)대비 0.27x  〰(neutral) (+0.0000)  ← 임계 미달 (기준 ≥1.2/≤0.7x) → 중립
2026-09-02 11:00:00.382 | INFO     | stock_bot.news.crawler:fetch_naver_news:165 - news relevance filter: 3 → 2 (제외 1건) [265740]
2026-09-02 11:00:00.382 | INFO     | stock_bot.news.crawler:fetch_naver_news:170 - fetched 2 news items for 265740
2026-09-02 11:00:00.391 | DEBUG    | stock_bot.live.runner:_news_tick:769 - news 265740 new=0/2 (모두 중복)
2026-09-02 11:00:00.594 | INFO     | stock_bot.news.crawler:fetch_naver_news:165 - news relevance filter: 3 → 1 (제외 2건) [123330]
2026-09-02 11:00:00.595 | INFO     | stock_bot.news.crawler:fetch_naver_news:170 - fetched 1 news items for 123330
2026-09-02 11:00:00.600 | DEBUG    | stock_bot.live.runner:_news_tick:769 - news 123330 new=0/1 (모두 중복)
2026-09-02 11:00:03.936 | INFO     | stock_bot.live.runner:_tick:1471 - 265740 엔에프씨 [ensemble] HOLD score=+0.24 B1/S0 | 현재가 7,210원 | 손절 -4.00%(ATR)
    VWAP 7,303원 -1.27% ▲매수 (+0.294)
    ST 상승추세 ─홀드 (+0.000)
    RSI 47.7 (기준 30/74) ─홀드 (+0.000)
    BB 7,112~7,375원 현재 7,210원 ─홀드 (+0.000)  ← 중간 [───●──────] 37%
    DC  ─홀드  ← 미보유 또는 청산 조건 미해당 (+0.000)
    거래량  MA22(봉부족,설정25)대비 0.47x  ▼(penalty) (-0.0500)  ← 점수 조정 -0.0500
2026-09-02 11:00:07.419 | INFO     | stock_bot.live.runner:_tick:1471 - 123330 제닉 [ensemble] HOLD score=+0.00 B0/S0 | 현재가 34,550원 | 손절 -4.00%(ATR)
    VWAP 34,096원 +1.33% ─홀드 (+0.000)
    ST 하락추세 ─홀드 (+0.000)
    RSI 52.8 (기준 30/74) ─홀드 (+0.000)
    BB 33,328~34,892원 현재 34,550원 ─홀드 (+0.000)  ← 상단근접 [───────●──] 78%
    DC  ─홀드  ← 미보유 또는 청산 조건 미해당 (+0.000)
    거래량  MA23(봉부족,설정25)대비 0.41x  〰(neutral) (+0.0000)  ← 임계 미달 (기준 ≥1.2/≤0.7x) → 중립
2026-09-02 11:05:00.301 | INFO     | stock_bot.news.crawler:fetch_naver_news:165 - news relevance filter: 3 → 2 (제외 1건) [265740]
2026-09-02 11:05:00.302 | INFO     | stock_bot.news.crawler:fetch_naver_news:170 - fetched 2 news items for 265740
2026-09-02 11:05:00.311 | DEBUG    | stock_bot.live.runner:_news_tick:769 - news 265740 new=0/2 (모두 중복)
2026-09-02 11:05:00.522 | INFO     | stock_bot.news.crawler:fetch_naver_news:165 - news relevance filter: 3 → 1 (제외 2건) [123330]
2026-09-02 11:05:00.523 | INFO     | stock_bot.news.crawler:fetch_naver_news:170 - fetched 1 news items for 123330
2026-09-02 11:05:00.528 | DEBUG    | stock_bot.live.runner:_news_tick:769 - news 123330 new=0/1 (모두 중복)
2026-09-02 11:05:12.575 | INFO     | stock_bot.live.runner:_tick:1471 - 265740 엔에프씨 [ensemble] HOLD score=+0.24 B1/S0 | 현재가 7,230원 | 손절 -4.00%(ATR)
    VWAP 7,302원 -0.99% ▲매수 (+0.294)
    ST 상승추세 ─홀드 (+0.000)
    RSI 49.5 (기준 30/74) ─홀드 (+0.000)
    BB 7,141~7,361원 현재 7,230원 ─홀드 (+0.000)  ← 중간 [────●─────] 41%
    DC  ─홀드  ← 미보유 또는 청산 조건 미해당 (+0.000)
    거래량  MA23(봉부족,설정25)대비 0.04x  ▼(penalty) (-0.0500)  ← 점수 조정 -0.0500
2026-09-02 11:05:22.980 | INFO     | stock_bot.live.runner:_tick:1471 - 123330 제닉 [ensemble] HOLD score=+0.00 B0/S0 | 현재가 34,700원 | 손절 -4.00%(ATR)
    VWAP 34,118원 +1.71% ─홀드 (+0.000)
    ST 하락추세 ─홀드 (+0.000)
    RSI 55.3 (기준 30/74) ─홀드 (+0.000)
    BB 33,394~34,956원 현재 34,700원 ─홀드 (+0.000)  ← 상단근접 [────────●─] 84%
    DC  ─홀드  ← 미보유 또는 청산 조건 미해당 (+0.000)
    거래량  MA24(봉부족,설정25)대비 0.44x  〰(neutral) (+0.0000)  ← 임계 미달 (기준 ≥1.2/≤0.7x) → 중립
2026-09-02 11:10:00.298 | INFO     | stock_bot.news.crawler:fetch_naver_news:165 - news relevance filter: 3 → 2 (제외 1건) [265740]
2026-09-02 11:10:00.299 | INFO     | stock_bot.news.crawler:fetch_naver_news:170 - fetched 2 news items for 265740
2026-09-02 11:10:00.310 | DEBUG    | stock_bot.live.runner:_news_tick:769 - news 265740 new=0/2 (모두 중복)
2026-09-02 11:10:00.533 | INFO     | stock_bot.news.crawler:fetch_naver_news:165 - news relevance filter: 3 → 1 (제외 2건) [123330]
2026-09-02 11:10:00.533 | INFO     | stock_bot.news.crawler:fetch_naver_news:170 - fetched 1 news items for 123330
2026-09-02 11:10:00.539 | DEBUG    | stock_bot.live.runner:_news_tick:769 - news 123330 new=0/1 (모두 중복)
2026-09-02 11:10:15.744 | INFO     | stock_bot.live.runner:_tick:1471 - 265740 엔에프씨 [ensemble] HOLD score=+0.24 B1/S0 | 현재가 7,220원 | 손절 -4.00%(ATR)
    VWAP 7,301원 -1.11% ▲매수 (+0.294)
    ST 상승추세 ─홀드 (+0.000)
    RSI 48.5 (기준 30/74) ─홀드 (+0.000)
    BB 7,152~7,356원 현재 7,220원 ─홀드 (+0.000)  ← 중간 [───●──────] 33%
    DC  ─홀드  ← 미보유 또는 청산 조건 미해당 (+0.000)
    거래량  MA24(봉부족,설정25)대비 0.15x  ▼(penalty) (-0.0500)  ← 점수 조정 -0.0500
2026-09-02 11:10:23.729 | INFO     | stock_bot.live.runner:_tick:1471 - 123330 제닉 [ensemble] HOLD score=+0.00 B0/S0 | 현재가 34,700원 | 손절 -4.00%(ATR)
    VWAP 34,142원 +1.63% ─홀드 (+0.000)
    ST 하락추세 ─홀드 (+0.000)
    RSI 55.1 (기준 30/74) ─홀드 (+0.000)
    BB 33,431~35,019원 현재 34,700원 ─홀드 (+0.000)  ← 상단근접 [───────●──] 80%
    DC  ─홀드  ← 미보유 또는 청산 조건 미해당 (+0.000)
    거래량  MA25대비 0.56x  〰(neutral) (+0.0000)  ← 임계 미달 (기준 ≥1.2/≤0.7x) → 중립
2026-09-02 11:15:00.292 | INFO     | stock_bot.news.crawler:fetch_naver_news:165 - news relevance filter: 3 → 2 (제외 1건) [265740]
2026-09-02 11:15:00.293 | INFO     | stock_bot.news.crawler:fetch_naver_news:170 - fetched 2 news items for 265740
2026-09-02 11:15:00.301 | DEBUG    | stock_bot.live.runner:_news_tick:769 - news 265740 new=0/2 (모두 중복)
2026-09-02 11:15:00.500 | INFO     | stock_bot.news.crawler:fetch_naver_news:165 - news relevance filter: 3 → 1 (제외 2건) [123330]
2026-09-02 11:15:00.501 | INFO     | stock_bot.news.crawler:fetch_naver_news:170 - fetched 1 news items for 123330
2026-09-02 11:15:00.506 | DEBUG    | stock_bot.live.runner:_news_tick:769 - news 123330 new=0/1 (모두 중복)
2026-09-02 11:15:16.767 | INFO     | stock_bot.live.runner:_tick:1471 - 265740 엔에프씨 [ensemble] HOLD score=+0.24 B1/S0 | 현재가 7,220원 | 손절 -4.00%(ATR)
    VWAP 7,301원 -1.11% ▲매수 (+0.294)
    ST 상승추세 ─홀드 (+0.000)
    RSI 48.4 (기준 30/74) ─홀드 (+0.000)
    BB 7,150~7,355원 현재 7,220원 ─홀드 (+0.000)  ← 중간 [───●──────] 34%
    DC  ─홀드  ← 미보유 또는 청산 조건 미해당 (+0.000)
    거래량  MA25대비 0.03x  ▼(penalty) (-0.0500)  ← 점수 조정 -0.0500
2026-09-02 11:15:26.215 | INFO     | stock_bot.live.runner:_tick:1471 - 123330 제닉 [ensemble] HOLD score=+0.36 B1/S0 | 현재가 35,250원 | 손절 -4.00%(ATR)
    VWAP 34,236원 +2.96% ─홀드 (+0.000)
    ST 하락→상승전환 ▲매수 (+0.259)
    RSI 62.2 (기준 30/74) ─홀드 (+0.000)
    BB 33,364~35,311원 현재 35,250원 ─홀드 (+0.000)  ← 상단근접 [─────────●] 97%
    DC  ─홀드  ← 미보유 또는 청산 조건 미해당 (+0.000)
    거래량  MA25대비 1.39x  ▲(boost) (+0.1000)  ← 점수 조정 +0.1000
2026-09-02 11:20:00.295 | INFO     | stock_bot.news.crawler:fetch_naver_news:165 - news relevance filter: 3 → 2 (제외 1건) [265740]
2026-09-02 11:20:00.296 | INFO     | stock_bot.news.crawler:fetch_naver_news:170 - fetched 2 news items for 265740
2026-09-02 11:20:00.304 | DEBUG    | stock_bot.live.runner:_news_tick:769 - news 265740 new=0/2 (모두 중복)
2026-09-02 11:20:00.523 | INFO     | stock_bot.news.crawler:fetch_naver_news:165 - news relevance filter: 3 → 1 (제외 2건) [123330]
2026-09-02 11:20:00.524 | INFO     | stock_bot.news.crawler:fetch_naver_news:170 - fetched 1 news items for 123330
2026-09-02 11:20:00.529 | DEBUG    | stock_bot.live.runner:_news_tick:769 - news 123330 new=0/1 (모두 중복)
2026-09-02 11:20:09.719 | INFO     | stock_bot.live.runner:_tick:1471 - 265740 엔에프씨 [ensemble] HOLD score=+0.00 B0/S0 | 현재가 7,340원 | 손절 -4.00%(ATR)
    VWAP 7,301원 +0.54% ─홀드 (+0.000)
    ST 상승추세 ─홀드 (+0.000)
    RSI 58.2 (기준 30/74) ─홀드 (+0.000)
    BB 7,149~7,369원 현재 7,340원 ─홀드 (+0.000)  ← 상단근접 [────────●─] 87%
    DC  ─홀드  ← 미보유 또는 청산 조건 미해당 (+0.000)
    거래량  MA25대비 0.55x  〰(neutral) (+0.0000)  ← 임계 미달 (기준 ≥1.2/≤0.7x) → 중립
2026-09-02 11:20:16.259 | INFO     | stock_bot.live.runner:_tick:1471 - 123330 제닉 [ensemble] HOLD score=+0.00 B0/S0 | 현재가 35,400원 | 손절 -4.00%(ATR)
    VWAP 34,284원 +3.25% ─홀드 (+0.000)
    ST 상승추세 ─홀드 (+0.000)
    RSI 64.7 (기준 30/74) ─홀드 (+0.000)
    BB 33,369~35,491원 현재 35,400원 ─홀드 (+0.000)  ← 상단근접 [─────────●] 96%
    DC  ─홀드  ← 미보유 또는 청산 조건 미해당 (+0.000)
    거래량  MA25대비 0.78x  〰(neutral) (+0.0000)  ← 임계 미달 (기준 ≥1.2/≤0.7x) → 중립
2026-09-02 11:25:00.375 | INFO     | stock_bot.news.crawler:fetch_naver_news:165 - news relevance filter: 3 → 2 (제외 1건) [265740]
2026-09-02 11:25:00.375 | INFO     | stock_bot.news.crawler:fetch_naver_news:170 - fetched 2 news items for 265740
2026-09-02 11:25:00.384 | DEBUG    | stock_bot.live.runner:_news_tick:769 - news 265740 new=0/2 (모두 중복)
2026-09-02 11:25:00.598 | INFO     | stock_bot.news.crawler:fetch_naver_news:165 - news relevance filter: 3 → 1 (제외 2건) [123330]
2026-09-02 11:25:00.599 | INFO     | stock_bot.news.crawler:fetch_naver_news:170 - fetched 1 news items for 123330
2026-09-02 11:25:00.604 | DEBUG    | stock_bot.live.runner:_news_tick:769 - news 123330 new=0/1 (모두 중복)
2026-09-02 11:25:03.638 | INFO     | stock_bot.live.runner:_tick:1471 - 265740 엔에프씨 [ensemble] HOLD score=+0.00 B0/S0 | 현재가 7,250원 | 손절 -4.00%(ATR)
    VWAP 7,300원 -0.69% ─홀드 (+0.000)
    ST 상승추세 ─홀드 (+0.000)
    RSI 50.6 (기준 30/74) ─홀드 (+0.000)
    BB 7,152~7,350원 현재 7,250원 ─홀드 (+0.000)  ← 중간 [────●─────] 49%
    DC  ─홀드  ← 미보유 또는 청산 조건 미해당 (+0.000)
    거래량  MA25대비 0.05x  〰(neutral) (+0.0000)  ← 임계 미달 (기준 ≥1.2/≤0.7x) → 중립
2026-09-02 11:25:05.887 | INFO     | stock_bot.live.runner:_tick:1471 - 123330 제닉 [ensemble] HOLD score=+0.00 B0/S0 | 현재가 35,200원 | 손절 -4.00%(ATR)
    VWAP 34,328원 +2.54% ─홀드 (+0.000)
    ST 상승추세 ─홀드 (+0.000)
    RSI 60.5 (기준 30/74) ─홀드 (+0.000)
    BB 33,441~35,549원 현재 35,200원 ─홀드 (+0.000)  ← 상단근접 [────────●─] 83%
    DC  ─홀드  ← 미보유 또는 청산 조건 미해당 (+0.000)
    거래량  MA25대비 0.67x  〰(neutral) (+0.0000)  ← 임계 미달 (기준 ≥1.2/≤0.7x) → 중립
2026-09-02 11:30:00.289 | INFO     | stock_bot.news.crawler:fetch_naver_news:165 - news relevance filter: 3 → 2 (제외 1건) [265740]
2026-09-02 11:30:00.289 | INFO     | stock_bot.news.crawler:fetch_naver_news:170 - fetched 2 news items for 265740
2026-09-02 11:30:00.298 | DEBUG    | stock_bot.live.runner:_news_tick:769 - news 265740 new=0/2 (모두 중복)
2026-09-02 11:30:00.499 | INFO     | stock_bot.news.crawler:fetch_naver_news:165 - news relevance filter: 3 → 1 (제외 2건) [123330]
2026-09-02 11:30:00.500 | INFO     | stock_bot.news.crawler:fetch_naver_news:170 - fetched 1 news items for 123330
2026-09-02 11:30:00.506 | DEBUG    | stock_bot.live.runner:_news_tick:769 - news 123330 new=0/1 (모두 중복)
2026-09-02 11:30:14.115 | INFO     | stock_bot.live.runner:_tick:1471 - 265740 엔에프씨 [ensemble] HOLD score=+0.24 B1/S0 | 현재가 7,240원 | 손절 -4.00%(ATR)
    VWAP 7,300원 -0.82% ▲매수 (+0.294)
    ST 상승추세 ─홀드 (+0.000)
    RSI 49.9 (기준 30/74) ─홀드 (+0.000)
    BB 7,160~7,329원 현재 7,240원 ─홀드 (+0.000)  ← 중간 [────●─────] 47%
    DC  ─홀드  ← 미보유 또는 청산 조건 미해당 (+0.000)
    거래량  MA25대비 0.11x  ▼(penalty) (-0.0500)  ← 점수 조정 -0.0500
2026-09-02 11:30:22.991 | INFO     | stock_bot.live.runner:_tick:1471 - 123330 제닉 [ensemble] HOLD score=+0.00 B0/S0 | 현재가 35,450원 | 손절 -4.00%(ATR)
    VWAP 34,353원 +3.19% ─홀드 (+0.000)
    ST 상승추세 ─홀드 (+0.000)
    RSI 63.7 (기준 30/74) ─홀드 (+0.000)
    BB 33,511~35,674원 현재 35,450원 ─홀드 (+0.000)  ← 상단근접 [────────●─] 90%
    DC  ─홀드  ← 미보유 또는 청산 조건 미해당 (+0.000)
    거래량  MA25대비 0.48x  〰(neutral) (+0.0000)  ← 임계 미달 (기준 ≥1.2/≤0.7x) → 중립
2026-09-02 11:35:00.334 | INFO     | stock_bot.news.crawler:fetch_naver_news:165 - news relevance filter: 3 → 2 (제외 1건) [265740]
2026-09-02 11:35:00.335 | INFO     | stock_bot.news.crawler:fetch_naver_news:170 - fetched 2 news items for 265740
2026-09-02 11:35:00.344 | DEBUG    | stock_bot.live.runner:_news_tick:769 - news 265740 new=0/2 (모두 중복)
2026-09-02 11:35:00.618 | INFO     | stock_bot.news.crawler:fetch_naver_news:165 - news relevance filter: 3 → 1 (제외 2건) [123330]
2026-09-02 11:35:00.619 | INFO     | stock_bot.news.crawler:fetch_naver_news:170 - fetched 1 news items for 123330
2026-09-02 11:35:00.624 | DEBUG    | stock_bot.live.runner:_news_tick:769 - news 123330 new=0/1 (모두 중복)
2026-09-02 11:35:03.503 | INFO     | stock_bot.live.runner:_tick:1471 - 265740 엔에프씨 [ensemble] HOLD score=+0.24 B1/S0 | 현재가 7,230원 | 손절 -4.00%(ATR)
    VWAP 7,300원 -0.96% ▲매수 (+0.294)
    ST 상승추세 ─홀드 (+0.000)
    RSI 49.0 (기준 30/74) ─홀드 (+0.000)
    BB 7,176~7,298원 현재 7,230원 ─홀드 (+0.000)  ← 중간 [────●─────] 44%
    DC  ─홀드  ← 미보유 또는 청산 조건 미해당 (+0.000)
    거래량  MA25대비 0.05x  ▼(penalty) (-0.0500)  ← 점수 조정 -0.0500
2026-09-02 11:35:05.575 | INFO     | stock_bot.live.runner:_tick:1471 - 123330 제닉 [ensemble] HOLD score=+0.00 B0/S0 | 현재가 35,500원 | 손절 -4.00%(ATR)
    VWAP 34,395원 +3.21% ─홀드 (+0.000)
    ST 상승추세 ─홀드 (+0.000)
    RSI 63.7 (기준 30/74) ─홀드 (+0.000)
    BB 33,643~35,747원 현재 35,500원 ─홀드 (+0.000)  ← 상단근접 [────────●─] 88%
    DC  ─홀드  ← 미보유 또는 청산 조건 미해당 (+0.000)
    거래량  MA25대비 0.88x  〰(neutral) (+0.0000)  ← 임계 미달 (기준 ≥1.2/≤0.7x) → 중립
2026-09-02 11:40:00.278 | INFO     | stock_bot.news.crawler:fetch_naver_news:165 - news relevance filter: 3 → 2 (제외 1건) [265740]
2026-09-02 11:40:00.279 | INFO     | stock_bot.news.crawler:fetch_naver_news:170 - fetched 2 news items for 265740
2026-09-02 11:40:00.288 | DEBUG    | stock_bot.live.runner:_news_tick:769 - news 265740 new=0/2 (모두 중복)
2026-09-02 11:40:00.493 | INFO     | stock_bot.news.crawler:fetch_naver_news:165 - news relevance filter: 3 → 1 (제외 2건) [123330]
2026-09-02 11:40:00.493 | INFO     | stock_bot.news.crawler:fetch_naver_news:170 - fetched 1 news items for 123330
2026-09-02 11:40:00.498 | DEBUG    | stock_bot.live.runner:_news_tick:769 - news 123330 new=0/1 (모두 중복)
2026-09-02 11:40:04.260 | INFO     | stock_bot.live.runner:_tick:1471 - 265740 엔에프씨 [ensemble] HOLD score=+0.24 B1/S0 | 현재가 7,240원 | 손절 -4.00%(ATR)
    VWAP 7,300원 -0.82% ▲매수 (+0.294)
    ST 상승추세 ─홀드 (+0.000)
    RSI 49.8 (기준 30/74) ─홀드 (+0.000)
    BB 7,177~7,298원 현재 7,240원 ─홀드 (+0.000)  ← 중간 [─────●────] 52%
    DC  ─홀드  ← 미보유 또는 청산 조건 미해당 (+0.000)
    거래량  MA25대비 0.01x  ▼(penalty) (-0.0500)  ← 점수 조정 -0.0500
2026-09-02 11:40:08.709 | INFO     | stock_bot.live.runner:_tick:1471 - 123330 제닉 [ensemble] HOLD score=+0.00 B0/S0 | 현재가 35,600원 | 손절 -4.00%(ATR)
    VWAP 34,457원 +3.32% ─홀드 (+0.000)
    ST 상승추세 ─홀드 (+0.000)
    RSI 65.2 (기준 30/74) ─홀드 (+0.000)
    BB 33,730~35,840원 현재 35,600원 ─홀드 (+0.000)  ← 상단근접 [────────●─] 89%
    DC  ─홀드  ← 미보유 또는 청산 조건 미해당 (+0.000)
    거래량  MA25대비 1.26x  〰(neutral) (+0.0000)  ← 임계 미달 (기준 ≥1.2/≤0.7x) → 중립
2026-09-02 11:45:00.289 | INFO     | stock_bot.news.crawler:fetch_naver_news:165 - news relevance filter: 3 → 2 (제외 1건) [265740]
2026-09-02 11:45:00.290 | INFO     | stock_bot.news.crawler:fetch_naver_news:170 - fetched 2 news items for 265740
2026-09-02 11:45:00.298 | DEBUG    | stock_bot.live.runner:_news_tick:769 - news 265740 new=0/2 (모두 중복)
2026-09-02 11:45:00.507 | INFO     | stock_bot.news.crawler:fetch_naver_news:165 - news relevance filter: 3 → 1 (제외 2건) [123330]
2026-09-02 11:45:00.511 | INFO     | stock_bot.news.crawler:fetch_naver_news:170 - fetched 1 news items for 123330
2026-09-02 11:45:00.516 | DEBUG    | stock_bot.live.runner:_news_tick:769 - news 123330 new=0/1 (모두 중복)
2026-09-02 11:45:08.000 | INFO     | stock_bot.live.runner:_tick:1471 - 265740 엔에프씨 [ensemble] HOLD score=+0.39 B1/S0 | 현재가 7,220원 | 손절 -4.00%(ATR)
    VWAP 7,290원 -0.96% ▲매수 (+0.294)
    ST 상승추세 ─홀드 (+0.000)
    RSI 48.5 (기준 30/74) ─홀드 (+0.000)
    BB 7,174~7,294원 현재 7,220원 ─홀드 (+0.000)  ← 중간 [───●──────] 38%
    DC  ─홀드  ← 미보유 또는 청산 조건 미해당 (+0.000)
    거래량  MA25대비 2.55x  ▲(boost) (+0.1000)  ← 점수 조정 +0.1000
2026-09-02 11:45:12.419 | INFO     | stock_bot.live.runner:_tick:1471 - 123330 제닉 [ensemble] HOLD score=+0.00 B0/S0 | 현재가 35,850원 | 손절 -4.00%(ATR)
    VWAP 34,569원 +3.71% ─홀드 (+0.000)
    ST 상승추세 ─홀드 (+0.000)
    RSI 68.0 (기준 30/74) ─홀드 (+0.000)
    BB 33,741~36,029원 현재 35,850원 ─홀드 (+0.000)  ← 상단근접 [─────────●] 92%
    DC  ─홀드  ← 미보유 또는 청산 조건 미해당 (+0.000)
    거래량  MA25대비 2.12x  〰(neutral) (+0.0000)  ← 임계 미달 (기준 ≥1.2/≤0.7x) → 중립
2026-09-02 11:50:00.287 | INFO     | stock_bot.news.crawler:fetch_naver_news:165 - news relevance filter: 3 → 2 (제외 1건) [265740]
2026-09-02 11:50:00.288 | INFO     | stock_bot.news.crawler:fetch_naver_news:170 - fetched 2 news items for 265740
2026-09-02 11:50:00.296 | DEBUG    | stock_bot.live.runner:_news_tick:769 - news 265740 new=0/2 (모두 중복)
2026-09-02 11:50:00.498 | INFO     | stock_bot.news.crawler:fetch_naver_news:165 - news relevance filter: 3 → 1 (제외 2건) [123330]
2026-09-02 11:50:00.499 | INFO     | stock_bot.news.crawler:fetch_naver_news:170 - fetched 1 news items for 123330
2026-09-02 11:50:00.504 | DEBUG    | stock_bot.live.runner:_news_tick:769 - news 123330 new=0/1 (모두 중복)
2026-09-02 11:50:10.057 | INFO     | stock_bot.live.runner:_tick:1471 - 265740 엔에프씨 [ensemble] HOLD score=+0.24 B1/S0 | 현재가 7,210원 | 손절 -4.00%(ATR)
    VWAP 7,290원 -1.10% ▲매수 (+0.294)
    ST 상승추세 ─홀드 (+0.000)
    RSI 47.7 (기준 30/74) ─홀드 (+0.000)
    BB 7,171~7,292원 현재 7,210원 ─홀드 (+0.000)  ← 중간 [───●──────] 32%
    DC  ─홀드  ← 미보유 또는 청산 조건 미해당 (+0.000)
    거래량  MA25대비 0.07x  ▼(penalty) (-0.0500)  ← 점수 조정 -0.0500
2026-09-02 11:50:13.068 | INFO     | stock_bot.live.runner:_tick:1471 - 123330 제닉 [ensemble] HOLD score=+0.00 B0/S0 | 현재가 35,700원 | 손절 -4.00%(ATR)
    VWAP 34,595원 +3.20% ─홀드 (+0.000)
    ST 상승추세 ─홀드 (+0.000)
    RSI 64.7 (기준 30/74) ─홀드 (+0.000)
    BB 33,819~36,091원 현재 35,700원 ─홀드 (+0.000)  ← 상단근접 [────────●─] 83%
    DC  ─홀드  ← 미보유 또는 청산 조건 미해당 (+0.000)
    거래량  MA25대비 0.59x  〰(neutral) (+0.0000)  ← 임계 미달 (기준 ≥1.2/≤0.7x) → 중립
2026-09-02 11:55:00.304 | INFO     | stock_bot.news.crawler:fetch_naver_news:165 - news relevance filter: 3 → 2 (제외 1건) [265740]
2026-09-02 11:55:00.305 | INFO     | stock_bot.news.crawler:fetch_naver_news:170 - fetched 2 news items for 265740
2026-09-02 11:55:00.313 | DEBUG    | stock_bot.live.runner:_news_tick:769 - news 265740 new=0/2 (모두 중복)
2026-09-02 11:55:00.519 | INFO     | stock_bot.news.crawler:fetch_naver_news:165 - news relevance filter: 3 → 1 (제외 2건) [123330]
2026-09-02 11:55:00.520 | INFO     | stock_bot.news.crawler:fetch_naver_news:170 - fetched 1 news items for 123330
2026-09-02 11:55:00.525 | DEBUG    | stock_bot.live.runner:_news_tick:769 - news 123330 new=0/1 (모두 중복)
2026-09-02 11:55:10.787 | INFO     | stock_bot.live.runner:_tick:1471 - 265740 엔에프씨 [ensemble] HOLD score=+0.24 B1/S0 | 현재가 7,210원 | 손절 -4.00%(ATR)
    VWAP 7,289원 -1.09% ▲매수 (+0.294)
    ST 상승추세 ─홀드 (+0.000)
    RSI 47.5 (기준 30/74) ─홀드 (+0.000)
    BB 7,168~7,293원 현재 7,210원 ─홀드 (+0.000)  ← 중간 [───●──────] 34%
    DC  ─홀드  ← 미보유 또는 청산 조건 미해당 (+0.000)
    거래량  MA25대비 0.13x  ▼(penalty) (-0.0500)  ← 점수 조정 -0.0500
2026-09-02 11:55:19.298 | INFO     | stock_bot.live.runner:_tick:1471 - 123330 제닉 [ensemble] HOLD score=+0.00 B0/S0 | 현재가 35,550원 | 손절 -4.00%(ATR)
    VWAP 34,620원 +2.69% ─홀드 (+0.000)
    ST 상승추세 ─홀드 (+0.000)
    RSI 61.7 (기준 30/74) ─홀드 (+0.000)
    BB 33,863~36,137원 현재 35,550원 ─홀드 (+0.000)  ← 중간 [───────●──] 74%
    DC  ─홀드  ← 미보유 또는 청산 조건 미해당 (+0.000)
    거래량  MA25대비 0.67x  〰(neutral) (+0.0000)  ← 임계 미달 (기준 ≥1.2/≤0.7x) → 중립
2026-09-02 12:00:00.372 | INFO     | stock_bot.news.crawler:fetch_naver_news:165 - news relevance filter: 3 → 2 (제외 1건) [265740]
2026-09-02 12:00:00.373 | INFO     | stock_bot.news.crawler:fetch_naver_news:170 - fetched 2 news items for 265740
2026-09-02 12:00:00.381 | DEBUG    | stock_bot.live.runner:_news_tick:769 - news 265740 new=0/2 (모두 중복)
2026-09-02 12:00:00.581 | INFO     | stock_bot.news.crawler:fetch_naver_news:165 - news relevance filter: 3 → 1 (제외 2건) [123330]
2026-09-02 12:00:00.582 | INFO     | stock_bot.news.crawler:fetch_naver_news:170 - fetched 1 news items for 123330
2026-09-02 12:00:00.587 | DEBUG    | stock_bot.live.runner:_news_tick:769 - news 123330 new=0/1 (모두 중복)
2026-09-02 12:00:16.549 | INFO     | stock_bot.live.runner:_tick:1471 - 265740 엔에프씨 [ensemble] HOLD score=+0.39 B1/S0 | 현재가 7,210원 | 손절 -4.00%(ATR)
    VWAP 7,288원 -1.07% ▲매수 (+0.294)
    ST 상승추세 ─홀드 (+0.000)
    RSI 47.6 (기준 30/74) ─홀드 (+0.000)
    BB 7,169~7,293원 현재 7,210원 ─홀드 (+0.000)  ← 중간 [───●──────] 33%
    DC  ─홀드  ← 미보유 또는 청산 조건 미해당 (+0.000)
    거래량  MA25대비 1.79x  ▲(boost) (+0.1000)  ← 점수 조정 +0.1000
2026-09-02 12:00:28.112 | INFO     | stock_bot.live.runner:_tick:1471 - 123330 제닉 [ensemble] HOLD score=+0.00 B0/S0 | 현재가 35,550원 | 손절 -4.00%(ATR)
    VWAP 34,664원 +2.56% ─홀드 (+0.000)
    ST 상승추세 ─홀드 (+0.000)
    RSI 61.2 (기준 30/74) ─홀드 (+0.000)
    BB 33,965~36,180원 현재 35,550원 ─홀드 (+0.000)  ← 중간 [───────●──] 72%
    DC  ─홀드  ← 미보유 또는 청산 조건 미해당 (+0.000)
    거래량  MA25대비 1.35x  〰(neutral) (+0.0000)  ← 임계 미달 (기준 ≥1.2/≤0.7x) → 중립
2026-09-02 12:05:00.293 | INFO     | stock_bot.news.crawler:fetch_naver_news:165 - news relevance filter: 3 → 2 (제외 1건) [265740]
2026-09-02 12:05:00.294 | INFO     | stock_bot.news.crawler:fetch_naver_news:170 - fetched 2 news items for 265740
2026-09-02 12:05:00.303 | DEBUG    | stock_bot.live.runner:_news_tick:769 - news 265740 new=0/2 (모두 중복)
2026-09-02 12:05:00.517 | INFO     | stock_bot.news.crawler:fetch_naver_news:165 - news relevance filter: 3 → 1 (제외 2건) [123330]
2026-09-02 12:05:00.518 | INFO     | stock_bot.news.crawler:fetch_naver_news:170 - fetched 1 news items for 123330
2026-09-02 12:05:00.523 | DEBUG    | stock_bot.live.runner:_news_tick:769 - news 123330 new=0/1 (모두 중복)
2026-09-02 12:05:10.128 | INFO     | stock_bot.live.runner:_tick:1471 - 265740 엔에프씨 [ensemble] HOLD score=+0.24 B1/S0 | 현재가 7,190원 | 손절 -4.00%(ATR)
    VWAP 7,288원 -1.34% ▲매수 (+0.294)
    ST 상승추세 ─홀드 (+0.000)
    RSI 45.7 (기준 30/74) ─홀드 (+0.000)
    BB 7,165~7,294원 현재 7,190원 ─홀드 (+0.000)  ← 하단근접 [─●────────] 19%
    DC  ─홀드  ← 미보유 또는 청산 조건 미해당 (+0.000)
    거래량  MA25대비 0.27x  ▼(penalty) (-0.0500)  ← 점수 조정 -0.0500
2026-09-02 12:05:17.197 | INFO     | stock_bot.live.runner:_tick:1471 - 123330 제닉 [ensemble] HOLD score=+0.00 B0/S0 | 현재가 35,550원 | 손절 -4.00%(ATR)
    VWAP 34,684원 +2.50% ─홀드 (+0.000)
    ST 상승추세 ─홀드 (+0.000)
    RSI 61.1 (기준 30/74) ─홀드 (+0.000)
    BB 34,090~36,200원 현재 35,550원 ─홀드 (+0.000)  ← 중간 [──────●───] 69%
    DC  ─홀드  ← 미보유 또는 청산 조건 미해당 (+0.000)
    거래량  MA25대비 0.64x  〰(neutral) (+0.0000)  ← 임계 미달 (기준 ≥1.2/≤0.7x) → 중립
2026-09-02 12:10:00.295 | INFO     | stock_bot.news.crawler:fetch_naver_news:165 - news relevance filter: 3 → 2 (제외 1건) [265740]
2026-09-02 12:10:00.297 | INFO     | stock_bot.news.crawler:fetch_naver_news:170 - fetched 2 news items for 265740
2026-09-02 12:10:00.305 | DEBUG    | stock_bot.live.runner:_news_tick:769 - news 265740 new=0/2 (모두 중복)
2026-09-02 12:10:00.534 | INFO     | stock_bot.news.crawler:fetch_naver_news:165 - news relevance filter: 3 → 1 (제외 2건) [123330]
2026-09-02 12:10:00.535 | INFO     | stock_bot.news.crawler:fetch_naver_news:170 - fetched 1 news items for 123330
2026-09-02 12:10:00.540 | DEBUG    | stock_bot.live.runner:_news_tick:769 - news 123330 new=0/1 (모두 중복)
2026-09-02 12:10:03.742 | INFO     | stock_bot.live.runner:_tick:1471 - 265740 엔에프씨 [ensemble] HOLD score=+0.29 B1/S0 | 현재가 7,200원 | 손절 -4.00%(ATR)
    VWAP 7,287원 -1.19% ▲매수 (+0.294)
    ST 상승추세 ─홀드 (+0.000)
    RSI 47.1 (기준 30/74) ─홀드 (+0.000)
    BB 7,170~7,294원 현재 7,200원 ─홀드 (+0.000)  ← 하단근접 [──●───────] 24%
    DC  ─홀드  ← 미보유 또는 청산 조건 미해당 (+0.000)
    거래량  MA25대비 0.74x  〰(neutral) (+0.0000)  ← 임계 미달 (기준 ≥1.2/≤0.7x) → 중립
2026-09-02 12:10:06.119 | INFO     | stock_bot.live.runner:_tick:1471 - 123330 제닉 [ensemble] HOLD score=+0.00 B0/S0 | 현재가 35,600원 | 손절 -4.00%(ATR)
    VWAP 34,705원 +2.58% ─홀드 (+0.000)
    ST 상승추세 ─홀드 (+0.000)
    RSI 62.3 (기준 30/74) ─홀드 (+0.000)
    BB 34,214~36,211원 현재 35,600원 ─홀드 (+0.000)  ← 중간 [──────●───] 69%
    DC  ─홀드  ← 미보유 또는 청산 조건 미해당 (+0.000)
    거래량  MA25대비 0.71x  〰(neutral) (+0.0000)  ← 임계 미달 (기준 ≥1.2/≤0.7x) → 중립
2026-09-02 12:15:00.296 | INFO     | stock_bot.news.crawler:fetch_naver_news:165 - news relevance filter: 3 → 2 (제외 1건) [265740]
2026-09-02 12:15:00.297 | INFO     | stock_bot.news.crawler:fetch_naver_news:170 - fetched 2 news items for 265740
2026-09-02 12:15:00.305 | DEBUG    | stock_bot.live.runner:_news_tick:769 - news 265740 new=0/2 (모두 중복)
2026-09-02 12:15:00.506 | INFO     | stock_bot.news.crawler:fetch_naver_news:165 - news relevance filter: 3 → 1 (제외 2건) [123330]
2026-09-02 12:15:00.507 | INFO     | stock_bot.news.crawler:fetch_naver_news:170 - fetched 1 news items for 123330
2026-09-02 12:15:00.512 | DEBUG    | stock_bot.live.runner:_news_tick:769 - news 123330 new=0/1 (모두 중복)
2026-09-02 12:15:14.940 | INFO     | stock_bot.live.runner:_tick:1471 - 265740 엔에프씨 [ensemble] HOLD score=+0.24 B1/S0 | 현재가 7,200원 | 손절 -4.00%(ATR)
    VWAP 7,287원 -1.19% ▲매수 (+0.294)
    ST 상승추세 ─홀드 (+0.000)
    RSI 47.0 (기준 30/74) ─홀드 (+0.000)
    BB 7,166~7,294원 현재 7,200원 ─홀드 (+0.000)  ← 중간 [──●───────] 26%
    DC  ─홀드  ← 미보유 또는 청산 조건 미해당 (+0.000)
    거래량  MA25대비 0.09x  ▼(penalty) (-0.0500)  ← 점수 조정 -0.0500
2026-09-02 12:15:24.057 | INFO     | stock_bot.live.runner:_tick:1471 - 123330 제닉 [ensemble] HOLD score=+0.00 B0/S0 | 현재가 35,650원 | 손절 -4.00%(ATR)
    VWAP 34,725원 +2.67% ─홀드 (+0.000)
    ST 상승추세 ─홀드 (+0.000)
    RSI 62.9 (기준 30/74) ─홀드 (+0.000)
    BB 34,301~36,239원 현재 35,650원 ─홀드 (+0.000)  ← 중간 [──────●───] 70%
    DC  ─홀드  ← 미보유 또는 청산 조건 미해당 (+0.000)
    거래량  MA25대비 0.65x  〰(neutral) (+0.0000)  ← 임계 미달 (기준 ≥1.2/≤0.7x) → 중립
2026-09-02 12:20:00.305 | INFO     | stock_bot.news.crawler:fetch_naver_news:165 - news relevance filter: 3 → 2 (제외 1건) [265740]
2026-09-02 12:20:00.306 | INFO     | stock_bot.news.crawler:fetch_naver_news:170 - fetched 2 news items for 265740
2026-09-02 12:20:00.316 | DEBUG    | stock_bot.live.runner:_news_tick:769 - news 265740 new=0/2 (모두 중복)
2026-09-02 12:20:00.526 | INFO     | stock_bot.news.crawler:fetch_naver_news:165 - news relevance filter: 3 → 1 (제외 2건) [123330]
2026-09-02 12:20:00.527 | INFO     | stock_bot.news.crawler:fetch_naver_news:170 - fetched 1 news items for 123330
2026-09-02 12:20:00.532 | DEBUG    | stock_bot.live.runner:_news_tick:769 - news 123330 new=0/1 (모두 중복)
2026-09-02 12:20:04.660 | INFO     | stock_bot.live.runner:_tick:1471 - 265740 엔에프씨 [ensemble] HOLD score=+0.39 B1/S0 | 현재가 7,170원 | 손절 -4.00%(ATR)
    VWAP 7,283원 -1.55% ▲매수 (+0.294)
    ST 상승추세 ─홀드 (+0.000)
    RSI 44.6 (기준 30/74) ─홀드 (+0.000)
    BB 7,153~7,297원 현재 7,170원 ─홀드 (+0.000)  ← 하단근접 [─●────────] 12%
    DC  ─홀드  ← 미보유 또는 청산 조건 미해당 (+0.000)
    거래량  MA25대비 1.67x  ▲(boost) (+0.1000)  ← 점수 조정 +0.1000
2026-09-02 12:20:08.519 | INFO     | stock_bot.live.runner:_tick:1471 - 123330 제닉 [ensemble] HOLD score=+0.00 B0/S0 | 현재가 35,650원 | 손절 -4.00%(ATR)
    VWAP 34,767원 +2.54% ─홀드 (+0.000)
    ST 상승추세 ─홀드 (+0.000)
    RSI 62.9 (기준 30/74) ─홀드 (+0.000)
    BB 34,416~36,239원 현재 35,650원 ─홀드 (+0.000)  ← 중간 [──────●───] 68%
    DC  ─홀드  ← 미보유 또는 청산 조건 미해당 (+0.000)
    거래량  MA25대비 1.72x  〰(neutral) (+0.0000)  ← 임계 미달 (기준 ≥1.2/≤0.7x) → 중립
2026-09-02 12:25:00.374 | INFO     | stock_bot.news.crawler:fetch_naver_news:165 - news relevance filter: 3 → 2 (제외 1건) [265740]
2026-09-02 12:25:00.375 | INFO     | stock_bot.news.crawler:fetch_naver_news:170 - fetched 2 news items for 265740
2026-09-02 12:25:00.383 | DEBUG    | stock_bot.live.runner:_news_tick:769 - news 265740 new=0/2 (모두 중복)
2026-09-02 12:25:00.589 | INFO     | stock_bot.news.crawler:fetch_naver_news:165 - news relevance filter: 3 → 1 (제외 2건) [123330]
2026-09-02 12:25:00.590 | INFO     | stock_bot.news.crawler:fetch_naver_news:170 - fetched 1 news items for 123330
2026-09-02 12:25:00.595 | DEBUG    | stock_bot.live.runner:_news_tick:769 - news 123330 new=0/1 (모두 중복)
2026-09-02 12:25:12.599 | INFO     | stock_bot.live.runner:_tick:1471 - 265740 엔에프씨 [ensemble] HOLD score=+0.24 B1/S0 | 현재가 7,210원 | 손절 -4.00%(ATR)
    VWAP 7,282원 -0.98% ▲매수 (+0.294)
    ST 상승추세 ─홀드 (+0.000)
    RSI 48.7 (기준 30/74) ─홀드 (+0.000)
    BB 7,149~7,296원 현재 7,210원 ─홀드 (+0.000)  ← 중간 [────●─────] 41%
    DC  ─홀드  ← 미보유 또는 청산 조건 미해당 (+0.000)
    거래량  MA25대비 0.48x  ▼(penalty) (-0.0500)  ← 점수 조정 -0.0500
2026-09-02 12:25:21.301 | INFO     | stock_bot.live.runner:_tick:1471 - 123330 제닉 [ensemble] HOLD score=+0.00 B0/S0 | 현재가 35,450원 | 손절 -4.00%(ATR)
    VWAP 34,795원 +1.88% ─홀드 (+0.000)
    ST 상승추세 ─홀드 (+0.000)
    RSI 58.0 (기준 30/74) ─홀드 (+0.000)
    BB 34,550~36,185원 현재 35,450원 ─홀드 (+0.000)  ← 중간 [─────●────] 55%
    DC  ─홀드  ← 미보유 또는 청산 조건 미해당 (+0.000)
    거래량  MA25대비 1.30x  〰(neutral) (+0.0000)  ← 임계 미달 (기준 ≥1.2/≤0.7x) → 중립
2026-09-02 12:30:00.315 | INFO     | stock_bot.news.crawler:fetch_naver_news:165 - news relevance filter: 3 → 2 (제외 1건) [265740]
2026-09-02 12:30:00.316 | INFO     | stock_bot.news.crawler:fetch_naver_news:170 - fetched 2 news items for 265740
2026-09-02 12:30:00.324 | DEBUG    | stock_bot.live.runner:_news_tick:769 - news 265740 new=0/2 (모두 중복)
2026-09-02 12:30:00.531 | INFO     | stock_bot.news.crawler:fetch_naver_news:165 - news relevance filter: 3 → 1 (제외 2건) [123330]
2026-09-02 12:30:00.532 | INFO     | stock_bot.news.crawler:fetch_naver_news:170 - fetched 1 news items for 123330
2026-09-02 12:30:00.537 | DEBUG    | stock_bot.live.runner:_news_tick:769 - news 123330 new=0/1 (모두 중복)
2026-09-02 12:30:08.197 | INFO     | stock_bot.live.runner:_tick:1471 - 265740 엔에프씨 [ensemble] HOLD score=+0.29 B1/S0 | 현재가 7,180원 | 손절 -4.00%(ATR)
    VWAP 7,282원 -1.40% ▲매수 (+0.294)
    ST 상승추세 ─홀드 (+0.000)
    RSI 45.8 (기준 30/74) ─홀드 (+0.000)
    BB 7,152~7,292원 현재 7,180원 ─홀드 (+0.000)  ← 하단근접 [──●───────] 20%
    DC  ─홀드  ← 미보유 또는 청산 조건 미해당 (+0.000)
    거래량  MA25대비 0.75x  〰(neutral) (+0.0000)  ← 임계 미달 (기준 ≥1.2/≤0.7x) → 중립
2026-09-02 12:30:13.205 | INFO     | stock_bot.live.runner:_tick:1471 - 123330 제닉 [ensemble] HOLD score=+0.00 B0/S0 | 현재가 35,450원 | 손절 -4.00%(ATR)
    VWAP 34,807원 +1.85% ─홀드 (+0.000)
    ST 상승추세 ─홀드 (+0.000)
    RSI 58.1 (기준 30/74) ─홀드 (+0.000)
    BB 34,709~36,126원 현재 35,450원 ─홀드 (+0.000)  ← 중간 [─────●────] 52%
    DC  ─홀드  ← 미보유 또는 청산 조건 미해당 (+0.000)
    거래량  MA25대비 0.78x  〰(neutral) (+0.0000)  ← 임계 미달 (기준 ≥1.2/≤0.7x) → 중립
2026-09-02 12:35:00.304 | INFO     | stock_bot.news.crawler:fetch_naver_news:165 - news relevance filter: 3 → 2 (제외 1건) [265740]
2026-09-02 12:35:00.305 | INFO     | stock_bot.news.crawler:fetch_naver_news:170 - fetched 2 news items for 265740
2026-09-02 12:35:00.314 | DEBUG    | stock_bot.live.runner:_news_tick:769 - news 265740 new=0/2 (모두 중복)
2026-09-02 12:35:00.588 | INFO     | stock_bot.news.crawler:fetch_naver_news:165 - news relevance filter: 3 → 1 (제외 2건) [123330]
2026-09-02 12:35:00.589 | INFO     | stock_bot.news.crawler:fetch_naver_news:170 - fetched 1 news items for 123330
2026-09-02 12:35:00.594 | DEBUG    | stock_bot.live.runner:_news_tick:769 - news 123330 new=0/1 (모두 중복)
2026-09-02 12:35:15.917 | INFO     | stock_bot.live.runner:_tick:1471 - 265740 엔에프씨 [ensemble] HOLD score=+0.24 B1/S0 | 현재가 7,190원 | 손절 -4.00%(ATR)
    VWAP 7,281원 -1.25% ▲매수 (+0.294)
    ST 상승추세 ─홀드 (+0.000)
    RSI 46.8 (기준 30/74) ─홀드 (+0.000)
    BB 7,146~7,291원 현재 7,190원 ─홀드 (+0.000)  ← 중간 [───●──────] 30%
    DC  ─홀드  ← 미보유 또는 청산 조건 미해당 (+0.000)
    거래량  MA25대비 0.13x  ▼(penalty) (-0.0500)  ← 점수 조정 -0.0500
2026-09-02 12:35:25.735 | INFO     | stock_bot.live.runner:_tick:1471 - 123330 제닉 [ensemble] HOLD score=+0.00 B0/S0 | 현재가 35,450원 | 손절 -4.00%(ATR)
    VWAP 34,818원 +1.81% ─홀드 (+0.000)
    ST 상승추세 ─홀드 (+0.000)
    RSI 57.8 (기준 30/74) ─홀드 (+0.000)
    BB 34,862~36,053원 현재 35,450원 ─홀드 (+0.000)  ← 중간 [────●─────] 49%
    DC  ─홀드  ← 미보유 또는 청산 조건 미해당 (+0.000)
    거래량  MA25대비 0.63x  〰(neutral) (+0.0000)  ← 임계 미달 (기준 ≥1.2/≤0.7x) → 중립
2026-09-02 12:40:00.298 | INFO     | stock_bot.news.crawler:fetch_naver_news:165 - news relevance filter: 3 → 2 (제외 1건) [265740]
2026-09-02 12:40:00.299 | INFO     | stock_bot.news.crawler:fetch_naver_news:170 - fetched 2 news items for 265740
2026-09-02 12:40:00.307 | DEBUG    | stock_bot.live.runner:_news_tick:769 - news 265740 new=0/2 (모두 중복)
2026-09-02 12:40:00.510 | INFO     | stock_bot.news.crawler:fetch_naver_news:165 - news relevance filter: 3 → 1 (제외 2건) [123330]
2026-09-02 12:40:00.510 | INFO     | stock_bot.news.crawler:fetch_naver_news:170 - fetched 1 news items for 123330
2026-09-02 12:40:00.515 | DEBUG    | stock_bot.live.runner:_news_tick:769 - news 123330 new=0/1 (모두 중복)
2026-09-02 12:40:07.738 | INFO     | stock_bot.live.runner:_tick:1471 - 265740 엔에프씨 [ensemble] HOLD score=+0.24 B1/S0 | 현재가 7,200원 | 손절 -4.00%(ATR)
    VWAP 7,280원 -1.10% ▲매수 (+0.294)
    ST 상승추세 ─홀드 (+0.000)
    RSI 47.8 (기준 30/74) ─홀드 (+0.000)
    BB 7,145~7,289원 현재 7,200원 ─홀드 (+0.000)  ← 중간 [───●──────] 38%
    DC  ─홀드  ← 미보유 또는 청산 조건 미해당 (+0.000)
    거래량  MA25대비 0.01x  ▼(penalty) (-0.0500)  ← 점수 조정 -0.0500
2026-09-02 12:40:11.756 | INFO     | stock_bot.live.runner:_tick:1471 - 123330 제닉 [ensemble] HOLD score=+0.00 B0/S0 | 현재가 35,450원 | 손절 -3.97%(ATR)
    VWAP 34,828원 +1.79% ─홀드 (+0.000)
    ST 상승추세 ─홀드 (+0.000)
    RSI 57.6 (기준 30/74) ─홀드 (+0.000)
    BB 35,038~35,957원 현재 35,450원 ─홀드 (+0.000)  ← 중간 [────●─────] 45%
    DC  ─홀드  ← 미보유 또는 청산 조건 미해당 (+0.000)
    거래량  MA25대비 0.72x  〰(neutral) (+0.0000)  ← 임계 미달 (기준 ≥1.2/≤0.7x) → 중립
2026-09-02 12:45:00.309 | INFO     | stock_bot.news.crawler:fetch_naver_news:165 - news relevance filter: 3 → 2 (제외 1건) [265740]
2026-09-02 12:45:00.310 | INFO     | stock_bot.news.crawler:fetch_naver_news:170 - fetched 2 news items for 265740
2026-09-02 12:45:00.318 | DEBUG    | stock_bot.live.runner:_news_tick:769 - news 265740 new=0/2 (모두 중복)
2026-09-02 12:45:00.518 | INFO     | stock_bot.news.crawler:fetch_naver_news:165 - news relevance filter: 3 → 1 (제외 2건) [123330]
2026-09-02 12:45:00.519 | INFO     | stock_bot.news.crawler:fetch_naver_news:170 - fetched 1 news items for 123330
2026-09-02 12:45:00.524 | DEBUG    | stock_bot.live.runner:_news_tick:769 - news 123330 new=0/1 (모두 중복)
2026-09-02 12:45:12.526 | INFO     | stock_bot.live.runner:_tick:1471 - 265740 엔에프씨 [ensemble] HOLD score=+0.24 B1/S0 | 현재가 7,190원 | 손절 -3.86%(ATR)
    VWAP 7,280원 -1.24% ▲매수 (+0.294)
    ST 상승추세 ─홀드 (+0.000)
    RSI 47.2 (기준 30/74) ─홀드 (+0.000)
    BB 7,142~7,289원 현재 7,190원 ─홀드 (+0.000)  ← 중간 [───●──────] 33%
    DC  ─홀드  ← 미보유 또는 청산 조건 미해당 (+0.000)
    거래량  MA25대비 0.08x  ▼(penalty) (-0.0500)  ← 점수 조정 -0.0500
2026-09-02 12:45:22.426 | INFO     | stock_bot.live.runner:_tick:1471 - 123330 제닉 [ensemble] HOLD score=+0.00 B0/S0 | 현재가 35,550원 | 손절 -3.82%(ATR)
    VWAP 34,840원 +2.04% ─홀드 (+0.000)
    ST 상승추세 ─홀드 (+0.000)
    RSI 59.6 (기준 30/74) ─홀드 (+0.000)
    BB 35,250~35,835원 현재 35,550원 ─홀드 (+0.000)  ← 중간 [─────●────] 51%
    DC  ─홀드  ← 미보유 또는 청산 조건 미해당 (+0.000)
    거래량  MA25대비 0.65x  〰(neutral) (+0.0000)  ← 임계 미달 (기준 ≥1.2/≤0.7x) → 중립
2026-09-02 12:50:00.303 | INFO     | stock_bot.news.crawler:fetch_naver_news:165 - news relevance filter: 3 → 2 (제외 1건) [265740]
2026-09-02 12:50:00.304 | INFO     | stock_bot.news.crawler:fetch_naver_news:170 - fetched 2 news items for 265740
2026-09-02 12:50:00.312 | DEBUG    | stock_bot.live.runner:_news_tick:769 - news 265740 new=0/2 (모두 중복)
2026-09-02 12:50:00.517 | INFO     | stock_bot.news.crawler:fetch_naver_news:165 - news relevance filter: 3 → 1 (제외 2건) [123330]
2026-09-02 12:50:00.518 | INFO     | stock_bot.news.crawler:fetch_naver_news:170 - fetched 1 news items for 123330
2026-09-02 12:50:00.523 | DEBUG    | stock_bot.live.runner:_news_tick:769 - news 123330 new=0/1 (모두 중복)
2026-09-02 12:50:04.395 | INFO     | stock_bot.live.runner:_tick:1471 - 265740 엔에프씨 [ensemble] HOLD score=+0.24 B1/S0 | 현재가 7,200원 | 손절 -3.91%(ATR)
    VWAP 7,280원 -1.10% ▲매수 (+0.294)
    ST 상승추세 ─홀드 (+0.000)
    RSI 48.4 (기준 30/74) ─홀드 (+0.000)
    BB 7,138~7,289원 현재 7,200원 ─홀드 (+0.000)  ← 중간 [────●─────] 41%
    DC  ─홀드  ← 미보유 또는 청산 조건 미해당 (+0.000)
    거래량  MA25대비 0.10x  ▼(penalty) (-0.0500)  ← 점수 조정 -0.0500
2026-09-02 12:50:07.497 | INFO     | stock_bot.live.runner:_tick:1471 - 123330 제닉 [ensemble] HOLD score=+0.00 B0/S0 | 현재가 35,550원 | 손절 -3.74%(ATR)
    VWAP 34,851원 +2.00% ─홀드 (+0.000)
    ST 상승추세 ─홀드 (+0.000)
    RSI 59.2 (기준 30/74) ─홀드 (+0.000)
    BB 35,271~35,829원 현재 35,550원 ─홀드 (+0.000)  ← 중간 [─────●────] 50%
    DC  ─홀드  ← 미보유 또는 청산 조건 미해당 (+0.000)
    거래량  MA25대비 0.77x  〰(neutral) (+0.0000)  ← 임계 미달 (기준 ≥1.2/≤0.7x) → 중립
2026-09-02 12:55:00.315 | INFO     | stock_bot.news.crawler:fetch_naver_news:165 - news relevance filter: 3 → 2 (제외 1건) [265740]
2026-09-02 12:55:00.317 | INFO     | stock_bot.news.crawler:fetch_naver_news:170 - fetched 2 news items for 265740
2026-09-02 12:55:00.325 | DEBUG    | stock_bot.live.runner:_news_tick:769 - news 265740 new=0/2 (모두 중복)
2026-09-02 12:55:00.534 | INFO     | stock_bot.news.crawler:fetch_naver_news:165 - news relevance filter: 3 → 1 (제외 2건) [123330]
2026-09-02 12:55:00.534 | INFO     | stock_bot.news.crawler:fetch_naver_news:170 - fetched 1 news items for 123330
2026-09-02 12:55:00.539 | DEBUG    | stock_bot.live.runner:_news_tick:769 - news 123330 new=0/1 (모두 중복)
2026-09-02 12:55:08.452 | INFO     | stock_bot.live.runner:_tick:1471 - 265740 엔에프씨 [ensemble] HOLD score=+0.29 B1/S0 | 현재가 7,160원 | 손절 -3.74%(ATR)
    VWAP 7,278원 -1.62% ▲매수 (+0.294)
    ST 상승추세 ─홀드 (+0.000)
    RSI 44.3 (기준 30/74) ─홀드 (+0.000)
    BB 7,152~7,256원 현재 7,160원 ─홀드 (+0.000)  ← 하단근접 [●─────────] 8%
    DC  ─홀드  ← 미보유 또는 청산 조건 미해당 (+0.000)
    거래량  MA25대비 1.06x  〰(neutral) (+0.0000)  ← 임계 미달 (기준 ≥1.2/≤0.7x) → 중립
2026-09-02 12:55:14.299 | INFO     | stock_bot.live.runner:_tick:1471 - 123330 제닉 [ensemble] HOLD score=+0.00 B0/S0 | 현재가 35,650원 | 손절 -3.61%(ATR)
    VWAP 34,862원 +2.26% ─홀드 (+0.000)
    ST 상승추세 ─홀드 (+0.000)
    RSI 60.9 (기준 30/74) ─홀드 (+0.000)
    BB 35,292~35,843원 현재 35,650원 ─홀드 (+0.000)  ← 중간 [──────●───] 65%
    DC  ─홀드  ← 미보유 또는 청산 조건 미해당 (+0.000)
    거래량  MA25대비 0.59x  〰(neutral) (+0.0000)  ← 임계 미달 (기준 ≥1.2/≤0.7x) → 중립
2026-09-02 13:00:00.367 | INFO     | stock_bot.news.crawler:fetch_naver_news:165 - news relevance filter: 3 → 2 (제외 1건) [265740]
2026-09-02 13:00:00.368 | INFO     | stock_bot.news.crawler:fetch_naver_news:170 - fetched 2 news items for 265740
2026-09-02 13:00:00.377 | DEBUG    | stock_bot.live.runner:_news_tick:769 - news 265740 new=0/2 (모두 중복)
2026-09-02 13:00:00.578 | INFO     | stock_bot.news.crawler:fetch_naver_news:165 - news relevance filter: 3 → 1 (제외 2건) [123330]
2026-09-02 13:00:00.579 | INFO     | stock_bot.news.crawler:fetch_naver_news:170 - fetched 1 news items for 123330
2026-09-02 13:00:00.584 | DEBUG    | stock_bot.live.runner:_news_tick:769 - news 123330 new=0/1 (모두 중복)
2026-09-02 13:00:23.040 | INFO     | stock_bot.live.runner:_tick:1471 - 265740 엔에프씨 [ensemble] HOLD score=+0.24 B1/S0 | 현재가 7,200원 | 손절 -3.74%(ATR)
    VWAP 7,278원 -1.07% ▲매수 (+0.294)
    ST 상승추세 ─홀드 (+0.000)
    RSI 48.5 (기준 30/74) ─홀드 (+0.000)
    BB 7,160~7,247원 현재 7,200원 ─홀드 (+0.000)  ← 중간 [────●─────] 46%
    DC  ─홀드  ← 미보유 또는 청산 조건 미해당 (+0.000)
    거래량  MA25대비 0.28x  ▼(penalty) (-0.0500)  ← 점수 조정 -0.0500
2026-09-02 13:00:38.605 | INFO     | stock_bot.live.runner:_tick:1471 - 123330 제닉 [ensemble] HOLD score=+0.00 B0/S0 | 현재가 35,800원 | 손절 -3.67%(ATR)
    VWAP 34,893원 +2.60% ─홀드 (+0.000)
    ST 상승추세 ─홀드 (+0.000)
    RSI 62.8 (기준 30/74) ─홀드 (+0.000)
    BB 35,347~35,868원 현재 35,800원 ─홀드 (+0.000)  ← 상단근접 [────────●─] 87%
    DC  ─홀드  ← 미보유 또는 청산 조건 미해당 (+0.000)
    거래량  MA25대비 1.24x  〰(neutral) (+0.0000)  ← 임계 미달 (기준 ≥1.2/≤0.7x) → 중립
2026-09-02 13:05:00.304 | INFO     | stock_bot.news.crawler:fetch_naver_news:165 - news relevance filter: 3 → 2 (제외 1건) [265740]
2026-09-02 13:05:00.305 | INFO     | stock_bot.news.crawler:fetch_naver_news:170 - fetched 2 news items for 265740
2026-09-02 13:05:00.314 | DEBUG    | stock_bot.live.runner:_news_tick:769 - news 265740 new=0/2 (모두 중복)
2026-09-02 13:05:00.524 | INFO     | stock_bot.news.crawler:fetch_naver_news:165 - news relevance filter: 3 → 1 (제외 2건) [123330]
2026-09-02 13:05:00.525 | INFO     | stock_bot.news.crawler:fetch_naver_news:170 - fetched 1 news items for 123330
2026-09-02 13:05:00.530 | DEBUG    | stock_bot.live.runner:_news_tick:769 - news 123330 new=0/1 (모두 중복)
2026-09-02 13:05:09.570 | INFO     | stock_bot.live.runner:_tick:1471 - 265740 엔에프씨 [ensemble] HOLD score=+0.29 B1/S0 | 현재가 7,190원 | 손절 -4.00%(ATR)
    VWAP 7,277원 -1.20% ▲매수 (+0.294)
    ST 상승추세 ─홀드 (+0.000)
    RSI 47.7 (기준 30/74) ─홀드 (+0.000)
    BB 7,156~7,252원 현재 7,190원 ─홀드 (+0.000)  ← 중간 [───●──────] 36%
    DC  ─홀드  ← 미보유 또는 청산 조건 미해당 (+0.000)
    거래량  MA25대비 1.18x  〰(neutral) (+0.0000)  ← 임계 미달 (기준 ≥1.2/≤0.7x) → 중립
2026-09-02 13:05:17.116 | INFO     | stock_bot.live.runner:_tick:1471 - 123330 제닉 [ensemble] HOLD score=+0.00 B0/S0 | 현재가 36,100원 | 손절 -3.89%(ATR)
    VWAP 34,963원 +3.25% ─홀드 (+0.000)
    ST 상승추세 ─홀드 (+0.000)
    RSI 66.8 (기준 30/74) ─홀드 (+0.000)
    BB 35,261~36,054원 현재 36,100원 ─홀드 (+0.000)  ← 상단근접 [─────────●] 106%
    DC  ─홀드  ← 미보유 또는 청산 조건 미해당 (+0.000)
    거래량  MA25대비 2.65x  〰(neutral) (+0.0000)  ← 임계 미달 (기준 ≥1.2/≤0.7x) → 중립
2026-09-02 13:10:00.248 | INFO     | stock_bot.news.crawler:fetch_naver_news:165 - news relevance filter: 3 → 2 (제외 1건) [265740]
2026-09-02 13:10:00.249 | INFO     | stock_bot.news.crawler:fetch_naver_news:170 - fetched 2 news items for 265740
2026-09-02 13:10:00.258 | DEBUG    | stock_bot.live.runner:_news_tick:769 - news 265740 new=0/2 (모두 중복)
2026-09-02 13:10:00.477 | INFO     | stock_bot.news.crawler:fetch_naver_news:165 - news relevance filter: 3 → 1 (제외 2건) [123330]
2026-09-02 13:10:00.478 | INFO     | stock_bot.news.crawler:fetch_naver_news:170 - fetched 1 news items for 123330
2026-09-02 13:10:00.483 | DEBUG    | stock_bot.live.runner:_news_tick:769 - news 123330 new=0/1 (모두 중복)
2026-09-02 13:10:11.334 | INFO     | stock_bot.live.runner:_tick:1471 - 265740 엔에프씨 [ensemble] HOLD score=+0.24 B1/S0 | 현재가 7,200원 | 손절 -4.00%(ATR)
    VWAP 7,277원 -1.06% ▲매수 (+0.294)
    ST 상승추세 ─홀드 (+0.000)
    RSI 48.4 (기준 30/74) ─홀드 (+0.000)
    BB 7,156~7,254원 현재 7,200원 ─홀드 (+0.000)  ← 중간 [────●─────] 45%
    DC  ─홀드  ← 미보유 또는 청산 조건 미해당 (+0.000)
    거래량  MA25대비 0.04x  ▼(penalty) (-0.0500)  ← 점수 조정 -0.0500
2026-09-02 13:10:19.001 | INFO     | stock_bot.live.runner:_tick:1471 - 123330 제닉 [ensemble] HOLD score=+0.00 B0/S0 | 현재가 35,600원 | 손절 -4.00%(ATR)
    VWAP 35,010원 +1.68% ─홀드 (+0.000)
    ST 상승추세 ─홀드 (+0.000)
    RSI 56.0 (기준 30/74) ─홀드 (+0.000)
    BB 35,299~35,971원 현재 35,600원 ─홀드 (+0.000)  ← 중간 [────●─────] 45%
    DC  ─홀드  ← 미보유 또는 청산 조건 미해당 (+0.000)
    거래량  MA25대비 2.85x  〰(neutral) (+0.0000)  ← 임계 미달 (기준 ≥1.2/≤0.7x) → 중립
2026-09-02 13:15:00.310 | INFO     | stock_bot.news.crawler:fetch_naver_news:165 - news relevance filter: 3 → 2 (제외 1건) [265740]
2026-09-02 13:15:00.311 | INFO     | stock_bot.news.crawler:fetch_naver_news:170 - fetched 2 news items for 265740
2026-09-02 13:15:00.320 | DEBUG    | stock_bot.live.runner:_news_tick:769 - news 265740 new=0/2 (모두 중복)
2026-09-02 13:15:00.754 | INFO     | stock_bot.news.crawler:fetch_naver_news:165 - news relevance filter: 3 → 1 (제외 2건) [123330]
2026-09-02 13:15:00.754 | INFO     | stock_bot.news.crawler:fetch_naver_news:170 - fetched 1 news items for 123330
2026-09-02 13:15:00.759 | DEBUG    | stock_bot.live.runner:_news_tick:769 - news 123330 new=0/1 (모두 중복)
2026-09-02 13:15:11.143 | INFO     | stock_bot.live.runner:_tick:1471 - 265740 엔에프씨 [ensemble] HOLD score=+0.00 B0/S0 | 현재가 7,250원 | 손절 -3.90%(ATR)
    VWAP 7,277원 -0.36% ─홀드 (+0.000)
    ST 상승추세 ─홀드 (+0.000)
    RSI 52.6 (기준 30/74) ─홀드 (+0.000)
    BB 7,154~7,258원 현재 7,250원 ─홀드 (+0.000)  ← 상단근접 [─────────●] 92%
    DC  ─홀드  ← 미보유 또는 청산 조건 미해당 (+0.000)
    거래량  MA25대비 0.66x  〰(neutral) (+0.0000)  ← 임계 미달 (기준 ≥1.2/≤0.7x) → 중립
2026-09-02 13:15:18.262 | INFO     | stock_bot.live.runner:_tick:1471 - 123330 제닉 [ensemble] HOLD score=+0.00 B0/S0 | 현재가 35,600원 | 손절 -4.00%(ATR)
    VWAP 35,022원 +1.65% ─홀드 (+0.000)
    ST 상승추세 ─홀드 (+0.000)
    RSI 55.4 (기준 30/74) ─홀드 (+0.000)
    BB 35,308~35,977원 현재 35,600원 ─홀드 (+0.000)  ← 중간 [────●─────] 44%
    DC  ─홀드  ← 미보유 또는 청산 조건 미해당 (+0.000)
    거래량  MA25대비 0.92x  〰(neutral) (+0.0000)  ← 임계 미달 (기준 ≥1.2/≤0.7x) → 중립
2026-09-02 13:20:00.306 | INFO     | stock_bot.news.crawler:fetch_naver_news:165 - news relevance filter: 3 → 2 (제외 1건) [265740]
2026-09-02 13:20:00.307 | INFO     | stock_bot.news.crawler:fetch_naver_news:170 - fetched 2 news items for 265740
2026-09-02 13:20:00.316 | DEBUG    | stock_bot.live.runner:_news_tick:769 - news 265740 new=0/2 (모두 중복)
2026-09-02 13:20:00.531 | INFO     | stock_bot.news.crawler:fetch_naver_news:165 - news relevance filter: 3 → 1 (제외 2건) [123330]
2026-09-02 13:20:00.531 | INFO     | stock_bot.news.crawler:fetch_naver_news:170 - fetched 1 news items for 123330
2026-09-02 13:20:00.536 | DEBUG    | stock_bot.live.runner:_news_tick:769 - news 123330 new=0/1 (모두 중복)
2026-09-02 13:20:13.124 | INFO     | stock_bot.live.runner:_tick:1471 - 265740 엔에프씨 [ensemble] HOLD score=+0.00 B0/S0 | 현재가 7,250원 | 손절 -3.86%(ATR)
    VWAP 7,276원 -0.36% ─홀드 (+0.000)
    ST 상승추세 ─홀드 (+0.000)
    RSI 52.6 (기준 30/74) ─홀드 (+0.000)
    BB 7,153~7,262원 현재 7,250원 ─홀드 (+0.000)  ← 상단근접 [────────●─] 89%
    DC  ─홀드  ← 미보유 또는 청산 조건 미해당 (+0.000)
    거래량  MA25대비 0.26x  〰(neutral) (+0.0000)  ← 임계 미달 (기준 ≥1.2/≤0.7x) → 중립
2026-09-02 13:20:22.054 | INFO     | stock_bot.live.runner:_tick:1471 - 123330 제닉 [ensemble] HOLD score=+0.00 B0/S0 | 현재가 36,000원 | 손절 -4.00%(ATR)
    VWAP 35,034원 +2.76% ─홀드 (+0.000)
    ST 상승추세 ─홀드 (+0.000)
    RSI 61.5 (기준 30/74) ─홀드 (+0.000)
    BB 35,289~36,041원 현재 36,000원 ─홀드 (+0.000)  ← 상단근접 [─────────●] 95%
    DC  ─홀드  ← 미보유 또는 청산 조건 미해당 (+0.000)
    거래량  MA25대비 0.71x  〰(neutral) (+0.0000)  ← 임계 미달 (기준 ≥1.2/≤0.7x) → 중립
2026-09-02 13:25:00.367 | INFO     | stock_bot.news.crawler:fetch_naver_news:165 - news relevance filter: 3 → 2 (제외 1건) [265740]
2026-09-02 13:25:00.368 | INFO     | stock_bot.news.crawler:fetch_naver_news:170 - fetched 2 news items for 265740
2026-09-02 13:25:00.377 | DEBUG    | stock_bot.live.runner:_news_tick:769 - news 265740 new=0/2 (모두 중복)
2026-09-02 13:25:00.591 | INFO     | stock_bot.news.crawler:fetch_naver_news:165 - news relevance filter: 3 → 1 (제외 2건) [123330]
2026-09-02 13:25:00.592 | INFO     | stock_bot.news.crawler:fetch_naver_news:170 - fetched 1 news items for 123330
2026-09-02 13:25:00.597 | DEBUG    | stock_bot.live.runner:_news_tick:769 - news 123330 new=0/1 (모두 중복)
2026-09-02 13:25:10.116 | INFO     | stock_bot.live.runner:_tick:1471 - 265740 엔에프씨 [ensemble] HOLD score=+0.24 B1/S0 | 현재가 7,220원 | 손절 -3.69%(ATR)
    VWAP 7,276원 -0.77% ▲매수 (+0.294)
    ST 상승추세 ─홀드 (+0.000)
    RSI 49.9 (기준 30/74) ─홀드 (+0.000)
    BB 7,154~7,261원 현재 7,220원 ─홀드 (+0.000)  ← 중간 [──────●───] 62%
    DC  ─홀드  ← 미보유 또는 청산 조건 미해당 (+0.000)
    거래량  MA25대비 0.05x  ▼(penalty) (-0.0500)  ← 점수 조정 -0.0500
2026-09-02 13:25:16.739 | INFO     | stock_bot.live.runner:_tick:1471 - 123330 제닉 [ensemble] HOLD score=+0.00 B0/S0 | 현재가 35,950원 | 손절 -4.00%(ATR)
    VWAP 35,050원 +2.57% ─홀드 (+0.000)
    ST 상승추세 ─홀드 (+0.000)
    RSI 61.0 (기준 30/74) ─홀드 (+0.000)
    BB 35,285~36,060원 현재 35,950원 ─홀드 (+0.000)  ← 상단근접 [────────●─] 86%
    DC  ─홀드  ← 미보유 또는 청산 조건 미해당 (+0.000)
    거래량  MA25대비 0.78x  〰(neutral) (+0.0000)  ← 임계 미달 (기준 ≥1.2/≤0.7x) → 중립
2026-09-02 13:30:00.312 | INFO     | stock_bot.news.crawler:fetch_naver_news:165 - news relevance filter: 3 → 2 (제외 1건) [265740]
2026-09-02 13:30:00.313 | INFO     | stock_bot.news.crawler:fetch_naver_news:170 - fetched 2 news items for 265740
2026-09-02 13:30:00.321 | DEBUG    | stock_bot.live.runner:_news_tick:769 - news 265740 new=0/2 (모두 중복)
2026-09-02 13:30:00.520 | INFO     | stock_bot.news.crawler:fetch_naver_news:165 - news relevance filter: 3 → 1 (제외 2건) [123330]
2026-09-02 13:30:00.521 | INFO     | stock_bot.news.crawler:fetch_naver_news:170 - fetched 1 news items for 123330
2026-09-02 13:30:00.526 | DEBUG    | stock_bot.live.runner:_news_tick:769 - news 123330 new=0/1 (모두 중복)
2026-09-02 13:30:17.835 | INFO     | stock_bot.live.runner:_tick:1471 - 265740 엔에프씨 [ensemble] HOLD score=+0.24 B1/S0 | 현재가 7,220원 | 손절 -3.52%(ATR)
    VWAP 7,276원 -0.77% ▲매수 (+0.294)
    ST 상승추세 ─홀드 (+0.000)
    RSI 50.0 (기준 30/74) ─홀드 (+0.000)
    BB 7,154~7,260원 현재 7,220원 ─홀드 (+0.000)  ← 중간 [──────●───] 62%
    DC  ─홀드  ← 미보유 또는 청산 조건 미해당 (+0.000)
    거래량  MA25대비 0.03x  ▼(penalty) (-0.0500)  ← 점수 조정 -0.0500
2026-09-02 13:30:28.526 | INFO     | stock_bot.live.runner:_tick:1471 - 123330 제닉 [ensemble] HOLD score=+0.00 B0/S0 | 현재가 36,000원 | 손절 -4.00%(ATR)
    VWAP 35,067원 +2.66% ─홀드 (+0.000)
    ST 상승추세 ─홀드 (+0.000)
    RSI 60.7 (기준 30/74) ─홀드 (+0.000)
    BB 35,264~36,136원 현재 36,000원 ─홀드 (+0.000)  ← 상단근접 [────────●─] 84%
    DC  ─홀드  ← 미보유 또는 청산 조건 미해당 (+0.000)
    거래량  MA25대비 0.73x  〰(neutral) (+0.0000)  ← 임계 미달 (기준 ≥1.2/≤0.7x) → 중립
2026-09-02 13:35:00.317 | INFO     | stock_bot.news.crawler:fetch_naver_news:165 - news relevance filter: 3 → 2 (제외 1건) [265740]
2026-09-02 13:35:00.318 | INFO     | stock_bot.news.crawler:fetch_naver_news:170 - fetched 2 news items for 265740
2026-09-02 13:35:00.327 | DEBUG    | stock_bot.live.runner:_news_tick:769 - news 265740 new=0/2 (모두 중복)
2026-09-02 13:35:00.599 | INFO     | stock_bot.news.crawler:fetch_naver_news:165 - news relevance filter: 3 → 1 (제외 2건) [123330]
2026-09-02 13:35:00.600 | INFO     | stock_bot.news.crawler:fetch_naver_news:170 - fetched 1 news items for 123330
2026-09-02 13:35:00.605 | DEBUG    | stock_bot.live.runner:_news_tick:769 - news 123330 new=0/1 (모두 중복)
2026-09-02 13:35:07.986 | INFO     | stock_bot.live.runner:_tick:1471 - 265740 엔에프씨 [ensemble] HOLD score=+0.51 B2/S0 | 현재가 7,180원 | 손절 -3.81%(ATR)
    VWAP 7,275원 -1.30% ▲매수 (+0.294)
    ST 하락추세 ─홀드 (+0.000)
    RSI 47.1 (기준 30/74) ─홀드 (+0.000)
    BB 7,141~7,264원 현재 7,180원 ▲매수 (+0.212)
    DC  ─홀드  ← 미보유 또는 청산 조건 미해당 (+0.000)
    거래량  MA25대비 1.16x  〰(neutral) (+0.0000)  ← 임계 미달 (기준 ≥1.2/≤0.7x) → 중립
2026-09-02 13:35:15.127 | INFO     | stock_bot.live.runner:_tick:1471 - 123330 제닉 [ensemble] HOLD score=+0.00 B0/S0 | 현재가 35,800원 | 손절 -4.00%(ATR)
    VWAP 35,086원 +2.04% ─홀드 (+0.000)
    ST 상승추세 ─홀드 (+0.000)
    RSI 56.5 (기준 30/74) ─홀드 (+0.000)
    BB 35,278~36,112원 현재 35,800원 ─홀드 (+0.000)  ← 중간 [──────●───] 63%
    DC  ─홀드  ← 미보유 또는 청산 조건 미해당 (+0.000)
    거래량  MA25대비 1.13x  〰(neutral) (+0.0000)  ← 임계 미달 (기준 ≥1.2/≤0.7x) → 중립
2026-09-02 13:40:00.302 | INFO     | stock_bot.news.crawler:fetch_naver_news:165 - news relevance filter: 3 → 2 (제외 1건) [265740]
2026-09-02 13:40:00.303 | INFO     | stock_bot.news.crawler:fetch_naver_news:170 - fetched 2 news items for 265740
2026-09-02 13:40:00.311 | DEBUG    | stock_bot.live.runner:_news_tick:769 - news 265740 new=0/2 (모두 중복)
2026-09-02 13:40:00.523 | INFO     | stock_bot.news.crawler:fetch_naver_news:165 - news relevance filter: 3 → 1 (제외 2건) [123330]
2026-09-02 13:40:00.524 | INFO     | stock_bot.news.crawler:fetch_naver_news:170 - fetched 1 news items for 123330
2026-09-02 13:40:00.530 | DEBUG    | stock_bot.live.runner:_news_tick:769 - news 123330 new=0/1 (모두 중복)
2026-09-02 13:40:04.155 | INFO     | stock_bot.live.runner:_tick:1471 - 265740 엔에프씨 [ensemble] HOLD score=+0.50 B2/S0 | 현재가 7,190원 | 손절 -3.54%(ATR)
    VWAP 7,275원 -1.16% ▲매수 (+0.294)
    ST 하락→상승전환 ▲매수 (+0.259)
    RSI 48.0 (기준 30/74) ─홀드 (+0.000)
    BB 7,147~7,261원 현재 7,190원 ─홀드 (+0.000)  ← 중간 [───●──────] 38%
    DC  ─홀드  ← 미보유 또는 청산 조건 미해당 (+0.000)
    거래량  MA25대비 0.09x  ▼(penalty) (-0.0500)  ← 점수 조정 -0.0500
2026-09-02 13:40:07.072 | INFO     | stock_bot.live.runner:_tick:1471 - 123330 제닉 [ensemble] HOLD score=+0.00 B0/S0 | 현재가 35,550원 | 손절 -4.00%(ATR)
    VWAP 35,105원 +1.27% ─홀드 (+0.000)
    ST 상승추세 ─홀드 (+0.000)
    RSI 52.3 (기준 30/74) ─홀드 (+0.000)
    BB 35,255~36,100원 현재 35,550원 ─홀드 (+0.000)  ← 중간 [───●──────] 35%
    DC  ─홀드  ← 미보유 또는 청산 조건 미해당 (+0.000)
    거래량  MA25대비 1.64x  〰(neutral) (+0.0000)  ← 임계 미달 (기준 ≥1.2/≤0.7x) → 중립
2026-09-02 13:45:00.286 | INFO     | stock_bot.news.crawler:fetch_naver_news:165 - news relevance filter: 3 → 2 (제외 1건) [265740]
2026-09-02 13:45:00.287 | INFO     | stock_bot.news.crawler:fetch_naver_news:170 - fetched 2 news items for 265740
2026-09-02 13:45:00.295 | DEBUG    | stock_bot.live.runner:_news_tick:769 - news 265740 new=0/2 (모두 중복)
2026-09-02 13:45:00.513 | INFO     | stock_bot.news.crawler:fetch_naver_news:165 - news relevance filter: 3 → 1 (제외 2건) [123330]
2026-09-02 13:45:00.514 | INFO     | stock_bot.news.crawler:fetch_naver_news:170 - fetched 1 news items for 123330
2026-09-02 13:45:00.519 | DEBUG    | stock_bot.live.runner:_news_tick:769 - news 123330 new=0/1 (모두 중복)
2026-09-02 13:45:16.277 | INFO     | stock_bot.live.runner:_tick:1471 - 265740 엔에프씨 [ensemble] HOLD score=+0.24 B1/S0 | 현재가 7,160원 | 손절 -3.45%(ATR)
    VWAP 7,274원 -1.57% ▲매수 (+0.294)
    ST 상승추세 ─홀드 (+0.000)
    RSI 45.0 (기준 30/74) ─홀드 (+0.000)
    BB 7,146~7,257원 현재 7,160원 ─홀드 (+0.000)  ← 하단근접 [─●────────] 13%
    DC  ─홀드  ← 미보유 또는 청산 조건 미해당 (+0.000)
    거래량  MA25대비 0.18x  ▼(penalty) (-0.0500)  ← 점수 조정 -0.0500
2026-09-02 13:45:25.380 | INFO     | stock_bot.live.runner:_tick:1471 - 123330 제닉 [ensemble] HOLD score=+0.00 B0/S0 | 현재가 35,600원 | 손절 -4.00%(ATR)
    VWAP 35,113원 +1.39% ─홀드 (+0.000)
    ST 상승추세 ─홀드 (+0.000)
    RSI 52.7 (기준 30/74) ─홀드 (+0.000)
    BB 35,249~36,101원 현재 35,600원 ─홀드 (+0.000)  ← 중간 [────●─────] 41%
    DC  ─홀드  ← 미보유 또는 청산 조건 미해당 (+0.000)
    거래량  MA25대비 1.05x  〰(neutral) (+0.0000)  ← 임계 미달 (기준 ≥1.2/≤0.7x) → 중립
2026-09-02 13:50:00.307 | INFO     | stock_bot.news.crawler:fetch_naver_news:165 - news relevance filter: 3 → 2 (제외 1건) [265740]
2026-09-02 13:50:00.309 | INFO     | stock_bot.news.crawler:fetch_naver_news:170 - fetched 2 news items for 265740
2026-09-02 13:50:00.318 | DEBUG    | stock_bot.live.runner:_news_tick:769 - news 265740 new=0/2 (모두 중복)
2026-09-02 13:50:00.516 | INFO     | stock_bot.news.crawler:fetch_naver_news:165 - news relevance filter: 3 → 1 (제외 2건) [123330]
2026-09-02 13:50:00.517 | INFO     | stock_bot.news.crawler:fetch_naver_news:170 - fetched 1 news items for 123330
2026-09-02 13:50:00.522 | DEBUG    | stock_bot.live.runner:_news_tick:769 - news 123330 new=0/1 (모두 중복)
2026-09-02 13:50:06.381 | INFO     | stock_bot.live.runner:_tick:1471 - 265740 엔에프씨 [ensemble] HOLD score=+0.24 B1/S0 | 현재가 7,190원 | 손절 -3.28%(ATR)
    VWAP 7,274원 -1.16% ▲매수 (+0.294)
    ST 상승추세 ─홀드 (+0.000)
    RSI 47.9 (기준 30/74) ─홀드 (+0.000)
    BB 7,142~7,257원 현재 7,190원 ─홀드 (+0.000)  ← 중간 [────●─────] 42%
    DC  ─홀드  ← 미보유 또는 청산 조건 미해당 (+0.000)
    거래량  MA25대비 0.18x  ▼(penalty) (-0.0500)  ← 점수 조정 -0.0500
2026-09-02 13:50:11.055 | INFO     | stock_bot.live.runner:_tick:1471 - 123330 제닉 [ensemble] HOLD score=+0.00 B0/S0 | 현재가 35,700원 | 손절 -4.00%(ATR)
    VWAP 35,119원 +1.66% ─홀드 (+0.000)
    ST 상승추세 ─홀드 (+0.000)
    RSI 54.7 (기준 30/74) ─홀드 (+0.000)
    BB 35,251~36,104원 현재 35,700원 ─홀드 (+0.000)  ← 중간 [─────●────] 53%
    DC  ─홀드  ← 미보유 또는 청산 조건 미해당 (+0.000)
    거래량  MA25대비 0.60x  〰(neutral) (+0.0000)  ← 임계 미달 (기준 ≥1.2/≤0.7x) → 중립
2026-09-02 13:55:00.328 | INFO     | stock_bot.news.crawler:fetch_naver_news:165 - news relevance filter: 3 → 2 (제외 1건) [265740]
2026-09-02 13:55:00.329 | INFO     | stock_bot.news.crawler:fetch_naver_news:170 - fetched 2 news items for 265740
2026-09-02 13:55:00.338 | DEBUG    | stock_bot.live.runner:_news_tick:769 - news 265740 new=0/2 (모두 중복)
2026-09-02 13:55:00.545 | INFO     | stock_bot.news.crawler:fetch_naver_news:165 - news relevance filter: 3 → 1 (제외 2건) [123330]
2026-09-02 13:55:00.546 | INFO     | stock_bot.news.crawler:fetch_naver_news:170 - fetched 1 news items for 123330
2026-09-02 13:55:00.551 | DEBUG    | stock_bot.live.runner:_news_tick:769 - news 123330 new=0/1 (모두 중복)
2026-09-02 13:55:11.676 | INFO     | stock_bot.live.runner:_tick:1471 - 265740 엔에프씨 [ensemble] HOLD score=+0.24 B1/S0 | 현재가 7,180원 | 손절 -3.19%(ATR)
    VWAP 7,274원 -1.30% ▲매수 (+0.294)
    ST 상승추세 ─홀드 (+0.000)
    RSI 47.0 (기준 30/74) ─홀드 (+0.000)
    BB 7,143~7,257원 현재 7,180원 ─홀드 (+0.000)  ← 중간 [───●──────] 32%
    DC  ─홀드  ← 미보유 또는 청산 조건 미해당 (+0.000)
    거래량  MA25대비 0.00x  ▼(penalty) (-0.0500)  ← 점수 조정 -0.0500
2026-09-02 13:55:19.627 | INFO     | stock_bot.live.runner:_tick:1471 - 123330 제닉 [ensemble] HOLD score=+0.00 B0/S0 | 현재가 35,650원 | 손절 -4.00%(ATR)
    VWAP 35,125원 +1.49% ─홀드 (+0.000)
    ST 상승추세 ─홀드 (+0.000)
    RSI 53.8 (기준 30/74) ─홀드 (+0.000)
    BB 35,249~36,101원 현재 35,650원 ─홀드 (+0.000)  ← 중간 [────●─────] 47%
    DC  ─홀드  ← 미보유 또는 청산 조건 미해당 (+0.000)
    거래량  MA25대비 0.57x  〰(neutral) (+0.0000)  ← 임계 미달 (기준 ≥1.2/≤0.7x) → 중립
2026-09-02 14:00:00.373 | INFO     | stock_bot.news.crawler:fetch_naver_news:165 - news relevance filter: 3 → 2 (제외 1건) [265740]
2026-09-02 14:00:00.374 | INFO     | stock_bot.news.crawler:fetch_naver_news:170 - fetched 2 news items for 265740
2026-09-02 14:00:00.382 | DEBUG    | stock_bot.live.runner:_news_tick:769 - news 265740 new=0/2 (모두 중복)
2026-09-02 14:00:00.576 | INFO     | stock_bot.news.crawler:fetch_naver_news:165 - news relevance filter: 3 → 1 (제외 2건) [123330]
2026-09-02 14:00:00.577 | INFO     | stock_bot.news.crawler:fetch_naver_news:170 - fetched 1 news items for 123330
2026-09-02 14:00:00.582 | DEBUG    | stock_bot.live.runner:_news_tick:769 - news 123330 new=0/1 (모두 중복)
2026-09-02 14:00:14.517 | INFO     | stock_bot.live.runner:_tick:1471 - 265740 엔에프씨 [ensemble] HOLD score=+0.24 B1/S0 | 현재가 7,170원 | 손절 -2.96%(ATR)
    VWAP 7,274원 -1.43% ▲매수 (+0.294)
    ST 상승추세 ─홀드 (+0.000)
    RSI 46.0 (기준 30/74) ─홀드 (+0.000)
    BB 7,140~7,256원 현재 7,170원 ─홀드 (+0.000)  ← 중간 [──●───────] 26%
    DC  ─홀드  ← 미보유 또는 청산 조건 미해당 (+0.000)
    거래량  MA25대비 0.13x  ▼(penalty) (-0.0500)  ← 점수 조정 -0.0500
2026-09-02 14:00:23.557 | INFO     | stock_bot.live.runner:_tick:1471 - 123330 제닉 [ensemble] HOLD score=+0.00 B0/S0 | 현재가 35,600원 | 손절 -4.00%(ATR)
    VWAP 35,133원 +1.33% ─홀드 (+0.000)
    ST 상승추세 ─홀드 (+0.000)
    RSI 52.7 (기준 30/74) ─홀드 (+0.000)
    BB 35,256~36,099원 현재 35,600원 ─홀드 (+0.000)  ← 중간 [────●─────] 41%
    DC  ─홀드  ← 미보유 또는 청산 조건 미해당 (+0.000)
    거래량  MA25대비 0.64x  〰(neutral) (+0.0000)  ← 임계 미달 (기준 ≥1.2/≤0.7x) → 중립
2026-09-02 14:05:00.308 | INFO     | stock_bot.news.crawler:fetch_naver_news:165 - news relevance filter: 3 → 2 (제외 1건) [265740]
2026-09-02 14:05:00.309 | INFO     | stock_bot.news.crawler:fetch_naver_news:170 - fetched 2 news items for 265740
2026-09-02 14:05:00.317 | DEBUG    | stock_bot.live.runner:_news_tick:769 - news 265740 new=0/2 (모두 중복)
2026-09-02 14:05:00.525 | INFO     | stock_bot.news.crawler:fetch_naver_news:165 - news relevance filter: 3 → 1 (제외 2건) [123330]
2026-09-02 14:05:00.525 | INFO     | stock_bot.news.crawler:fetch_naver_news:170 - fetched 1 news items for 123330
2026-09-02 14:05:00.530 | DEBUG    | stock_bot.live.runner:_news_tick:769 - news 123330 new=0/1 (모두 중복)
2026-09-02 14:05:06.788 | INFO     | stock_bot.live.runner:_tick:1471 - 265740 엔에프씨 [ensemble] HOLD score=+0.24 B1/S0 | 현재가 7,190원 | 손절 -2.84%(ATR)
    VWAP 7,274원 -1.15% ▲매수 (+0.294)
    ST 상승추세 ─홀드 (+0.000)
    RSI 48.2 (기준 30/74) ─홀드 (+0.000)
    BB 7,144~7,255원 현재 7,190원 ─홀드 (+0.000)  ← 중간 [────●─────] 42%
    DC  ─홀드  ← 미보유 또는 청산 조건 미해당 (+0.000)
    거래량  MA25대비 0.43x  ▼(penalty) (-0.0500)  ← 점수 조정 -0.0500
2026-09-02 14:05:11.475 | INFO     | stock_bot.live.runner:_tick:1471 - 123330 제닉 [ensemble] HOLD score=+0.00 B0/S0 | 현재가 35,800원 | 손절 -4.00%(ATR)
    VWAP 35,146원 +1.86% ─홀드 (+0.000)
    ST 상승추세 ─홀드 (+0.000)
    RSI 56.3 (기준 30/74) ─홀드 (+0.000)
    BB 35,286~36,114원 현재 35,800원 ─홀드 (+0.000)  ← 중간 [──────●───] 62%
    DC  ─홀드  ← 미보유 또는 청산 조건 미해당 (+0.000)
    거래량  MA25대비 1.29x  〰(neutral) (+0.0000)  ← 임계 미달 (기준 ≥1.2/≤0.7x) → 중립
2026-09-02 14:10:00.308 | INFO     | stock_bot.news.crawler:fetch_naver_news:165 - news relevance filter: 3 → 2 (제외 1건) [265740]
2026-09-02 14:10:00.309 | INFO     | stock_bot.news.crawler:fetch_naver_news:170 - fetched 2 news items for 265740
2026-09-02 14:10:00.317 | DEBUG    | stock_bot.live.runner:_news_tick:769 - news 265740 new=0/2 (모두 중복)
2026-09-02 14:10:00.533 | INFO     | stock_bot.news.crawler:fetch_naver_news:165 - news relevance filter: 3 → 1 (제외 2건) [123330]
2026-09-02 14:10:00.534 | INFO     | stock_bot.news.crawler:fetch_naver_news:170 - fetched 1 news items for 123330
2026-09-02 14:10:00.539 | DEBUG    | stock_bot.live.runner:_news_tick:769 - news 123330 new=0/1 (모두 중복)
2026-09-02 14:10:06.366 | INFO     | stock_bot.live.runner:_tick:1471 - 265740 엔에프씨 [ensemble] HOLD score=+0.24 B1/S0 | 현재가 7,190원 | 손절 -2.73%(ATR)
    VWAP 7,274원 -1.15% ▲매수 (+0.294)
    ST 상승추세 ─홀드 (+0.000)
    RSI 47.8 (기준 30/74) ─홀드 (+0.000)
    BB 7,144~7,256원 현재 7,190원 ─홀드 (+0.000)  ← 중간 [────●─────] 41%
    DC  ─홀드  ← 미보유 또는 청산 조건 미해당 (+0.000)
    거래량  MA25대비 0.01x  ▼(penalty) (-0.0500)  ← 점수 조정 -0.0500
2026-09-02 14:10:12.202 | INFO     | stock_bot.live.runner:_tick:1471 - 123330 제닉 [ensemble] HOLD score=+0.00 B0/S0 | 현재가 35,550원 | 손절 -4.00%(ATR)
    VWAP 35,154원 +1.13% ─홀드 (+0.000)
    ST 상승추세 ─홀드 (+0.000)
    RSI 51.3 (기준 30/74) ─홀드 (+0.000)
    BB 35,295~36,095원 현재 35,550원 ─홀드 (+0.000)  ← 중간 [───●──────] 32%
    DC  ─홀드  ← 미보유 또는 청산 조건 미해당 (+0.000)
    거래량  MA25대비 0.84x  〰(neutral) (+0.0000)  ← 임계 미달 (기준 ≥1.2/≤0.7x) → 중립
2026-09-02 14:15:00.301 | INFO     | stock_bot.news.crawler:fetch_naver_news:165 - news relevance filter: 3 → 2 (제외 1건) [265740]
2026-09-02 14:15:00.302 | INFO     | stock_bot.news.crawler:fetch_naver_news:170 - fetched 2 news items for 265740
2026-09-02 14:15:00.310 | DEBUG    | stock_bot.live.runner:_news_tick:769 - news 265740 new=0/2 (모두 중복)
2026-09-02 14:15:00.518 | INFO     | stock_bot.news.crawler:fetch_naver_news:165 - news relevance filter: 3 → 1 (제외 2건) [123330]
2026-09-02 14:15:00.519 | INFO     | stock_bot.news.crawler:fetch_naver_news:170 - fetched 1 news items for 123330
2026-09-02 14:15:00.524 | DEBUG    | stock_bot.live.runner:_news_tick:769 - news 123330 new=0/1 (모두 중복)
2026-09-02 14:15:19.533 | INFO     | stock_bot.live.runner:_tick:1471 - 265740 엔에프씨 [ensemble] HOLD score=+0.24 B1/S0 | 현재가 7,160원 | 손절 -2.64%(ATR)
    VWAP 7,274원 -1.56% ▲매수 (+0.294)
    ST 상승추세 ─홀드 (+0.000)
    RSI 45.1 (기준 30/74) ─홀드 (+0.000)
    BB 7,135~7,257원 현재 7,160원 ─홀드 (+0.000)  ← 하단근접 [──●───────] 20%
    DC  ─홀드  ← 미보유 또는 청산 조건 미해당 (+0.000)
    거래량  MA25대비 0.11x  ▼(penalty) (-0.0500)  ← 점수 조정 -0.0500
2026-09-02 14:15:30.319 | INFO     | stock_bot.live.runner:_tick:1471 - 123330 제닉 [ensemble] HOLD score=+0.00 B0/S0 | 현재가 35,550원 | 손절 -4.00%(ATR)
    VWAP 35,159원 +1.11% ─홀드 (+0.000)
    ST 상승추세 ─홀드 (+0.000)
    RSI 51.5 (기준 30/74) ─홀드 (+0.000)
    BB 35,303~36,092원 현재 35,550원 ─홀드 (+0.000)  ← 중간 [───●──────] 31%
    DC  ─홀드  ← 미보유 또는 청산 조건 미해당 (+0.000)
    거래량  MA25대비 0.67x  〰(neutral) (+0.0000)  ← 임계 미달 (기준 ≥1.2/≤0.7x) → 중립
2026-09-02 14:20:00.318 | INFO     | stock_bot.news.crawler:fetch_naver_news:165 - news relevance filter: 3 → 2 (제외 1건) [265740]
2026-09-02 14:20:00.319 | INFO     | stock_bot.news.crawler:fetch_naver_news:170 - fetched 2 news items for 265740
2026-09-02 14:20:00.328 | DEBUG    | stock_bot.live.runner:_news_tick:769 - news 265740 new=0/2 (모두 중복)
2026-09-02 14:20:00.527 | INFO     | stock_bot.news.crawler:fetch_naver_news:165 - news relevance filter: 3 → 1 (제외 2건) [123330]
2026-09-02 14:20:00.528 | INFO     | stock_bot.news.crawler:fetch_naver_news:170 - fetched 1 news items for 123330
2026-09-02 14:20:00.533 | DEBUG    | stock_bot.live.runner:_news_tick:769 - news 123330 new=0/1 (모두 중복)
2026-09-02 14:20:11.562 | INFO     | stock_bot.live.runner:_tick:1471 - 265740 엔에프씨 [ensemble] HOLD score=+0.39 B1/S0 | 현재가 7,170원 | 손절 -2.59%(ATR)
    VWAP 7,273원 -1.42% ▲매수 (+0.294)
    ST 상승추세 ─홀드 (+0.000)
    RSI 46.4 (기준 30/74) ─홀드 (+0.000)
    BB 7,133~7,257원 현재 7,170원 ─홀드 (+0.000)  ← 중간 [──●───────] 30%
    DC  ─홀드  ← 미보유 또는 청산 조건 미해당 (+0.000)
    거래량  MA25대비 1.26x  ▲(boost) (+0.1000)  ← 점수 조정 +0.1000
2026-09-02 14:20:19.569 | INFO     | stock_bot.live.runner:_tick:1471 - 123330 제닉 [ensemble] HOLD score=+0.00 B0/S0 | 현재가 35,650원 | 손절 -4.00%(ATR)
    VWAP 35,163원 +1.38% ─홀드 (+0.000)
    ST 상승추세 ─홀드 (+0.000)
    RSI 53.3 (기준 30/74) ─홀드 (+0.000)
    BB 35,325~36,090원 현재 35,650원 ─홀드 (+0.000)  ← 중간 [────●─────] 42%
    DC  ─홀드  ← 미보유 또는 청산 조건 미해당 (+0.000)
    거래량  MA25대비 0.53x  〰(neutral) (+0.0000)  ← 임계 미달 (기준 ≥1.2/≤0.7x) → 중립
2026-09-02 14:25:00.381 | INFO     | stock_bot.news.crawler:fetch_naver_news:165 - news relevance filter: 3 → 2 (제외 1건) [265740]
2026-09-02 14:25:00.382 | INFO     | stock_bot.news.crawler:fetch_naver_news:170 - fetched 2 news items for 265740
2026-09-02 14:25:00.390 | DEBUG    | stock_bot.live.runner:_news_tick:769 - news 265740 new=0/2 (모두 중복)
2026-09-02 14:25:00.594 | INFO     | stock_bot.news.crawler:fetch_naver_news:165 - news relevance filter: 3 → 1 (제외 2건) [123330]
2026-09-02 14:25:00.594 | INFO     | stock_bot.news.crawler:fetch_naver_news:170 - fetched 1 news items for 123330
2026-09-02 14:25:00.599 | DEBUG    | stock_bot.live.runner:_news_tick:769 - news 123330 new=0/1 (모두 중복)
2026-09-02 14:25:14.330 | INFO     | stock_bot.live.runner:_tick:1471 - 265740 엔에프씨 [ensemble] HOLD score=+0.24 B1/S0 | 현재가 7,170원 | 손절 -2.40%(ATR)
    VWAP 7,273원 -1.41% ▲매수 (+0.294)
    ST 상승추세 ─홀드 (+0.000)
    RSI 46.3 (기준 30/74) ─홀드 (+0.000)
    BB 7,130~7,257원 현재 7,170원 ─홀드 (+0.000)  ← 중간 [───●──────] 31%
    DC  ─홀드  ← 미보유 또는 청산 조건 미해당 (+0.000)
    거래량  MA25대비 0.33x  ▼(penalty) (-0.0500)  ← 점수 조정 -0.0500
2026-09-02 14:25:22.949 | INFO     | stock_bot.live.runner:_tick:1471 - 123330 제닉 [ensemble] HOLD score=+0.00 B0/S0 | 현재가 35,700원 | 손절 -4.00%(ATR)
    VWAP 35,170원 +1.51% ─홀드 (+0.000)
    ST 상승추세 ─홀드 (+0.000)
    RSI 54.0 (기준 30/74) ─홀드 (+0.000)
    BB 35,351~36,089원 현재 35,700원 ─홀드 (+0.000)  ← 중간 [────●─────] 47%
    DC  ─홀드  ← 미보유 또는 청산 조건 미해당 (+0.000)
    거래량  MA25대비 0.74x  〰(neutral) (+0.0000)  ← 임계 미달 (기준 ≥1.2/≤0.7x) → 중립
2026-09-02 14:30:00.310 | INFO     | stock_bot.news.crawler:fetch_naver_news:165 - news relevance filter: 3 → 2 (제외 1건) [265740]
2026-09-02 14:30:00.311 | INFO     | stock_bot.news.crawler:fetch_naver_news:170 - fetched 2 news items for 265740
2026-09-02 14:30:00.320 | DEBUG    | stock_bot.live.runner:_news_tick:769 - news 265740 new=0/2 (모두 중복)
2026-09-02 14:30:00.510 | INFO     | stock_bot.news.crawler:fetch_naver_news:165 - news relevance filter: 3 → 1 (제외 2건) [123330]
2026-09-02 14:30:00.511 | INFO     | stock_bot.news.crawler:fetch_naver_news:170 - fetched 1 news items for 123330
2026-09-02 14:30:00.516 | DEBUG    | stock_bot.live.runner:_news_tick:769 - news 123330 new=0/1 (모두 중복)
2026-09-02 14:30:09.777 | INFO     | stock_bot.live.runner:_tick:1471 - 265740 엔에프씨 [ensemble] HOLD score=+0.24 B1/S0 | 현재가 7,180원 | 손절 -2.37%(ATR)
    VWAP 7,273원 -1.28% ▲매수 (+0.294)
    ST 상승추세 ─홀드 (+0.000)
    RSI 47.7 (기준 30/74) ─홀드 (+0.000)
    BB 7,135~7,256원 현재 7,180원 ─홀드 (+0.000)  ← 중간 [───●──────] 37%
    DC  ─홀드  ← 미보유 또는 청산 조건 미해당 (+0.000)
    거래량  MA25대비 0.04x  ▼(penalty) (-0.0500)  ← 점수 조정 -0.0500
2026-09-02 14:30:16.237 | INFO     | stock_bot.live.runner:_tick:1471 - 123330 제닉 [ensemble] HOLD score=+0.00 B0/S0 | 현재가 35,650원 | 손절 -3.95%(ATR)
    VWAP 35,175원 +1.35% ─홀드 (+0.000)
    ST 상승추세 ─홀드 (+0.000)
    RSI 53.0 (기준 30/74) ─홀드 (+0.000)
    BB 35,342~36,088원 현재 35,650원 ─홀드 (+0.000)  ← 중간 [────●─────] 41%
    DC  ─홀드  ← 미보유 또는 청산 조건 미해당 (+0.000)
    거래량  MA25대비 0.65x  〰(neutral) (+0.0000)  ← 임계 미달 (기준 ≥1.2/≤0.7x) → 중립
2026-09-02 14:35:00.292 | INFO     | stock_bot.news.crawler:fetch_naver_news:165 - news relevance filter: 3 → 2 (제외 1건) [265740]
2026-09-02 14:35:00.293 | INFO     | stock_bot.news.crawler:fetch_naver_news:170 - fetched 2 news items for 265740
2026-09-02 14:35:00.302 | DEBUG    | stock_bot.live.runner:_news_tick:769 - news 265740 new=0/2 (모두 중복)
2026-09-02 14:35:00.585 | INFO     | stock_bot.news.crawler:fetch_naver_news:165 - news relevance filter: 3 → 1 (제외 2건) [123330]
2026-09-02 14:35:00.586 | INFO     | stock_bot.news.crawler:fetch_naver_news:170 - fetched 1 news items for 123330
2026-09-02 14:35:00.592 | DEBUG    | stock_bot.live.runner:_news_tick:769 - news 123330 new=0/1 (모두 중복)
2026-09-02 14:35:21.374 | INFO     | stock_bot.live.runner:_tick:1471 - 265740 엔에프씨 [ensemble] HOLD score=+0.39 B1/S0 | 현재가 7,200원 | 손절 -2.33%(ATR)
    VWAP 7,271원 -0.98% ▲매수 (+0.294)
    ST 상승추세 ─홀드 (+0.000)
    RSI 50.2 (기준 30/74) ─홀드 (+0.000)
    BB 7,136~7,256원 현재 7,200원 ─홀드 (+0.000)  ← 중간 [─────●────] 53%
    DC  ─홀드  ← 미보유 또는 청산 조건 미해당 (+0.000)
    거래량  MA25대비 4.12x  ▲(boost) (+0.1000)  ← 점수 조정 +0.1000
2026-09-02 14:35:33.670 | INFO     | stock_bot.live.runner:_tick:1471 - 123330 제닉 [ensemble] HOLD score=+0.00 B0/S0 | 현재가 35,350원 | 손절 -4.00%(ATR)
    VWAP 35,191원 +0.45% ─홀드 (+0.000)
    ST 상승추세 ─홀드 (+0.000)
    RSI 47.7 (기준 30/74) ─홀드 (+0.000)
    BB 35,246~36,104원 현재 35,350원 ─홀드 (+0.000)  ← 하단근접 [─●────────] 12%
    DC  ─홀드  ← 미보유 또는 청산 조건 미해당 (+0.000)
    거래량  MA25대비 3.08x  〰(neutral) (+0.0000)  ← 임계 미달 (기준 ≥1.2/≤0.7x) → 중립
2026-09-02 14:40:00.287 | INFO     | stock_bot.news.crawler:fetch_naver_news:165 - news relevance filter: 3 → 2 (제외 1건) [265740]
2026-09-02 14:40:00.288 | INFO     | stock_bot.news.crawler:fetch_naver_news:170 - fetched 2 news items for 265740
2026-09-02 14:40:00.297 | DEBUG    | stock_bot.live.runner:_news_tick:769 - news 265740 new=0/2 (모두 중복)
2026-09-02 14:40:00.518 | INFO     | stock_bot.news.crawler:fetch_naver_news:165 - news relevance filter: 3 → 1 (제외 2건) [123330]
2026-09-02 14:40:00.519 | INFO     | stock_bot.news.crawler:fetch_naver_news:170 - fetched 1 news items for 123330
2026-09-02 14:40:00.524 | DEBUG    | stock_bot.live.runner:_news_tick:769 - news 123330 new=0/1 (모두 중복)
2026-09-02 14:40:22.493 | INFO     | stock_bot.live.runner:_tick:1471 - 265740 엔에프씨 [ensemble] HOLD score=+0.24 B1/S0 | 현재가 7,190원 | 손절 -2.22%(ATR)
    VWAP 7,271원 -1.12% ▲매수 (+0.294)
    ST 상승추세 ─홀드 (+0.000)
    RSI 48.9 (기준 30/74) ─홀드 (+0.000)
    BB 7,140~7,244원 현재 7,190원 ─홀드 (+0.000)  ← 중간 [────●─────] 48%
    DC  ─홀드  ← 미보유 또는 청산 조건 미해당 (+0.000)
    거래량  MA25대비 0.23x  ▼(penalty) (-0.0500)  ← 점수 조정 -0.0500
2026-09-02 14:40:34.634 | INFO     | stock_bot.live.runner:_tick:1471 - 123330 제닉 [ensemble] HOLD score=+0.00 B0/S0 | 현재가 35,050원 | 손절 -4.00%(ATR)
    VWAP 35,188원 -0.39% ─홀드 (+0.000)
    ST 하락추세 ─홀드 (+0.000)
    RSI 42.6 (기준 30/74) ─홀드 (+0.000)
    BB 35,097~36,113원 현재 35,050원 ─홀드 (+0.000)  ← 하단근접 [●─────────] -5%
    DC  ─홀드  ← 미보유 또는 청산 조건 미해당 (+0.000)
    거래량  MA25대비 4.52x  〰(neutral) (+0.0000)  ← 임계 미달 (기준 ≥1.2/≤0.7x) → 중립
2026-09-02 14:45:00.291 | INFO     | stock_bot.news.crawler:fetch_naver_news:165 - news relevance filter: 3 → 2 (제외 1건) [265740]
2026-09-02 14:45:00.292 | INFO     | stock_bot.news.crawler:fetch_naver_news:170 - fetched 2 news items for 265740
2026-09-02 14:45:00.301 | DEBUG    | stock_bot.live.runner:_news_tick:769 - news 265740 new=0/2 (모두 중복)
2026-09-02 14:45:00.510 | INFO     | stock_bot.news.crawler:fetch_naver_news:165 - news relevance filter: 3 → 1 (제외 2건) [123330]
2026-09-02 14:45:00.511 | INFO     | stock_bot.news.crawler:fetch_naver_news:170 - fetched 1 news items for 123330
2026-09-02 14:45:00.516 | DEBUG    | stock_bot.live.runner:_news_tick:769 - news 123330 new=0/1 (모두 중복)
2026-09-02 14:45:11.255 | INFO     | stock_bot.live.runner:_tick:1471 - 265740 엔에프씨 [ensemble] HOLD score=+0.39 B1/S0 | 현재가 7,190원 | 손절 -2.25%(ATR)
    VWAP 7,270원 -1.10% ▲매수 (+0.294)
    ST 상승추세 ─홀드 (+0.000)
    RSI 49.1 (기준 30/74) ─홀드 (+0.000)
    BB 7,138~7,243원 현재 7,190원 ─홀드 (+0.000)  ← 중간 [────●─────] 50%
    DC  ─홀드  ← 미보유 또는 청산 조건 미해당 (+0.000)
    거래량  MA25대비 3.27x  ▲(boost) (+0.1000)  ← 점수 조정 +0.1000
2026-09-02 14:45:18.206 | INFO     | stock_bot.live.runner:_tick:1471 - 123330 제닉 [ensemble] HOLD score=+0.00 B0/S0 | 현재가 35,200원 | 손절 -4.00%(ATR)
    VWAP 35,188원 +0.03% ─홀드 (+0.000)
    ST 하락추세 ─홀드 (+0.000)
    RSI 45.5 (기준 30/74) ─홀드 (+0.000)
    BB 35,070~36,110원 현재 35,200원 ─홀드 (+0.000)  ← 하단근접 [─●────────] 12%
    DC  ─홀드  ← 미보유 또는 청산 조건 미해당 (+0.000)
    거래량  MA25대비 0.64x  〰(neutral) (+0.0000)  ← 임계 미달 (기준 ≥1.2/≤0.7x) → 중립
2026-09-02 14:50:00.299 | INFO     | stock_bot.news.crawler:fetch_naver_news:165 - news relevance filter: 3 → 2 (제외 1건) [265740]
2026-09-02 14:50:00.299 | INFO     | stock_bot.news.crawler:fetch_naver_news:170 - fetched 2 news items for 265740
2026-09-02 14:50:00.308 | DEBUG    | stock_bot.live.runner:_news_tick:769 - news 265740 new=0/2 (모두 중복)
2026-09-02 14:50:00.509 | INFO     | stock_bot.news.crawler:fetch_naver_news:165 - news relevance filter: 3 → 1 (제외 2건) [123330]
2026-09-02 14:50:00.509 | INFO     | stock_bot.news.crawler:fetch_naver_news:170 - fetched 1 news items for 123330
2026-09-02 14:50:00.514 | DEBUG    | stock_bot.live.runner:_news_tick:769 - news 123330 new=0/1 (모두 중복)
2026-09-02 14:50:11.553 | INFO     | stock_bot.live.runner:_tick:1471 - 265740 엔에프씨 [ensemble] HOLD score=+0.39 B1/S0 | 현재가 7,170원 | 손절 -2.14%(ATR)
    VWAP 7,267원 -1.33% ▲매수 (+0.294)
    ST 상승추세 ─홀드 (+0.000)
    RSI 46.6 (기준 30/74) ─홀드 (+0.000)
    BB 7,139~7,232원 현재 7,170원 ─홀드 (+0.000)  ← 중간 [───●──────] 33%
    DC  ─홀드  ← 미보유 또는 청산 조건 미해당 (+0.000)
    거래량  MA25대비 4.82x  ▲(boost) (+0.1000)  ← 점수 조정 +0.1000
2026-09-02 14:50:20.232 | INFO     | stock_bot.live.runner:_tick:1471 - 123330 제닉 [ensemble] HOLD score=+0.00 B0/S0 | 현재가 35,250원 | 손절 -4.00%(ATR)
    VWAP 35,189원 +0.17% ─홀드 (+0.000)
    ST 하락추세 ─홀드 (+0.000)
    RSI 46.6 (기준 30/74) ─홀드 (+0.000)
    BB 35,047~36,098원 현재 35,250원 ─홀드 (+0.000)  ← 하단근접 [─●────────] 19%
    DC  ─홀드  ← 미보유 또는 청산 조건 미해당 (+0.000)
    거래량  MA25대비 0.60x  〰(neutral) (+0.0000)  ← 임계 미달 (기준 ≥1.2/≤0.7x) → 중립
2026-09-02 14:55:00.306 | INFO     | stock_bot.news.crawler:fetch_naver_news:165 - news relevance filter: 3 → 2 (제외 1건) [265740]
2026-09-02 14:55:00.307 | INFO     | stock_bot.news.crawler:fetch_naver_news:170 - fetched 2 news items for 265740
2026-09-02 14:55:00.315 | DEBUG    | stock_bot.live.runner:_news_tick:769 - news 265740 new=0/2 (모두 중복)
2026-09-02 14:55:00.519 | INFO     | stock_bot.news.crawler:fetch_naver_news:165 - news relevance filter: 3 → 1 (제외 2건) [123330]
2026-09-02 14:55:00.520 | INFO     | stock_bot.news.crawler:fetch_naver_news:170 - fetched 1 news items for 123330
2026-09-02 14:55:00.525 | DEBUG    | stock_bot.live.runner:_news_tick:769 - news 123330 new=0/1 (모두 중복)
2026-09-02 14:55:10.527 | INFO     | stock_bot.live.runner:_tick:1471 - 265740 엔에프씨 [ensemble] HOLD score=+0.39 B1/S0 | 현재가 7,150원 | 손절 -2.09%(ATR)
    VWAP 7,265원 -1.58% ▲매수 (+0.294)
    ST 상승추세 ─홀드 (+0.000)
    RSI 44.1 (기준 30/74) ─홀드 (+0.000)
    BB 7,142~7,218원 현재 7,150원 ─홀드 (+0.000)  ← 하단근접 [─●────────] 11%
    DC  ─홀드  ← 미보유 또는 청산 조건 미해당 (+0.000)
    거래량  MA25대비 1.79x  ▲(boost) (+0.1000)  ← 점수 조정 +0.1000
2026-09-02 14:55:17.671 | INFO     | stock_bot.live.runner:_tick:1471 - 123330 제닉 [ensemble] HOLD score=+0.00 B0/S0 | 현재가 35,300원 | 손절 -4.00%(ATR)
    VWAP 35,190원 +0.31% ─홀드 (+0.000)
    ST 하락추세 ─홀드 (+0.000)
    RSI 47.6 (기준 30/74) ─홀드 (+0.000)
    BB 35,027~36,058원 현재 35,300원 ─홀드 (+0.000)  ← 중간 [──●───────] 26%
    DC  ─홀드  ← 미보유 또는 청산 조건 미해당 (+0.000)
    거래량  MA25대비 0.48x  〰(neutral) (+0.0000)  ← 임계 미달 (기준 ≥1.2/≤0.7x) → 중립
2026-09-02 15:00:00.308 | INFO     | stock_bot.news.crawler:fetch_naver_news:165 - news relevance filter: 3 → 2 (제외 1건) [265740]
2026-09-02 15:00:00.309 | INFO     | stock_bot.news.crawler:fetch_naver_news:170 - fetched 2 news items for 265740
2026-09-02 15:00:00.317 | DEBUG    | stock_bot.live.runner:_news_tick:769 - news 265740 new=0/2 (모두 중복)
2026-09-02 15:00:00.552 | INFO     | stock_bot.news.crawler:fetch_naver_news:165 - news relevance filter: 3 → 1 (제외 2건) [123330]
2026-09-02 15:00:00.553 | INFO     | stock_bot.news.crawler:fetch_naver_news:170 - fetched 1 news items for 123330
2026-09-02 15:00:00.558 | DEBUG    | stock_bot.live.runner:_news_tick:769 - news 123330 new=0/1 (모두 중복)
2026-09-02 15:00:21.940 | INFO     | stock_bot.live.runner:_tick:1471 - 265740 엔에프씨 [ensemble] HOLD score=+0.39 B1/S0 | 현재가 7,130원 | 손절 -2.09%(ATR)
    VWAP 7,246원 -1.60% ▲매수 (+0.294)
    ST 하락추세 ─홀드 (+0.000)
    RSI 42.2 (기준 30/74) ─홀드 (+0.000)
    BB 7,131~7,218원 현재 7,130원 ─홀드 (+0.000)  ← 하단근접 [●─────────] -1%
    DC  ─홀드  ← 미보유 또는 청산 조건 미해당 (+0.000)
    거래량  MA25대비 14.24x  ▲(boost) (+0.1000)  ← 점수 조정 +0.1000
2026-09-02 15:00:34.779 | INFO     | stock_bot.live.runner:_tick:1471 - 123330 제닉 [ensemble] HOLD score=+0.00 B0/S0 | 현재가 35,250원 | 손절 -3.96%(ATR)
    VWAP 35,191원 +0.17% ─홀드 (+0.000)
    ST 하락추세 ─홀드 (+0.000)
    RSI 46.7 (기준 30/74) ─홀드 (+0.000)
    BB 35,007~36,003원 현재 35,250원 ─홀드 (+0.000)  ← 하단근접 [──●───────] 24%
    DC  ─홀드  ← 미보유 또는 청산 조건 미해당 (+0.000)
    거래량  MA25대비 0.56x  〰(neutral) (+0.0000)  ← 임계 미달 (기준 ≥1.2/≤0.7x) → 중립
2026-09-02 15:05:00.297 | INFO     | stock_bot.news.crawler:fetch_naver_news:165 - news relevance filter: 3 → 2 (제외 1건) [265740]
2026-09-02 15:05:00.297 | INFO     | stock_bot.news.crawler:fetch_naver_news:170 - fetched 2 news items for 265740
2026-09-02 15:05:00.306 | DEBUG    | stock_bot.live.runner:_news_tick:769 - news 265740 new=0/2 (모두 중복)
2026-09-02 15:05:00.511 | INFO     | stock_bot.news.crawler:fetch_naver_news:165 - news relevance filter: 3 → 1 (제외 2건) [123330]
2026-09-02 15:05:00.512 | INFO     | stock_bot.news.crawler:fetch_naver_news:170 - fetched 1 news items for 123330
2026-09-02 15:05:00.517 | DEBUG    | stock_bot.live.runner:_news_tick:769 - news 123330 new=0/1 (모두 중복)
2026-09-02 15:05:10.755 | INFO     | stock_bot.live.runner:_tick:1471 - 265740 엔에프씨 [ensemble] HOLD score=+0.39 B1/S0 | 현재가 7,100원 | 손절 -2.18%(ATR)
    VWAP 7,241원 -1.95% ▲매수 (+0.294)
    ST 하락추세 ─홀드 (+0.000)
    RSI 39.0 (기준 30/74) ─홀드 (+0.000)
    BB 7,111~7,223원 현재 7,100원 ─홀드 (+0.000)  ← 하단근접 [●─────────] -10%
    DC  ─홀드  ← 미보유 또는 청산 조건 미해당 (+0.000)
    거래량  MA25대비 2.84x  ▲(boost) (+0.1000)  ← 점수 조정 +0.1000
2026-09-02 15:05:19.719 | INFO     | stock_bot.live.runner:_tick:1471 - 123330 제닉 [ensemble] HOLD score=+0.00 B0/S0 | 현재가 35,050원 | 손절 -3.99%(ATR)
    VWAP 35,189원 -0.40% ─홀드 (+0.000)
    ST 하락추세 ─홀드 (+0.000)
    RSI 43.2 (기준 30/74) ─홀드 (+0.000)
    BB 34,962~35,923원 현재 35,050원 ─홀드 (+0.000)  ← 하단근접 [●─────────] 9%
    DC  ─홀드  ← 미보유 또는 청산 조건 미해당 (+0.000)
    거래량  MA25대비 0.82x  〰(neutral) (+0.0000)  ← 임계 미달 (기준 ≥1.2/≤0.7x) → 중립
2026-09-02 15:10:00.257 | INFO     | stock_bot.news.crawler:fetch_naver_news:165 - news relevance filter: 3 → 2 (제외 1건) [265740]
2026-09-02 15:10:00.257 | INFO     | stock_bot.news.crawler:fetch_naver_news:170 - fetched 2 news items for 265740
2026-09-02 15:10:00.266 | DEBUG    | stock_bot.live.runner:_news_tick:769 - news 265740 new=0/2 (모두 중복)
2026-09-02 15:10:00.457 | INFO     | stock_bot.news.crawler:fetch_naver_news:165 - news relevance filter: 3 → 1 (제외 2건) [123330]
2026-09-02 15:10:00.458 | INFO     | stock_bot.news.crawler:fetch_naver_news:170 - fetched 1 news items for 123330
2026-09-02 15:10:00.463 | DEBUG    | stock_bot.live.runner:_news_tick:769 - news 123330 new=0/1 (모두 중복)
2026-09-02 15:10:09.424 | INFO     | stock_bot.live.runner:_tick:1471 - 265740 엔에프씨 [ensemble] HOLD score=+0.51 B2/S0 | 현재가 7,100원 | 손절 -2.22%(ATR)
    VWAP 7,239원 -1.92% ▲매수 (+0.294)
    ST 하락추세 ─홀드 (+0.000)
    RSI 40.3 (기준 30/74) ─홀드 (+0.000)
    BB 7,094~7,230원 현재 7,100원 ▲매수 (+0.212)
    DC  ─홀드  ← 미보유 또는 청산 조건 미해당 (+0.000)
    거래량  MA25대비 1.09x  〰(neutral) (+0.0000)  ← 임계 미달 (기준 ≥1.2/≤0.7x) → 중립
2026-09-02 15:10:16.262 | INFO     | stock_bot.live.runner:_tick:1471 - 123330 제닉 [ensemble] HOLD score=+0.00 B0/S0 | 현재가 35,000원 | 손절 -3.86%(ATR)
    VWAP 35,189원 -0.54% ─홀드 (+0.000)
    ST 하락추세 ─홀드 (+0.000)
    RSI 42.3 (기준 30/74) ─홀드 (+0.000)
    BB 34,909~35,901원 현재 35,000원 ─홀드 (+0.000)  ← 하단근접 [●─────────] 9%
    DC  ─홀드  ← 미보유 또는 청산 조건 미해당 (+0.000)
    거래량  MA25대비 0.47x  〰(neutral) (+0.0000)  ← 임계 미달 (기준 ≥1.2/≤0.7x) → 중립
2026-09-02 15:15:00.269 | INFO     | stock_bot.news.crawler:fetch_naver_news:165 - news relevance filter: 3 → 2 (제외 1건) [265740]
2026-09-02 15:15:00.269 | INFO     | stock_bot.news.crawler:fetch_naver_news:170 - fetched 2 news items for 265740
2026-09-02 15:15:00.278 | DEBUG    | stock_bot.live.runner:_news_tick:769 - news 265740 new=0/2 (모두 중복)
2026-09-02 15:15:00.504 | INFO     | stock_bot.news.crawler:fetch_naver_news:165 - news relevance filter: 3 → 1 (제외 2건) [123330]
2026-09-02 15:15:00.505 | INFO     | stock_bot.news.crawler:fetch_naver_news:170 - fetched 1 news items for 123330
2026-09-02 15:15:00.510 | DEBUG    | stock_bot.live.runner:_news_tick:769 - news 123330 new=0/1 (모두 중복)
2026-09-02 15:15:18.919 | INFO     | stock_bot.live.runner:_tick:1471 - 265740 엔에프씨 [ensemble] HOLD score=+0.29 B1/S0 | 현재가 7,110원 | 손절 -2.20%(ATR)
    VWAP 7,238원 -1.76% ▲매수 (+0.294)
    ST 하락추세 ─홀드 (+0.000)
    RSI 41.8 (기준 30/74) ─홀드 (+0.000)
    BB 7,092~7,226원 현재 7,110원 ─홀드 (+0.000)  ← 하단근접 [─●────────] 13%
    DC  ─홀드  ← 미보유 또는 청산 조건 미해당 (+0.000)
    거래량  MA25대비 0.83x  〰(neutral) (+0.0000)  ← 임계 미달 (기준 ≥1.2/≤0.7x) → 중립
2026-09-02 15:15:30.924 | INFO     | stock_bot.live.runner:_tick:1471 - 123330 제닉 [ensemble] HOLD score=+0.00 B0/S0 | 현재가 35,100원 | 손절 -4.00%(ATR)
    VWAP 35,187원 -0.25% ─홀드 (+0.000)
    ST 하락추세 ─홀드 (+0.000)
    RSI 44.3 (기준 30/74) ─홀드 (+0.000)
    BB 34,883~35,887원 현재 35,100원 ─홀드 (+0.000)  ← 하단근접 [──●───────] 22%
    DC  ─홀드  ← 미보유 또는 청산 조건 미해당 (+0.000)
    거래량  MA25대비 1.03x  〰(neutral) (+0.0000)  ← 임계 미달 (기준 ≥1.2/≤0.7x) → 중립
2026-09-02 15:20:00.267 | INFO     | stock_bot.news.crawler:fetch_naver_news:165 - news relevance filter: 3 → 2 (제외 1건) [265740]
2026-09-02 15:20:00.268 | INFO     | stock_bot.news.crawler:fetch_naver_news:170 - fetched 2 news items for 265740
2026-09-02 15:20:00.276 | DEBUG    | stock_bot.live.runner:_news_tick:769 - news 265740 new=0/2 (모두 중복)
2026-09-02 15:20:00.473 | INFO     | stock_bot.news.crawler:fetch_naver_news:165 - news relevance filter: 3 → 1 (제외 2건) [123330]
2026-09-02 15:20:00.474 | INFO     | stock_bot.news.crawler:fetch_naver_news:170 - fetched 1 news items for 123330
2026-09-02 15:20:00.479 | DEBUG    | stock_bot.live.runner:_news_tick:769 - news 123330 new=0/1 (모두 중복)
2026-09-02 15:20:15.850 | INFO     | stock_bot.broker.naver_index:regime_blocks:138 - naver_index: KOSDAQ 일봉 베어(20MA아래 & 10일모멘텀−) → 신규매수 차단
2026-09-02 15:20:15.851 | INFO     | stock_bot.live.runner:_tick:1286 - 265740 [레짐-차단] KOSDAQ 일봉 20MA아래 & 10일모멘텀− → 신규 매수 차단
2026-09-02 15:20:15.868 | INFO     | stock_bot.live.runner:_tick:1471 - 265740 엔에프씨 [ensemble] HOLD score=+0.61 B2/S0 | 현재가 7,080원 | 손절 -2.34%(ATR) | ⚑약세장 차단
    VWAP 7,233원 -2.12% ▲매수 (+0.294)
    ST 하락추세 ─홀드 (+0.000)
    RSI 39.7 (기준 30/74) ─홀드 (+0.000)
    BB 7,070~7,236원 현재 7,080원 ▲매수 (+0.212)
    DC  ─홀드  ← 미보유 또는 청산 조건 미해당 (+0.000)
    거래량  MA25대비 1.70x  ▲(boost) (+0.1000)  ← 점수 조정 +0.1000
2026-09-02 15:20:25.742 | INFO     | stock_bot.live.runner:_tick:1471 - 123330 제닉 [ensemble] HOLD score=+0.00 B0/S0 | 현재가 34,950원 | 손절 -3.88%(ATR)
    VWAP 35,184원 -0.66% ─홀드 (+0.000)
    ST 하락추세 ─홀드 (+0.000)
    RSI 41.5 (기준 30/74) ─홀드 (+0.000)
    BB 34,797~35,903원 현재 34,950원 ─홀드 (+0.000)  ← 하단근접 [─●────────] 14%
    DC  ─홀드  ← 미보유 또는 청산 조건 미해당 (+0.000)
    거래량  MA25대비 0.86x  〰(neutral) (+0.0000)  ← 임계 미달 (기준 ≥1.2/≤0.7x) → 중립
2026-09-02 15:25:02.117 | INFO     | stock_bot.news.crawler:fetch_naver_news:165 - news relevance filter: 3 → 2 (제외 1건) [265740]
2026-09-02 15:25:02.118 | INFO     | stock_bot.news.crawler:fetch_naver_news:170 - fetched 2 news items for 265740
2026-09-02 15:25:02.127 | DEBUG    | stock_bot.live.runner:_news_tick:769 - news 265740 new=0/2 (모두 중복)
2026-09-02 15:25:02.334 | INFO     | stock_bot.news.crawler:fetch_naver_news:165 - news relevance filter: 3 → 1 (제외 2건) [123330]
2026-09-02 15:25:02.335 | INFO     | stock_bot.news.crawler:fetch_naver_news:170 - fetched 1 news items for 123330
2026-09-02 15:25:02.341 | DEBUG    | stock_bot.live.runner:_news_tick:769 - news 123330 new=0/1 (모두 중복)
2026-09-02 15:25:06.659 | INFO     | stock_bot.live.runner:_tick:1471 - 265740 엔에프씨 [ensemble] HOLD score=+0.39 B1/S0 | 현재가 7,080원 | 손절 -2.18%(ATR)
    VWAP 7,233원 -2.12% ▲매수 (+0.294)
    ST 하락추세 ─홀드 (+0.000)
    RSI 39.8 (기준 30/74) ─홀드 (+0.000)
    BB 7,058~7,236원 현재 7,080원 ─홀드 (+0.000)  ← 하단근접 [─●────────] 12%
    DC  ─홀드  ← 미보유 또는 청산 조건 미해당 (+0.000)
    거래량  MA25대비 1.70x  ▲(boost) (+0.1000)  ← 점수 조정 +0.1000
2026-09-02 15:25:12.690 | INFO     | stock_bot.live.runner:_tick:1471 - 123330 제닉 [ensemble] HOLD score=+0.00 B0/S0 | 현재가 34,950원 | 손절 -3.61%(ATR)
    VWAP 35,184원 -0.66% ─홀드 (+0.000)
    ST 하락추세 ─홀드 (+0.000)
    RSI 41.4 (기준 30/74) ─홀드 (+0.000)
    BB 34,750~35,885원 현재 34,950원 ─홀드 (+0.000)  ← 하단근접 [─●────────] 18%
    DC  ─홀드  ← 미보유 또는 청산 조건 미해당 (+0.000)
    거래량  MA25대비 0.86x  〰(neutral) (+0.0000)  ← 임계 미달 (기준 ≥1.2/≤0.7x) → 중립
2026-09-02 15:30:00.299 | INFO     | stock_bot.news.crawler:fetch_naver_news:165 - news relevance filter: 3 → 2 (제외 1건) [265740]
2026-09-02 15:30:00.300 | INFO     | stock_bot.news.crawler:fetch_naver_news:170 - fetched 2 news items for 265740
2026-09-02 15:30:00.308 | DEBUG    | stock_bot.live.runner:_news_tick:769 - news 265740 new=0/2 (모두 중복)
2026-09-02 15:30:00.498 | INFO     | stock_bot.news.crawler:fetch_naver_news:165 - news relevance filter: 3 → 1 (제외 2건) [123330]
2026-09-02 15:30:00.498 | INFO     | stock_bot.news.crawler:fetch_naver_news:170 - fetched 1 news items for 123330
2026-09-02 15:30:00.503 | DEBUG    | stock_bot.live.runner:_news_tick:769 - news 123330 new=0/1 (모두 중복)
2026-09-02 15:30:07.738 | INFO     | stock_bot.live.runner:_tick:1471 - 265740 엔에프씨 [ensemble] HOLD score=+0.39 B1/S0 | 현재가 7,080원 | 손절 -2.03%(ATR)
    VWAP 7,233원 -2.12% ▲매수 (+0.294)
    ST 하락추세 ─홀드 (+0.000)
    RSI 39.8 (기준 30/74) ─홀드 (+0.000)
    BB 7,048~7,235원 현재 7,080원 ─홀드 (+0.000)  ← 하단근접 [─●────────] 17%
    DC  ─홀드  ← 미보유 또는 청산 조건 미해당 (+0.000)
    거래량  MA25대비 1.70x  ▲(boost) (+0.1000)  ← 점수 조정 +0.1000
2026-09-02 15:30:11.792 | INFO     | stock_bot.live.runner:_tick:1471 - 123330 제닉 [ensemble] HOLD score=+0.00 B0/S0 | 현재가 34,950원 | 손절 -3.36%(ATR)
    VWAP 35,184원 -0.66% ─홀드 (+0.000)
    ST 하락추세 ─홀드 (+0.000)
    RSI 41.5 (기준 30/74) ─홀드 (+0.000)
    BB 34,715~35,850원 현재 34,950원 ─홀드 (+0.000)  ← 하단근접 [──●───────] 21%
    DC  ─홀드  ← 미보유 또는 청산 조건 미해당 (+0.000)
    거래량  MA25대비 0.86x  〰(neutral) (+0.0000)  ← 임계 미달 (기준 ≥1.2/≤0.7x) → 중립
2026-09-02 15:35:00.042 | INFO     | stock_bot.live.review:run_daily_review:545 - daily review 2026-09-02 — 0건
2026-09-02 15:35:51.042 | WARNING  | stock_bot.live.review:_call_claude_no_trade:477 - 무체결 리뷰 JSON 디코딩 실패: Expecting ',' delimiter: line 1 column 1603 (char 1602) | raw={"summary": "2026-09-02 코스피 6,562.72(-3.99%) 급락·코스닥 803.98(-2.10%) 동반 하락의 명확한 리스크오프 장세에서, 감시 2종목이 전원 하락(엔에프씨 -2.48%·제닉 -1.00%, 평균 -1.74%)한 종목 약세일에 봇은 체결 0건. 지수 -3.99% 붕괴 속 하락 종목에 평균회귀 매수를 넣지 않은 무진입은 손실 회피 = 올바른 규율이며, 임계값 완화의 반대 근거로 카운트한다.", "findings": ["코스피 -3.99%는 단발 급락이 아니라 광범위 리스크오프 신호이며, 이런 날 평
2026-09-02 15:35:51.054 | WARNING  | stock_bot.live.review:_call_claude_no_trade:481 - 무체결 리뷰 JSON 파싱 실패 — 정규식 salvage 사용 (raw 1603자)
2026-09-02 16:00:00.890 | INFO     | stock_bot.news.crawler:fetch_naver_news:165 - news relevance filter: 3 → 2 (제외 1건) [265740]
2026-09-02 16:00:00.905 | INFO     | stock_bot.news.crawler:fetch_naver_news:170 - fetched 2 news items for 265740
2026-09-02 16:00:00.915 | DEBUG    | stock_bot.live.runner:_news_tick:769 - news 265740 new=0/2 (모두 중복)
2026-09-02 16:00:01.123 | INFO     | stock_bot.news.crawler:fetch_naver_news:165 - news relevance filter: 3 → 1 (제외 2건) [123330]
2026-09-02 16:00:01.124 | INFO     | stock_bot.news.crawler:fetch_naver_news:170 - fetched 1 news items for 123330
2026-09-02 16:00:01.129 | DEBUG    | stock_bot.live.runner:_news_tick:769 - news 123330 new=0/1 (모두 중복)
2026-09-02 17:00:00.314 | INFO     | stock_bot.news.crawler:fetch_naver_news:165 - news relevance filter: 3 → 2 (제외 1건) [265740]
2026-09-02 17:00:00.315 | INFO     | stock_bot.news.crawler:fetch_naver_news:170 - fetched 2 news items for 265740
2026-09-02 17:00:00.324 | DEBUG    | stock_bot.live.runner:_news_tick:769 - news 265740 new=0/2 (모두 중복)
2026-09-02 17:00:00.521 | INFO     | stock_bot.news.crawler:fetch_naver_news:165 - news relevance filter: 3 → 1 (제외 2건) [123330]
2026-09-02 17:00:00.522 | INFO     | stock_bot.news.crawler:fetch_naver_news:170 - fetched 1 news items for 123330
2026-09-02 17:00:00.527 | DEBUG    | stock_bot.live.runner:_news_tick:769 - news 123330 new=0/1 (모두 중복)
2026-09-02 17:22:53.869 | INFO     | stock_bot.notify.metrics:start_metrics_server:30 - metrics server on :9100
2026-09-02 17:22:53.886 | INFO     | stock_bot.live.runner:_start_env_watcher:1747 - env watcher started (1s poll, scope=스톡봇)
2026-09-02 17:22:58.180 | INFO     | stock_bot.live.runner:run_live:1768 - live runner started, mode=모의투자 interval=5min
2026-09-02 17:22:58.188 | INFO     | stock_bot.live.runner:run_live:1834 - news crawl: 5min intraday (critical→instant tick), 60min off-hours (llm=True)
2026-09-02 17:22:58.191 | INFO     | stock_bot.live.runner:run_live:1851 - daily review scheduled: mon-fri 15:35 KST
2026-09-02 17:22:58.193 | INFO     | stock_bot.live.runner:run_live:1861 - cost report scheduled: daily 00:00 KST
2026-09-02 17:22:58.196 | INFO     | stock_bot.live.runner:run_live:1871 - daily backup scheduled: daily 00:05 KST
2026-09-02 17:23:47.643 | INFO     | stock_bot.live.runner:_is_trading_day:602 - 거래일 판정 2026-09-02 → 거래일 (출처: exchange_calendars)
2026-09-02 17:23:48.879 | INFO     | stock_bot.news.crawler:fetch_naver_news:165 - news relevance filter: 50 → 16 (제외 34건) [034020]
2026-09-02 17:23:48.880 | INFO     | stock_bot.news.crawler:fetch_naver_news:170 - fetched 16 news items for 034020
2026-09-02 17:24:18.231 | INFO     | stock_bot.live.runner:_news_tick:808 - news 034020 new=8/16 critical=0 llm_batch=1
2026-09-02 17:24:18.799 | INFO     | stock_bot.news.crawler:fetch_naver_news:165 - news relevance filter: 10 → 2 (제외 8건) [241560]
2026-09-02 17:24:18.800 | INFO     | stock_bot.news.crawler:fetch_naver_news:170 - fetched 2 news items for 241560
2026-09-02 17:24:29.118 | INFO     | stock_bot.live.runner:_news_tick:808 - news 241560 new=1/2 critical=0 llm_batch=1
2026-09-02 17:24:29.384 | INFO     | stock_bot.news.crawler:fetch_naver_news:165 - news relevance filter: 3 → 1 (제외 2건) [123330]
2026-09-02 17:24:29.385 | INFO     | stock_bot.news.crawler:fetch_naver_news:170 - fetched 1 news items for 123330
2026-09-02 17:24:29.392 | DEBUG    | stock_bot.live.runner:_news_tick:769 - news 123330 new=0/1 (모두 중복)
2026-09-02 17:34:55.313 | INFO     | stock_bot.notify.metrics:start_metrics_server:30 - metrics server on :9100
2026-09-02 17:34:55.333 | INFO     | stock_bot.live.runner:_start_env_watcher:1750 - env watcher started (1s poll, scope=스톡봇)
2026-09-02 17:34:59.632 | INFO     | stock_bot.live.runner:run_live:1771 - live runner started, mode=모의투자 interval=5min
2026-09-02 17:34:59.640 | INFO     | stock_bot.live.runner:run_live:1837 - news crawl: 5min intraday (critical→instant tick), 60min off-hours (llm=True)
2026-09-02 17:34:59.642 | INFO     | stock_bot.live.runner:run_live:1854 - daily review scheduled: mon-fri 15:35 KST
2026-09-02 17:34:59.644 | INFO     | stock_bot.live.runner:run_live:1864 - cost report scheduled: daily 00:00 KST
2026-09-02 17:34:59.646 | INFO     | stock_bot.live.runner:run_live:1874 - daily backup scheduled: daily 00:05 KST
2026-09-02 17:35:49.383 | INFO     | stock_bot.live.runner:_is_trading_day:605 - 거래일 판정 2026-09-02 → 거래일 (출처: exchange_calendars)
2026-09-02 17:35:49.834 | INFO     | stock_bot.news.crawler:fetch_naver_news:165 - news relevance filter: 3 → 2 (제외 1건) [034020]
2026-09-02 17:35:49.836 | INFO     | stock_bot.news.crawler:fetch_naver_news:170 - fetched 2 news items for 034020
2026-09-02 17:36:16.970 | INFO     | stock_bot.live.runner:_news_tick:811 - news 034020 new=1/2 critical=0 llm_batch=1
2026-09-02 17:36:17.969 | INFO     | stock_bot.news.crawler:fetch_naver_news:170 - fetched 1 news items for 241560
2026-09-02 17:36:17.982 | DEBUG    | stock_bot.live.runner:_news_tick:772 - news 241560 new=0/1 (모두 중복)
2026-09-02 17:36:18.322 | INFO     | stock_bot.news.crawler:fetch_naver_news:165 - news relevance filter: 3 → 1 (제외 2건) [123330]
2026-09-02 17:36:18.323 | INFO     | stock_bot.news.crawler:fetch_naver_news:170 - fetched 1 news items for 123330
2026-09-02 17:36:18.331 | DEBUG    | stock_bot.live.runner:_news_tick:772 - news 123330 new=0/1 (모두 중복)
2026-09-02 18:00:00.368 | INFO     | stock_bot.news.crawler:fetch_naver_news:165 - news relevance filter: 1 → 0 (제외 1건) [034020]
2026-09-02 18:00:00.369 | INFO     | stock_bot.news.crawler:fetch_naver_news:170 - fetched 0 news items for 034020
2026-09-02 18:00:00.371 | DEBUG    | stock_bot.live.runner:_news_tick:772 - news 034020 new=0/0 (모두 중복)
2026-09-02 18:00:00.606 | INFO     | stock_bot.news.crawler:fetch_naver_news:170 - fetched 1 news items for 241560
2026-09-02 18:00:00.612 | DEBUG    | stock_bot.live.runner:_news_tick:772 - news 241560 new=0/1 (모두 중복)
2026-09-02 18:00:00.828 | INFO     | stock_bot.news.crawler:fetch_naver_news:165 - news relevance filter: 3 → 1 (제외 2건) [123330]
2026-09-02 18:00:00.829 | INFO     | stock_bot.news.crawler:fetch_naver_news:170 - fetched 1 news items for 123330
2026-09-02 18:00:00.835 | DEBUG    | stock_bot.live.runner:_news_tick:772 - news 123330 new=0/1 (모두 중복)
2026-09-02 18:32:01.585 | INFO     | stock_bot.notify.metrics:start_metrics_server:30 - metrics server on :9100
2026-09-02 18:32:01.616 | INFO     | stock_bot.live.runner:_start_env_watcher:1750 - env watcher started (1s poll, scope=스톡봇)
2026-09-02 18:32:06.166 | INFO     | stock_bot.live.runner:run_live:1771 - live runner started, mode=모의투자 interval=5min
2026-09-02 18:32:06.172 | INFO     | stock_bot.live.runner:run_live:1837 - news crawl: 5min intraday (critical→instant tick), 60min off-hours (llm=True)
2026-09-02 18:32:06.175 | INFO     | stock_bot.live.runner:run_live:1854 - daily review scheduled: mon-fri 15:35 KST
2026-09-02 18:32:06.177 | INFO     | stock_bot.live.runner:run_live:1864 - cost report scheduled: daily 00:00 KST
2026-09-02 18:32:06.179 | INFO     | stock_bot.live.runner:run_live:1874 - daily backup scheduled: daily 00:05 KST
2026-09-02 18:32:55.771 | INFO     | stock_bot.live.runner:_is_trading_day:605 - 거래일 판정 2026-09-02 → 거래일 (출처: exchange_calendars)
2026-09-02 18:32:56.269 | INFO     | stock_bot.news.crawler:fetch_naver_news:165 - news relevance filter: 3 → 2 (제외 1건) [034020]
2026-09-02 18:32:56.270 | INFO     | stock_bot.news.crawler:fetch_naver_news:170 - fetched 2 news items for 034020
2026-09-02 18:33:24.806 | INFO     | stock_bot.live.runner:_news_tick:811 - news 034020 new=1/2 critical=0 llm_batch=1
2026-09-02 18:33:26.080 | INFO     | stock_bot.news.crawler:fetch_naver_news:170 - fetched 1 news items for 241560
2026-09-02 18:33:26.090 | DEBUG    | stock_bot.live.runner:_news_tick:772 - news 241560 new=0/1 (모두 중복)
2026-09-02 18:33:26.416 | INFO     | stock_bot.news.crawler:fetch_naver_news:165 - news relevance filter: 3 → 1 (제외 2건) [123330]
2026-09-02 18:33:26.417 | INFO     | stock_bot.news.crawler:fetch_naver_news:170 - fetched 1 news items for 123330
2026-09-02 18:33:26.424 | DEBUG    | stock_bot.live.runner:_news_tick:772 - news 123330 new=0/1 (모두 중복)
2026-09-02 18:37:43.679 | INFO     | stock_bot.notify.metrics:start_metrics_server:30 - metrics server on :9100
2026-09-02 18:37:43.690 | INFO     | stock_bot.live.runner:_start_env_watcher:1750 - env watcher started (1s poll, scope=스톡봇)
2026-09-02 18:37:47.639 | INFO     | stock_bot.live.runner:run_live:1771 - live runner started, mode=모의투자 interval=5min
2026-09-02 18:37:47.646 | INFO     | stock_bot.live.runner:run_live:1837 - news crawl: 5min intraday (critical→instant tick), 60min off-hours (llm=True)
2026-09-02 18:37:47.649 | INFO     | stock_bot.live.runner:run_live:1854 - daily review scheduled: mon-fri 15:35 KST
2026-09-02 18:37:47.651 | INFO     | stock_bot.live.runner:run_live:1864 - cost report scheduled: daily 00:00 KST
2026-09-02 18:37:47.658 | INFO     | stock_bot.live.runner:run_live:1874 - daily backup scheduled: daily 00:05 KST
2026-09-02 18:38:36.627 | INFO     | stock_bot.live.runner:_is_trading_day:605 - 거래일 판정 2026-09-02 → 거래일 (출처: exchange_calendars)
2026-09-02 18:38:37.118 | INFO     | stock_bot.news.crawler:fetch_naver_news:165 - news relevance filter: 3 → 2 (제외 1건) [034020]
2026-09-02 18:38:37.120 | INFO     | stock_bot.news.crawler:fetch_naver_news:170 - fetched 2 news items for 034020
2026-09-02 18:38:37.141 | DEBUG    | stock_bot.live.runner:_news_tick:772 - news 034020 new=0/2 (모두 중복)
2026-09-02 18:38:37.439 | INFO     | stock_bot.news.crawler:fetch_naver_news:170 - fetched 1 news items for 241560
2026-09-02 18:38:37.449 | DEBUG    | stock_bot.live.runner:_news_tick:772 - news 241560 new=0/1 (모두 중복)
2026-09-02 18:38:37.746 | INFO     | stock_bot.news.crawler:fetch_naver_news:165 - news relevance filter: 3 → 1 (제외 2건) [123330]
2026-09-02 18:38:37.747 | INFO     | stock_bot.news.crawler:fetch_naver_news:170 - fetched 1 news items for 123330
2026-09-02 18:38:37.761 | DEBUG    | stock_bot.live.runner:_news_tick:772 - news 123330 new=0/1 (모두 중복)
2026-09-02 19:00:00.639 | INFO     | stock_bot.news.crawler:fetch_naver_news:165 - news relevance filter: 4 → 2 (제외 2건) [034020]
2026-09-02 19:00:00.640 | INFO     | stock_bot.news.crawler:fetch_naver_news:170 - fetched 2 news items for 034020
2026-09-02 19:00:00.649 | DEBUG    | stock_bot.live.runner:_news_tick:772 - news 034020 new=0/2 (모두 중복)
2026-09-02 19:00:00.870 | INFO     | stock_bot.news.crawler:fetch_naver_news:170 - fetched 1 news items for 241560
2026-09-02 19:00:00.875 | DEBUG    | stock_bot.live.runner:_news_tick:772 - news 241560 new=0/1 (모두 중복)
2026-09-02 19:00:01.084 | INFO     | stock_bot.news.crawler:fetch_naver_news:165 - news relevance filter: 3 → 1 (제외 2건) [123330]
2026-09-02 19:00:01.085 | INFO     | stock_bot.news.crawler:fetch_naver_news:170 - fetched 1 news items for 123330
2026-09-02 19:00:01.090 | DEBUG    | stock_bot.live.runner:_news_tick:772 - news 123330 new=0/1 (모두 중복)
2026-09-02 20:00:00.364 | INFO     | stock_bot.news.crawler:fetch_naver_news:165 - news relevance filter: 4 → 2 (제외 2건) [034020]
2026-09-02 20:00:00.365 | INFO     | stock_bot.news.crawler:fetch_naver_news:170 - fetched 2 news items for 034020
2026-09-02 20:00:00.423 | DEBUG    | stock_bot.live.runner:_news_tick:772 - news 034020 new=0/2 (모두 중복)
2026-09-02 20:00:00.698 | INFO     | stock_bot.news.crawler:fetch_naver_news:170 - fetched 1 news items for 241560
2026-09-02 20:00:00.703 | DEBUG    | stock_bot.live.runner:_news_tick:772 - news 241560 new=0/1 (모두 중복)
2026-09-02 20:00:00.897 | INFO     | stock_bot.news.crawler:fetch_naver_news:165 - news relevance filter: 3 → 1 (제외 2건) [123330]
2026-09-02 20:00:00.898 | INFO     | stock_bot.news.crawler:fetch_naver_news:170 - fetched 1 news items for 123330
2026-09-02 20:00:00.903 | DEBUG    | stock_bot.live.runner:_news_tick:772 - news 123330 new=0/1 (모두 중복)
2026-09-02 20:12:39.980 | INFO     | stock_bot.notify.metrics:start_metrics_server:30 - metrics server on :9100
2026-09-02 20:12:39.983 | INFO     | stock_bot.live.runner:_start_env_watcher:1750 - env watcher started (1s poll, scope=스톡봇)
2026-09-02 20:12:43.960 | INFO     | stock_bot.live.runner:run_live:1771 - live runner started, mode=모의투자 interval=5min
2026-09-02 20:12:43.967 | INFO     | stock_bot.live.runner:run_live:1837 - news crawl: 5min intraday (critical→instant tick), 60min off-hours (llm=True)
2026-09-02 20:12:43.970 | INFO     | stock_bot.live.runner:run_live:1854 - daily review scheduled: mon-fri 15:35 KST
2026-09-02 20:12:43.972 | INFO     | stock_bot.live.runner:run_live:1864 - cost report scheduled: daily 00:00 KST
2026-09-02 20:12:43.974 | INFO     | stock_bot.live.runner:run_live:1874 - daily backup scheduled: daily 00:05 KST
2026-09-02 20:13:33.206 | INFO     | stock_bot.live.runner:_is_trading_day:605 - 거래일 판정 2026-09-02 → 거래일 (출처: exchange_calendars)
2026-09-02 20:13:33.730 | INFO     | stock_bot.news.crawler:fetch_naver_news:165 - news relevance filter: 3 → 1 (제외 2건) [034020]
2026-09-02 20:13:33.731 | INFO     | stock_bot.news.crawler:fetch_naver_news:170 - fetched 1 news items for 034020
2026-09-02 20:13:33.793 | DEBUG    | stock_bot.live.runner:_news_tick:772 - news 034020 new=0/1 (모두 중복)
2026-09-02 20:13:34.123 | INFO     | stock_bot.news.crawler:fetch_naver_news:170 - fetched 1 news items for 241560
2026-09-02 20:13:34.135 | DEBUG    | stock_bot.live.runner:_news_tick:772 - news 241560 new=0/1 (모두 중복)
2026-09-02 20:13:34.482 | INFO     | stock_bot.news.crawler:fetch_naver_news:165 - news relevance filter: 3 → 1 (제외 2건) [123330]
2026-09-02 20:13:34.483 | INFO     | stock_bot.news.crawler:fetch_naver_news:170 - fetched 1 news items for 123330
2026-09-02 20:13:34.493 | DEBUG    | stock_bot.live.runner:_news_tick:772 - news 123330 new=0/1 (모두 중복)
2026-09-02 20:17:45.733 | INFO     | stock_bot.notify.metrics:start_metrics_server:30 - metrics server on :9100
2026-09-02 20:17:45.737 | INFO     | stock_bot.live.runner:_start_env_watcher:1750 - env watcher started (1s poll, scope=스톡봇)
2026-09-02 20:17:49.768 | INFO     | stock_bot.live.runner:run_live:1771 - live runner started, mode=모의투자 interval=5min
2026-09-02 20:17:49.780 | INFO     | stock_bot.live.runner:run_live:1837 - news crawl: 5min intraday (critical→instant tick), 60min off-hours (llm=True)
2026-09-02 20:17:49.782 | INFO     | stock_bot.live.runner:run_live:1854 - daily review scheduled: mon-fri 15:35 KST
2026-09-02 20:17:49.785 | INFO     | stock_bot.live.runner:run_live:1864 - cost report scheduled: daily 00:00 KST
2026-09-02 20:17:49.787 | INFO     | stock_bot.live.runner:run_live:1874 - daily backup scheduled: daily 00:05 KST
2026-09-02 20:18:40.141 | INFO     | stock_bot.live.runner:_is_trading_day:605 - 거래일 판정 2026-09-02 → 거래일 (출처: exchange_calendars)
2026-09-02 20:18:40.673 | INFO     | stock_bot.news.crawler:fetch_naver_news:165 - news relevance filter: 3 → 1 (제외 2건) [034020]
2026-09-02 20:18:40.674 | INFO     | stock_bot.news.crawler:fetch_naver_news:170 - fetched 1 news items for 034020
2026-09-02 20:18:40.738 | DEBUG    | stock_bot.live.runner:_news_tick:772 - news 034020 new=0/1 (모두 중복)
2026-09-02 20:18:41.060 | INFO     | stock_bot.news.crawler:fetch_naver_news:170 - fetched 1 news items for 241560
2026-09-02 20:18:41.069 | DEBUG    | stock_bot.live.runner:_news_tick:772 - news 241560 new=0/1 (모두 중복)
2026-09-02 20:18:41.367 | INFO     | stock_bot.news.crawler:fetch_naver_news:165 - news relevance filter: 3 → 1 (제외 2건) [123330]
2026-09-02 20:18:41.368 | INFO     | stock_bot.news.crawler:fetch_naver_news:170 - fetched 1 news items for 123330
2026-09-02 20:18:41.376 | DEBUG    | stock_bot.live.runner:_news_tick:772 - news 123330 new=0/1 (모두 중복)
2026-09-02 21:00:00.512 | INFO     | stock_bot.news.crawler:fetch_naver_news:165 - news relevance filter: 5 → 1 (제외 4건) [034020]
2026-09-02 21:00:00.514 | INFO     | stock_bot.news.crawler:fetch_naver_news:170 - fetched 1 news items for 034020
2026-09-02 21:00:00.528 | DEBUG    | stock_bot.live.runner:_news_tick:772 - news 034020 new=0/1 (모두 중복)
2026-09-02 21:00:00.753 | INFO     | stock_bot.news.crawler:fetch_naver_news:170 - fetched 1 news items for 241560
2026-09-02 21:00:00.759 | DEBUG    | stock_bot.live.runner:_news_tick:772 - news 241560 new=0/1 (모두 중복)
2026-09-02 21:00:00.965 | INFO     | stock_bot.news.crawler:fetch_naver_news:165 - news relevance filter: 3 → 1 (제외 2건) [123330]
2026-09-02 21:00:00.966 | INFO     | stock_bot.news.crawler:fetch_naver_news:170 - fetched 1 news items for 123330
2026-09-02 21:00:00.971 | DEBUG    | stock_bot.live.runner:_news_tick:772 - news 123330 new=0/1 (모두 중복)
2026-09-02 22:00:00.344 | INFO     | stock_bot.news.crawler:fetch_naver_news:165 - news relevance filter: 6 → 1 (제외 5건) [034020]
2026-09-02 22:00:00.344 | INFO     | stock_bot.news.crawler:fetch_naver_news:170 - fetched 1 news items for 034020
2026-09-02 22:00:00.358 | DEBUG    | stock_bot.live.runner:_news_tick:772 - news 034020 new=0/1 (모두 중복)
2026-09-02 22:00:00.642 | INFO     | stock_bot.news.crawler:fetch_naver_news:170 - fetched 1 news items for 241560
2026-09-02 22:00:00.648 | DEBUG    | stock_bot.live.runner:_news_tick:772 - news 241560 new=0/1 (모두 중복)
2026-09-02 22:00:00.846 | INFO     | stock_bot.news.crawler:fetch_naver_news:165 - news relevance filter: 3 → 1 (제외 2건) [123330]
2026-09-02 22:00:00.847 | INFO     | stock_bot.news.crawler:fetch_naver_news:170 - fetched 1 news items for 123330
2026-09-02 22:00:00.853 | DEBUG    | stock_bot.live.runner:_news_tick:772 - news 123330 new=0/1 (모두 중복)
2026-09-02 23:00:00.344 | INFO     | stock_bot.news.crawler:fetch_naver_news:165 - news relevance filter: 6 → 1 (제외 5건) [034020]
2026-09-02 23:00:00.345 | INFO     | stock_bot.news.crawler:fetch_naver_news:170 - fetched 1 news items for 034020
2026-09-02 23:00:00.358 | DEBUG    | stock_bot.live.runner:_news_tick:772 - news 034020 new=0/1 (모두 중복)
2026-09-02 23:00:00.592 | INFO     | stock_bot.news.crawler:fetch_naver_news:170 - fetched 1 news items for 241560
2026-09-02 23:00:00.597 | DEBUG    | stock_bot.live.runner:_news_tick:772 - news 241560 new=0/1 (모두 중복)
2026-09-02 23:00:00.791 | INFO     | stock_bot.news.crawler:fetch_naver_news:165 - news relevance filter: 3 → 1 (제외 2건) [123330]
2026-09-02 23:00:00.791 | INFO     | stock_bot.news.crawler:fetch_naver_news:170 - fetched 1 news items for 123330
2026-09-02 23:00:00.796 | DEBUG    | stock_bot.live.runner:_news_tick:772 - news 123330 new=0/1 (모두 중복)
